student_id,programme,gpa_100,gpa_200,gpa_300,final_cgpa,at_risk,predicted_final_cgpa,risk_probability,risk_level
NG-STU-0001,Chemical Engineering,3.765957446808511,3.6666666666666665,3.5106382978723403,3.85253456221198,0,3.723918675257989,0.0,LOW
NG-STU-0002,Chemical Engineering,4.468085106382978,4.294117647058823,4.127659574468085,4.38248847926267,0,4.3502975562042,0.0,LOW
NG-STU-0003,Chemical Engineering,4.297872340425532,4.0588235294117645,4.127659574468085,4.26267281105991,0,4.213467203034195,0.0,LOW
NG-STU-0004,Chemical Engineering,3.7872340425531914,3.1818181818181817,3.723404255319149,3.68325791855204,0,3.644870874989794,0.0,LOW
NG-STU-0005,Chemical Engineering,4.191489361702128,4.2075471698113205,4.148936170212766,4.31506849315068,0,4.235087091872044,0.0,LOW
NG-STU-0006,Chemical Engineering,4.191489361702128,3.5294117647058822,4.191489361702128,4.01382488479263,0,4.034140957659098,0.0,LOW
NG-STU-0007,Chemical Engineering,3.872340425531915,2.2586206896551726,2.63265306122449,3.07,0,2.9699926745268925,0.0,LOW
NG-STU-0008,Chemical Engineering,3.893617021276596,2.45,2.7413793103448274,2.96734693877551,0,3.0151172282834646,0.0,LOW
NG-STU-0009,Chemical Engineering,4.127659574468085,3.5686274509803924,3.877551020408163,4.00456621004566,0,3.895738572145301,0.0,LOW
NG-STU-0010,Chemical Engineering,4.617021276595745,4.352941176470588,4.574468085106383,4.49769585253456,0,4.528231322978305,0.0,LOW
NG-STU-0011,Chemical Engineering,3.872340425531915,3.3333333333333335,3.765957446808511,3.84018264840183,0,3.7438162907706274,0.0,LOW
NG-STU-0012,Chemical Engineering,4.595744680851064,4.098039215686274,4.48936170212766,4.44239631336406,0,4.4359069271611755,0.0,LOW
NG-STU-0013,Chemical Engineering,3.5531914893617023,2.514705882352941,2.1578947368421053,2.78651685393258,0,2.7853234889978964,0.0033333333333333335,LOW
NG-STU-0014,Chemical Engineering,4.127659574468085,3.5283018867924527,3.106382978723404,3.61261261261261,0,3.5807640106224126,0.0,LOW
NG-STU-0015,Chemical Engineering,3.8085106382978724,2.693548387096774,2.5172413793103448,3.11885245901639,0,3.010314590647226,0.0,LOW
NG-STU-0016,Chemical Engineering,4.638297872340425,3.7818181818181817,4.276595744680851,4.2579185520362,0,4.255376099773157,0.0,LOW
NG-STU-0017,Chemical Engineering,4.148936170212766,3.764705882352941,3.46,3.90454545454545,0,3.8104222976782514,0.0,LOW
NG-STU-0018,Chemical Engineering,4.361702127659575,4.627450980392157,3.7872340425531914,4.17972350230415,0,4.158588645978069,0.0,LOW
NG-STU-0019,Chemical Engineering,4.127659574468085,3.7735849056603774,4.042553191489362,4.15525114155251,0,4.036550892902186,0.0,LOW
NG-STU-0020,Chemical Engineering,4.361702127659575,3.9622641509433962,4.042553191489362,4.20547945205479,0,4.165090002908314,0.0,LOW
NG-STU-0021,Chemical Engineering,4.319148936170213,3.9019607843137254,3.5319148936170213,4.01818181818182,0,3.9634549976715,0.0,LOW
NG-STU-0022,Chemical Engineering,4.170212765957447,3.5098039215686274,4.0,4.03225806451613,0,3.95863681576683,0.0,LOW
NG-STU-0023,Chemical Engineering,3.7872340425531914,3.411764705882353,3.595744680851064,3.82727272727273,0,3.690224866692864,0.0,LOW
NG-STU-0024,Chemical Engineering,4.468085106382978,2.875,3.0714285714285716,3.39506172839506,0,3.384477189497814,0.0,LOW
NG-STU-0025,Chemical Engineering,4.276595744680851,3.3035714285714284,3.1702127659574466,3.65919282511211,0,3.6100909921578253,0.0,LOW
NG-STU-0026,Chemical Engineering,4.74468085106383,4.411764705882353,4.659574468085107,4.64220183486239,0,4.601006871610326,0.0,LOW
NG-STU-0027,Chemical Engineering,4.191489361702128,3.5555555555555554,3.68,3.99551569506726,0,3.878967103552157,0.0,LOW
NG-STU-0028,Chemical Engineering,3.7872340425531914,3.3636363636363638,2.981132075471698,3.48458149779736,0,3.3933649039416185,0.0,LOW
NG-STU-0029,Chemical Engineering,3.9361702127659575,2.913793103448276,2.8793103448275863,3.33195020746888,0,3.293127468352136,0.0,LOW
NG-STU-0030,Chemical Engineering,3.4468085106382977,3.2222222222222223,2.5714285714285716,3.28138528138528,0,3.0275641726839257,0.0,LOW
NG-STU-0031,Chemical Engineering,4.74468085106383,4.705882352941177,4.74468085106383,4.72811059907834,0,4.716745571798851,0.0,LOW
NG-STU-0032,Chemical Engineering,4.1063829787234045,3.3684210526315788,3.595744680851064,3.36134453781513,0,3.732614973277675,0.0,LOW
NG-STU-0033,Chemical Engineering,4.787234042553192,4.627450980392157,4.531914893617022,4.54377880184332,0,4.602888228361138,0.0,LOW
NG-STU-0034,Chemical Engineering,2.9574468085106385,1.8727272727272728,2.406779661016949,2.64528301886792,0,2.5447736747489977,0.0,LOW
NG-STU-0035,Chemical Engineering,2.765957446808511,1.8846153846153846,2.5538461538461537,2.35769230769231,0,2.565521483262251,0.0,LOW
NG-STU-0036,Chemical Engineering,4.042553191489362,3.2363636363636363,3.1296296296296298,3.70305676855895,0,3.5146608925546543,0.0,LOW
NG-STU-0037,Chemical Engineering,4.297872340425532,3.6226415094339623,4.212765957446808,4.18721461187215,0,4.092361269336371,0.0,LOW
NG-STU-0038,Chemical Engineering,4.851063829787234,4.686274509803922,4.531914893617022,4.59907834101382,0,4.609186238217445,0.0,LOW
NG-STU-0039,Chemical Engineering,4.148936170212766,3.2549019607843137,3.6808510638297873,3.86175115207373,0,3.750155799742568,0.0,LOW
NG-STU-0040,Chemical Engineering,4.0,2.921875,3.106382978723404,3.43162393162393,0,3.383511027943524,0.0,LOW
NG-STU-0041,Chemical Engineering,4.148936170212766,3.206896551724138,3.22,3.64757709251101,0,3.5775495819338303,0.0,LOW
NG-STU-0042,Chemical Engineering,2.9574468085106385,2.2318840579710146,2.5535714285714284,2.98,0,2.615062015516976,0.0033333333333333335,LOW
NG-STU-0043,Chemical Engineering,4.0,3.0689655172413794,2.234042553191489,3.07142857142857,0,2.9897124111423423,0.0,LOW
NG-STU-0044,Chemical Engineering,4.425531914893617,3.8627450980392157,3.24,3.79203539823009,0,3.7470119925987144,0.0,LOW
NG-STU-0045,Chemical Engineering,4.0638297872340425,3.9245283018867925,4.446808510638298,4.33333333333333,0,4.2569387819282065,0.0,LOW
NG-STU-0046,Chemical Engineering,4.425531914893617,3.0327868852459017,3.5208333333333335,3.33852140077821,0,3.5952725906497793,0.0,LOW
NG-STU-0047,Chemical Engineering,4.404255319148936,3.203125,2.9038461538461537,3.54042553191489,0,3.4762730333720135,0.0,LOW
NG-STU-0048,Chemical Engineering,4.425531914893617,3.5925925925925926,3.9574468085106385,4.0,0,3.992405738631843,0.0,LOW
NG-STU-0049,Chemical Engineering,4.127659574468085,3.3684210526315788,3.125,3.41025641025641,0,3.547636703041366,0.0,LOW
NG-STU-0050,Chemical Engineering,4.23404255319149,2.7962962962962963,2.4328358208955225,2.75,0,3.01686753891929,0.0,LOW
NG-STU-0051,Chemical Engineering,4.638297872340425,4.538461538461538,4.702127659574468,4.58715596330275,0,4.676729441199447,0.0,LOW
NG-STU-0052,Chemical Engineering,3.4680851063829787,2.086206896551724,2.7586206896551726,2.70161290322581,0,2.8469249818643947,0.0,LOW
NG-STU-0053,Chemical Engineering,4.0212765957446805,3.5,1.7246376811594204,2.52559726962457,0,2.7493776278341833,0.0,LOW
NG-STU-0054,Chemical Engineering,4.404255319148936,3.8518518518518516,4.297872340425532,4.20909090909091,0,4.23958619534222,0.0,LOW
NG-STU-0055,Chemical Engineering,4.702127659574468,3.7115384615384617,4.48936170212766,4.36697247706422,0,4.30712828723646,0.0,LOW
NG-STU-0056,Chemical Engineering,4.0638297872340425,3.58,4.211538461538462,4.03930131004367,0,4.0170473869902485,0.0,LOW
NG-STU-0057,Chemical Engineering,3.9148936170212765,3.4423076923076925,3.872340425531915,3.84403669724771,0,3.8561305827045107,0.0,LOW
NG-STU-0058,Chemical Engineering,4.914893617021277,4.6923076923076925,4.9361702127659575,4.8302752293578,0,4.801531130410805,0.0,LOW
NG-STU-0059,Chemical Engineering,4.553191489361702,4.038461538461538,4.042553191489362,4.20183486238532,0,4.20907669997161,0.0,LOW
NG-STU-0060,Chemical Engineering,3.723404255319149,3.7142857142857144,3.3125,3.60986547085202,0,3.621494237956871,0.0,LOW
NG-STU-0061,Chemical Engineering,4.48936170212766,3.8846153846153846,4.382978723404255,4.15596330275229,0,4.29928371375482,0.0,LOW
NG-STU-0062,Chemical Engineering,4.276595744680851,3.129032258064516,2.272727272727273,3.14285714285714,0,3.0861028941990476,0.0,LOW
NG-STU-0063,Chemical Engineering,3.9361702127659575,3.4464285714285716,3.723404255319149,3.68468468468468,0,3.8018884391928576,0.0,LOW
NG-STU-0064,Chemical Engineering,3.9574468085106385,3.0,2.5964912280701755,2.88,0,3.0753562648199724,0.0,LOW
NG-STU-0065,Chemical Engineering,3.8085106382978724,2.389830508474576,2.0,2.45263157894737,0,2.7132703356414574,0.0033333333333333335,LOW
NG-STU-0066,Chemical Engineering,4.148936170212766,2.740740740740741,2.671875,2.8359375,0,3.1407278310837845,0.0,LOW
NG-STU-0067,Chemical Engineering,4.297872340425532,3.017857142857143,2.7884615384615383,3.53191489361702,0,3.4186634603407944,0.0,LOW
NG-STU-0068,Chemical Engineering,3.8085106382978724,3.169811320754717,2.610169491525424,2.62921348314607,0,3.0657764343160814,0.0,LOW
NG-STU-0069,Chemical Engineering,4.808510638297872,4.038461538461538,4.361702127659575,4.23394495412844,0,4.352422934735819,0.0,LOW
NG-STU-0070,Chemical Engineering,3.4680851063829787,2.9482758620689653,2.8846153846153846,3.03361344537815,0,3.1814645134725335,0.0,LOW
NG-STU-0071,Chemical Engineering,4.148936170212766,3.7037037037037037,3.938775510204082,3.97777777777778,0,3.989070022686162,0.0,LOW
NG-STU-0072,Chemical Engineering,4.638297872340425,4.153846153846154,3.851063829787234,3.99553571428571,0,4.129606058086049,0.0,LOW
NG-STU-0073,Chemical Engineering,4.276595744680851,4.0,4.446808510638298,4.47511312217195,0,4.321251874095892,0.0,LOW
NG-STU-0074,Chemical Engineering,4.0638297872340425,2.9166666666666665,3.6595744680851063,3.40350877192982,0,3.567439681155822,0.0,LOW
NG-STU-0075,Chemical Engineering,4.553191489361702,4.018518518518518,4.340425531914893,4.35909090909091,0,4.329863397713716,0.0,LOW
NG-STU-0076,Chemical Engineering,3.617021276595745,3.0535714285714284,2.74468085106383,3.07725321888412,0,3.2299405034151323,0.0,LOW
NG-STU-0077,Chemical Engineering,4.0,3.4107142857142856,3.9148936170212765,3.72566371681416,0,3.820246492763235,0.0,LOW
NG-STU-0078,Chemical Engineering,3.404255319148936,2.390625,2.2058823529411766,2.56445993031359,0,2.7477795466645096,0.0,LOW
NG-STU-0079,Chemical Engineering,4.212765957446808,3.767857142857143,4.361702127659575,4.19369369369369,0,4.175529505284772,0.0,LOW
NG-STU-0080,Chemical Engineering,4.170212765957447,3.240740740740741,3.5294117647058822,3.66968325791855,0,3.6403794490306556,0.0,LOW
NG-STU-0081,Chemical Engineering,4.042553191489362,2.6551724137931036,2.3333333333333335,2.70238095238095,0,2.8820891712832926,0.0,LOW
NG-STU-0082,Chemical Engineering,4.297872340425532,3.1206896551724137,3.2127659574468086,3.55066079295154,0,3.568162765135635,0.0,LOW
NG-STU-0083,Chemical Engineering,4.659574468085107,3.8846153846153846,4.12,4.22321428571429,0,4.247566497670269,0.0,LOW
NG-STU-0084,Chemical Engineering,4.0638297872340425,3.357142857142857,3.111111111111111,3.50655021834061,0,3.537736382818285,0.0,LOW
NG-STU-0085,Chemical Engineering,4.170212765957447,3.4423076923076925,3.857142857142857,3.75225225225225,0,3.8674267637222948,0.0,LOW
NG-STU-0086,Chemical Engineering,4.787234042553192,4.326923076923077,4.617021276595745,4.35321100917431,0,4.544699336769087,0.0,LOW
NG-STU-0087,Chemical Engineering,4.23404255319149,2.737704918032787,2.6481481481481484,2.88932806324111,0,3.14542273036979,0.0,LOW
NG-STU-0088,Chemical Engineering,4.74468085106383,4.096153846153846,4.638297872340425,4.18807339449541,0,4.483277105236778,0.0,LOW
NG-STU-0089,Chemical Engineering,4.361702127659575,2.9655172413793105,4.1063829787234045,3.80530973451327,0,3.8053669519143085,0.0,LOW
NG-STU-0090,Chemical Engineering,4.148936170212766,3.452830188679245,3.0,3.36909871244635,0,3.5046205711587386,0.0,LOW
NG-STU-0091,Chemical Engineering,4.297872340425532,3.1379310344827585,3.382978723404255,3.42794759825328,0,3.637428858966386,0.0,LOW
NG-STU-0092,Chemical Engineering,3.5531914893617023,2.466666666666667,2.673469387755102,3.06779661016949,0,2.989283408383746,0.0,LOW
NG-STU-0093,Chemical Engineering,4.276595744680851,4.0576923076923075,3.5106382978723403,3.90497737556561,0,3.9687471228895013,0.0,LOW
NG-STU-0094,Chemical Engineering,3.6122448979591835,3.549019607843137,1.859375,2.66058394160584,0,2.766166621888227,0.0,LOW
NG-STU-0095,Chemical Engineering,3.702127659574468,3.0793650793650795,3.911111111111111,3.80973451327434,0,3.6181002946879603,0.0,LOW
NG-STU-0096,Chemical Engineering,4.1063829787234045,3.769230769230769,4.4222222222222225,4.22325581395349,0,4.151103100483462,0.0,LOW
NG-STU-0097,Chemical Engineering,4.212765957446808,4.096153846153846,4.444444444444445,4.41395348837209,0,4.321251874095892,0.0,LOW
NG-STU-0098,Chemical Engineering,4.0638297872340425,2.75,2.673076923076923,3.30869565217391,0,3.1656084596405694,0.0,LOW
NG-STU-0099,Chemical Engineering,3.765957446808511,2.9423076923076925,2.6363636363636362,3.28947368421053,0,3.2181482888293025,0.0,LOW
NG-STU-0100,Chemical Engineering,4.702127659574468,3.9615384615384617,4.266666666666667,4.4093023255814,0,4.34195646238389,0.0,LOW
NG-STU-0101,Chemical Engineering,3.148936170212766,2.2388059701492535,2.176470588235294,2.33762057877814,0,2.5343143019517584,0.0,LOW
NG-STU-0102,Chemical Engineering,4.787234042553192,4.365384615384615,4.6,4.53488372093023,0,4.544699336769087,0.0,LOW
NG-STU-0103,Chemical Engineering,4.23404255319149,3.5925925925925926,3.8666666666666667,4.06912442396313,0,3.939121128747018,0.0,LOW
NG-STU-0104,Chemical Engineering,4.148936170212766,3.3653846153846154,3.4444444444444446,3.71627906976744,0,3.693058117107396,0.0,LOW
NG-STU-0105,Chemical Engineering,3.7872340425531914,3.3703703703703702,2.893617021276596,3.03673469387755,0,3.389105032402348,0.0,LOW
NG-STU-0106,Chemical Engineering,4.0638297872340425,3.425925925925926,3.688888888888889,3.84792626728111,0,3.8250290897524097,0.0,LOW
NG-STU-0107,Chemical Engineering,3.9361702127659575,3.5576923076923075,3.466666666666667,3.8046511627907,0,3.709141715436391,0.0,LOW
NG-STU-0108,Chemical Engineering,4.0638297872340425,3.826923076923077,3.888888888888889,4.07906976744186,0,3.9636192781831214,0.0,LOW
NG-STU-0109,Chemical Engineering,4.595744680851064,4.615384615384615,4.555555555555555,4.66046511627907,0,4.610619955640611,0.0,LOW
NG-STU-0110,Chemical Engineering,3.106382978723404,1.8888888888888888,1.9824561403508771,2.46212121212121,0,2.4278866319904835,0.006666666666666667,LOW
NG-STU-0111,Chemical Engineering,4.170212765957447,3.5961538461538463,4.4,4.2093023255814,0,4.09572697405835,0.0,LOW
NG-STU-0112,Chemical Engineering,3.723404255319149,3.2711864406779663,3.1702127659574466,3.18884120171674,0,3.476939022377839,0.0,LOW
NG-STU-0113,Chemical Engineering,4.574468085106383,3.730769230769231,3.9361702127659575,4.00917431192661,0,4.054166768014701,0.0,LOW
NG-STU-0114,Chemical Engineering,4.0,3.1785714285714284,2.9361702127659575,3.22510822510823,0,3.386495416380648,0.0,LOW
NG-STU-0115,Chemical Engineering,3.1914893617021276,2.6065573770491803,3.0980392156862746,3.27586206896552,0,3.175453294235453,0.0,LOW
NG-STU-0116,Chemical Engineering,4.148936170212766,3.1296296296296298,3.489795918367347,3.83333333333333,0,3.6392550215812087,0.0,LOW
NG-STU-0117,Chemical Engineering,3.1702127659574466,2.5964912280701755,3.04,3.33620689655172,0,3.082477555976371,0.0,LOW
NG-STU-0118,Chemical Engineering,4.851063829787234,4.576923076923077,4.48936170212766,4.6697247706422,0,4.616672934298175,0.0,LOW
NG-STU-0119,Chemical Engineering,4.404255319148936,4.0,4.166666666666667,4.24090909090909,0,4.271663280605708,0.0,LOW
NG-STU-0120,Chemical Engineering,3.574468085106383,2.8392857142857144,3.127659574468085,3.45132743362832,0,3.3383051915341007,0.0,LOW
NG-STU-0121,Chemical Engineering,4.638297872340425,4.090909090909091,4.340425531914893,4.45701357466063,0,4.3359607768933195,0.0,LOW
NG-STU-0122,Chemical Engineering,4.425531914893617,4.173076923076923,4.723404255319149,4.55963302752294,0,4.555714753823145,0.0,LOW
NG-STU-0123,Chemical Engineering,4.553191489361702,4.115384615384615,4.361702127659575,4.44954128440367,0,4.368916841412714,0.0,LOW
NG-STU-0124,Chemical Engineering,3.021276595744681,2.5,2.5625,2.88065843621399,0,2.784271260619688,0.0,LOW
NG-STU-0125,Chemical Engineering,4.808510638297872,4.218181818181818,4.553191489361702,4.50678733031674,0,4.493311246879152,0.0,LOW
NG-STU-0126,Chemical Engineering,3.7872340425531914,3.462962962962963,3.2127659574468086,3.56637168141593,0,3.5572041707170428,0.0,LOW
NG-STU-0127,Chemical Engineering,4.702127659574468,3.8727272727272726,3.851063829787234,4.10407239819004,0,4.092692131439358,0.0,LOW
NG-STU-0128,Chemical Engineering,3.9574468085106385,3.388888888888889,3.6595744680851063,3.67272727272727,0,3.712573501648273,0.0,LOW
NG-STU-0129,Chemical Engineering,3.234042553191489,2.3278688524590163,2.96,3.03389830508475,0,3.0041212567958375,0.0,LOW
NG-STU-0130,Chemical Engineering,4.808510638297872,4.403846153846154,4.531914893617022,4.5045871559633,0,4.5267976055551395,0.0,LOW
NG-STU-0131,Chemical Engineering,3.297872340425532,3.269230769230769,3.5833333333333335,3.55454545454545,0,3.563900882443981,0.0,LOW
NG-STU-0132,Chemical Engineering,4.127659574468085,3.537037037037037,3.872340425531915,3.72645739910314,0,3.879271233264063,0.0,LOW
NG-STU-0133,Chemical Engineering,4.723404255319149,4.3076923076923075,4.276595744680851,4.46788990825688,0,4.420590737982383,0.0,LOW
NG-STU-0134,Chemical Engineering,4.787234042553192,4.288461538461538,4.829787234042553,4.64678899082569,0,4.639233566965653,0.0,LOW
NG-STU-0135,Chemical Engineering,4.0,3.107142857142857,3.9361702127659575,3.72522522522523,0,3.7112700004719357,0.0,LOW
NG-STU-0136,Chemical Engineering,3.893617021276596,3.4727272727272727,3.297872340425532,3.59276018099548,0,3.626807414420054,0.0,LOW
NG-STU-0137,Chemical Engineering,4.276595744680851,4.0576923076923075,3.8085106382978724,4.03619909502262,0,4.074187056941867,0.0,LOW
NG-STU-0138,Chemical Engineering,4.340425531914893,3.1818181818181817,3.36734693877551,3.61471861471861,0,3.637428858966386,0.0,LOW
NG-STU-0139,Chemical Engineering,3.2127659574468086,2.8771929824561404,2.276595744680851,2.71489361702128,0,2.806444886960262,0.0,LOW
NG-STU-0140,Chemical Engineering,4.425531914893617,4.0,4.375,4.33632286995516,0,4.320170872462383,0.0,LOW
NG-STU-0141,Chemical Engineering,3.5106382978723403,2.7884615384615383,3.34,3.2511013215859,0,3.2707559195935154,0.0,LOW
NG-STU-0142,Chemical Engineering,3.978723404255319,2.9298245614035086,3.4166666666666665,3.30869565217391,0,3.491628818222222,0.0,LOW
NG-STU-0143,Chemical Engineering,4.787234042553192,4.423076923076923,4.170212765957447,4.37614678899083,0,4.382555474425918,0.0,LOW
NG-STU-0144,Chemical Engineering,4.212765957446808,3.75,3.6595744680851063,3.83035714285714,0,3.9129650206219293,0.0,LOW
NG-STU-0145,Chemical Engineering,3.872340425531915,3.3454545454545452,3.4893617021276597,3.56053811659193,0,3.6427744612335187,0.0,LOW
NG-STU-0146,Chemical Engineering,4.680851063829787,4.134615384615385,4.276595744680851,4.37614678899083,0,4.369997530060579,0.0,LOW
NG-STU-0147,Chemical Engineering,3.978723404255319,2.3442622950819674,2.2115384615384617,2.93172690763052,0,2.8277766570094482,0.0033333333333333335,LOW
NG-STU-0148,Chemical Engineering,4.212765957446808,3.6315789473684212,3.702127659574468,3.85840707964602,0,3.894779305458446,0.0,LOW
NG-STU-0149,Chemical Engineering,3.851063829787234,2.7796610169491527,3.1458333333333335,3.1587982832618,0,3.315658266566727,0.0,LOW
NG-STU-0150,Chemical Engineering,3.3404255319148937,3.0526315789473686,3.1914893617021276,3.09170305676856,0,3.2881761735086625,0.0,LOW
NG-STU-0151,Chemical Engineering,3.276595744680851,2.1639344262295084,2.52,2.9045643153527,0,2.7085232098803207,0.0,LOW
NG-STU-0152,Chemical Engineering,4.8936170212765955,4.711538461538462,4.851063829787234,4.86238532110092,0,4.800151744298062,0.0,LOW
NG-STU-0153,Chemical Engineering,3.851063829787234,3.6538461538461537,3.9148936170212765,3.85388127853881,0,3.9060647326926743,0.0,LOW
NG-STU-0154,Chemical Engineering,4.787234042553192,4.0576923076923075,3.617021276595745,4.01357466063348,0,4.050891602152127,0.0,LOW
NG-STU-0155,Chemical Engineering,4.361702127659575,3.6,3.3617021276595747,3.65158371040724,0,3.789538197319475,0.0,LOW
NG-STU-0156,Chemical Engineering,4.170212765957447,2.9074074074074074,3.3541666666666665,3.41850220264317,0,3.4558605389571486,0.0,LOW
NG-STU-0157,Chemical Engineering,3.8297872340425534,3.245614035087719,3.893617021276596,3.79555555555556,0,3.775527246772015,0.0,LOW
NG-STU-0158,Chemical Engineering,4.6,3.9361702127659575,2.9565217391304346,3.62053571428571,0,3.6111343096940263,0.0,LOW
NG-STU-0159,Chemical Engineering,3.6136363636363638,3.0754716981132075,3.4545454545454546,3.49767441860465,0,3.5026657661515466,0.0,LOW
NG-STU-0160,Chemical Engineering,3.1136363636363638,3.52,3.6136363636363638,3.47641509433962,0,3.6525731106639943,0.0,LOW
NG-STU-0161,Chemical Engineering,2.840909090909091,2.3666666666666667,3.4130434782608696,3.14732142857143,0,3.1913130210111844,0.0,LOW
NG-STU-0162,Chemical Engineering,4.0,3.4583333333333335,4.326086956521739,4.14150943396226,0,4.0471170568573935,0.0,LOW
NG-STU-0163,Chemical Engineering,3.227272727272727,2.7358490566037736,3.391304347826087,3.29223744292237,0,3.2962002520785063,0.0,LOW
NG-STU-0164,Chemical Engineering,4.340909090909091,4.369565217391305,4.7272727272727275,4.37980769230769,0,4.520030299317583,0.0,LOW
NG-STU-0165,Chemical Engineering,3.8181818181818183,3.4901960784313726,4.409090909090909,3.94366197183099,0,4.0285412514929595,0.0,LOW
NG-STU-0166,Chemical Engineering,2.659090909090909,2.305084745762712,2.6166666666666667,2.72983870967742,0,2.732435932319597,0.0,LOW
NG-STU-0167,Chemical Engineering,2.1363636363636362,2.925925925925926,3.02,3.04888888888889,0,3.103499657517096,0.0,LOW
NG-STU-0168,Chemical Engineering,2.090909090909091,2.096774193548387,1.5106382978723405,2.32982456140351,0,2.1906262653558333,0.25,LOW
NG-STU-0169,Chemical Engineering,2.2954545454545454,1.676923076923077,2.106382978723404,2.28787878787879,0,2.3300684449209688,0.02,LOW
NG-STU-0170,Chemical Engineering,2.488888888888889,1.537313432835821,1.4661016949152543,2.16225165562914,0,2.0841736220573472,0.20333333333333334,LOW
NG-STU-0171,Chemical Engineering,3.06,3.4313725490196076,2.607142857142857,2.9919028340081,0,3.0295086931956736,0.0,LOW
NG-STU-0172,Chemical Engineering,4.2444444444444445,4.38,4.1875,4.32093023255814,0,4.25688547557831,0.0,LOW
NG-STU-0173,Chemical Engineering,3.3191489361702127,3.9215686274509802,3.4489795918367347,3.73059360730594,0,3.6981562706160918,0.0,LOW
NG-STU-0174,Chemical Engineering,3.4468085106382977,2.8627450980392157,2.015625,2.82608695652174,0,2.74533746874575,0.0,LOW
NG-STU-0175,Chemical Engineering,3.888888888888889,4.22,3.9375,4.04186046511628,0,4.025118678505026,0.0,LOW
NG-STU-0176,Chemical Engineering,3.577777777777778,4.02,3.5208333333333335,3.82027649769585,0,3.804586860817283,0.0,LOW
NG-STU-0177,Chemical Engineering,3.7555555555555555,3.92,3.7291666666666665,3.8110599078341,0,3.8886247288059295,0.0,LOW
NG-STU-0178,Chemical Engineering,4.7555555555555555,4.48,4.5,4.51162790697674,0,4.5789085840296115,0.0,LOW
NG-STU-0179,Chemical Engineering,3.9347826086956523,3.96,2.7708333333333335,3.42666666666667,0,3.4347390196578966,0.0,LOW
NG-STU-0180,Chemical Engineering,3.6666666666666665,3.84,3.0980392156862746,3.6036036036036,0,3.5655453365003194,0.0,LOW
NG-STU-0181,Chemical Engineering,2.38,2.980392156862745,2.8596491228070176,3.01276595744681,0,3.0514406328011154,0.0,LOW
NG-STU-0182,Chemical Engineering,4.111111111111111,4.4,3.6875,4.06511627906977,0,4.037111205449364,0.0,LOW
NG-STU-0183,Chemical Engineering,4.8,4.52,3.6875,4.13023255813953,0,4.1822924772294385,0.0,LOW
NG-STU-0184,Chemical Engineering,2.4423076923076925,2.74,2.5918367346938775,2.896,0,2.837100405937958,0.0,LOW
NG-STU-0185,Chemical Engineering,4.444444444444445,4.44,4.083333333333333,4.42790697674419,0,4.267470825736771,0.0,LOW
NG-STU-0186,Chemical Engineering,3.4791666666666665,3.78,3.5208333333333335,3.76255707762557,0,3.6832934878451726,0.0,LOW
NG-STU-0187,Chemical Engineering,3.0384615384615383,3.7058823529411766,2.7868852459016393,3.18292682926829,0,3.2662525626964487,0.0,LOW
NG-STU-0188,Chemical Engineering,4.355555555555555,4.14,3.25,3.86976744186047,0,3.7500349173696015,0.0,LOW
NG-STU-0189,Chemical Engineering,4.0,4.32,4.3125,4.28837209302326,0,4.274538033671034,0.0,LOW
NG-STU-0190,Chemical Engineering,3.836734693877551,4.3,3.5686274509803924,4.04504504504505,0,3.8853602169694725,0.0,LOW
NG-STU-0191,Chemical Engineering,4.4,4.72,4.428571428571429,4.55555555555556,0,4.551927172885241,0.0,LOW
NG-STU-0192,Chemical Engineering,4.066666666666666,3.78,3.4313725490196076,3.80275229357798,0,3.793179612587007,0.0,LOW
NG-STU-0193,Chemical Engineering,4.7555555555555555,4.78,4.6875,4.66511627906977,0,4.712656054360761,0.0,LOW
NG-STU-0194,Chemical Engineering,4.222222222222222,4.68,4.291666666666667,4.42396313364055,0,4.40544911569601,0.0,LOW
NG-STU-0195,Chemical Engineering,3.533333333333333,3.7083333333333335,3.1228070175438596,3.48684210526316,0,3.537655009393685,0.0,LOW
NG-STU-0196,Chemical Engineering,4.022222222222222,3.18,3.1320754716981134,3.52466367713004,0,3.507079149596523,0.0,LOW
NG-STU-0197,Chemical Engineering,4.088888888888889,3.92,3.150943396226415,3.80888888888889,0,3.6390937711228566,0.0,LOW
NG-STU-0198,Chemical Engineering,3.7777777777777777,3.574468085106383,3.76,3.9009009009009,0,3.7663231105129333,0.0,LOW
NG-STU-0199,Civil Engineering,3.3137254901960786,2.4328358208955225,3.3035714285714284,3.48333333333333,0,3.319840419151529,0.0,LOW
NG-STU-0200,Civil Engineering,4.1063829787234045,3.7115384615384617,4.511111111111111,4.27853881278539,0,4.236723491983682,0.0,LOW
NG-STU-0201,Civil Engineering,3.6382978723404253,2.857142857142857,3.608695652173913,3.50884955752212,0,3.5563258462367133,0.0,LOW
NG-STU-0202,Civil Engineering,3.765957446808511,3.1346153846153846,4.2444444444444445,4.09132420091324,0,3.971159395835875,0.0,LOW
NG-STU-0203,Civil Engineering,3.1702127659574466,1.9242424242424243,2.459016393442623,2.68627450980392,0,2.6670806048588314,0.0,LOW
NG-STU-0204,Civil Engineering,2.74468085106383,2.7142857142857144,2.5384615384615383,2.67,0,2.888200348774432,0.0,LOW
NG-STU-0205,Civil Engineering,4.170212765957447,4.038461538461538,3.5348837209302326,4.0045045045045,0,3.9882543842888496,0.0,LOW
NG-STU-0206,Civil Engineering,3.5319148936170213,2.8771929824561404,2.8372093023255816,3.06837606837607,0,3.244542716570417,0.0,LOW
NG-STU-0207,Civil Engineering,3.6808510638297873,1.7,2.508771929824561,2.80694980694981,0,2.748450728870046,0.0,LOW
NG-STU-0208,Civil Engineering,4.1063829787234045,4.115384615384615,4.558139534883721,4.4703196347032,0,4.434754077066393,0.0,LOW
NG-STU-0209,Civil Engineering,3.3404255319148937,3.1272727272727274,3.8,3.70535714285714,0,3.636802203773476,0.0,LOW
NG-STU-0210,Civil Engineering,3.0638297872340425,2.09375,1.5625,2.24914675767918,0,2.2657306601893987,0.04666666666666667,LOW
NG-STU-0211,Civil Engineering,3.297872340425532,2.566666666666667,2.9411764705882355,3.12033195020747,0,3.089027967234746,0.0,LOW
NG-STU-0212,Civil Engineering,3.404255319148936,2.621212121212121,2.5348837209302326,2.97551020408163,0,2.9526047959457364,0.0,LOW
NG-STU-0213,Civil Engineering,4.191489361702128,3.7884615384615383,4.377777777777778,4.17777777777778,0,4.2311510723035095,0.0,LOW
NG-STU-0214,Civil Engineering,3.0638297872340425,2.2941176470588234,2.5625,2.67953667953668,0,2.808701227584776,0.0,LOW
NG-STU-0215,Civil Engineering,3.702127659574468,3.2884615384615383,3.9767441860465116,3.79452054794521,0,3.8460457457126878,0.0,LOW
NG-STU-0216,Civil Engineering,4.042553191489362,2.5454545454545454,3.422222222222222,3.50212765957447,0,3.487631467900743,0.0,LOW
NG-STU-0217,Civil Engineering,3.872340425531915,3.1379310344827585,3.46,3.72173913043478,0,3.693355196454254,0.0,LOW
NG-STU-0218,Civil Engineering,4.425531914893617,4.346153846153846,4.558139534883721,4.5668202764977,0,4.5725267568759485,0.0,LOW
NG-STU-0219,Civil Engineering,3.25531914893617,2.85,3.533333333333333,3.1404958677686,0,3.4295809279905853,0.0,LOW
NG-STU-0220,Civil Engineering,3.425531914893617,2.4262295081967213,3.185185185185185,3.24894514767932,0,3.248580127971294,0.0,LOW
NG-STU-0221,Civil Engineering,3.425531914893617,2.847457627118644,3.911111111111111,3.6283185840708,0,3.561041332277545,0.0,LOW
NG-STU-0222,Civil Engineering,2.851063829787234,2.1323529411764706,2.1774193548387095,2.45126353790614,0,2.4593879337820126,0.19,LOW
NG-STU-0223,Civil Engineering,3.595744680851064,2.7966101694915255,3.577777777777778,3.58590308370044,0,3.5563258462367133,0.0,LOW
NG-STU-0224,Civil Engineering,4.0212765957446805,2.8412698412698414,3.25,3.49367088607595,0,3.476473787520113,0.0,LOW
NG-STU-0225,Civil Engineering,4.0,3.1403508771929824,3.7111111111111112,3.79295154185022,0,3.774352552119682,0.0,LOW
NG-STU-0226,Civil Engineering,3.74468085106383,3.1818181818181817,4.069767441860465,3.94545454545455,0,3.850860929467991,0.0,LOW
NG-STU-0227,Civil Engineering,3.425531914893617,2.7142857142857144,2.392857142857143,3.07755102040816,0,2.9675868065923057,0.0,LOW
NG-STU-0228,Civil Engineering,2.5531914893617023,1.7115384615384615,2.6285714285714286,2.67910447761194,0,2.63609255189472,0.006666666666666667,LOW
NG-STU-0229,Civil Engineering,3.1914893617021276,2.0294117647058822,2.016949152542373,2.68913857677903,0,2.525992768524317,0.01,LOW
NG-STU-0230,Civil Engineering,4.0638297872340425,3.1129032258064515,3.395348837209302,3.59307359307359,0,3.660500409140754,0.0,LOW
NG-STU-0231,Civil Engineering,3.9361702127659575,3.103448275862069,2.7674418604651163,3.48917748917749,0,3.4178176904484157,0.0,LOW
NG-STU-0232,Civil Engineering,3.3404255319148937,2.3508771929824563,2.1636363636363636,2.90697674418605,0,2.767388335849141,0.0,LOW
NG-STU-0233,Civil Engineering,3.106382978723404,2.1515151515151514,1.7868852459016393,2.34,0,2.3177724487039937,0.01,LOW
NG-STU-0234,Civil Engineering,3.978723404255319,3.2,3.4,3.74235807860262,0,3.682853231147076,0.0,LOW
NG-STU-0235,Civil Engineering,3.851063829787234,3.1923076923076925,3.9302325581395348,3.79908675799087,0,3.8354547359373266,0.0,LOW
NG-STU-0236,Civil Engineering,4.127659574468085,3.03125,2.759259259259259,3.32,0,3.360282632726066,0.0,LOW
NG-STU-0237,Civil Engineering,2.8297872340425534,2.634920634920635,2.574074074074074,2.90573770491803,0,2.839328729559099,0.0,LOW
NG-STU-0238,Civil Engineering,4.066666666666666,3.1964285714285716,2.5294117647058822,3.40969162995595,0,3.2127655431176967,0.0,LOW
NG-STU-0239,Civil Engineering,4.288888888888889,3.9019607843137254,3.8095238095238093,4.06046511627907,0,4.103625073089055,0.0,LOW
NG-STU-0240,Civil Engineering,3.511111111111111,3.2830188679245285,3.3877551020408165,3.66216216216216,0,3.6210056939709974,0.0,LOW
NG-STU-0241,Civil Engineering,2.911111111111111,2.6779661016949152,2.1607142857142856,2.60311284046693,0,2.6338480808707656,0.05333333333333334,LOW
NG-STU-0242,Civil Engineering,3.3333333333333335,2.9215686274509802,2.9347826086956523,3.06995884773663,0,3.2417916245407272,0.0,LOW
NG-STU-0243,Civil Engineering,3.7333333333333334,2.9272727272727272,2.7735849056603774,3.29004329004329,0,3.339946180961013,0.0,LOW
NG-STU-0244,Civil Engineering,3.688888888888889,2.9310344827586206,2.1875,3.09836065573771,0,2.999942125354039,0.0,LOW
NG-STU-0245,Civil Engineering,4.666666666666667,4.1568627450980395,4.5476190476190474,4.45070422535211,0,4.524536088337137,0.0,LOW
NG-STU-0246,Civil Engineering,4.377777777777778,3.588235294117647,4.0476190476190474,4.11737089201878,0,4.101266128643304,0.0,LOW
NG-STU-0247,Civil Engineering,3.8085106382978724,3.3333333333333335,3.489795918367347,3.75675675675676,0,3.7301491718519943,0.0,LOW
NG-STU-0248,Civil Engineering,4.688888888888889,4.568627450980392,4.738095238095238,4.70422535211268,0,4.747214399299622,0.0,LOW
NG-STU-0249,Civil Engineering,4.266666666666667,3.5294117647058822,3.619047619047619,4.03738317757009,0,3.9359945057684977,0.0,LOW
NG-STU-0250,Civil Engineering,4.066666666666666,3.6862745098039214,3.4680851063829787,3.74311926605505,0,3.8419610384743668,0.0,LOW
NG-STU-0251,Civil Engineering,3.2666666666666666,2.8545454545454545,2.0384615384615383,2.62403100775194,0,2.7774411893200988,0.0,LOW
NG-STU-0252,Civil Engineering,3.466666666666667,3.2363636363636363,2.473684210526316,3.04115226337449,0,3.064767510018775,0.0,LOW
NG-STU-0253,Civil Engineering,3.7777777777777777,3.843137254901961,4.181818181818182,4.13953488372093,0,4.111071311754807,0.0,LOW
NG-STU-0254,Civil Engineering,4.511111111111111,4.078431372549019,4.238095238095238,4.32863849765258,0,4.374947302992557,0.0,LOW
NG-STU-0255,Civil Engineering,4.155555555555556,4.2075471698113205,4.380952380952381,4.36279069767442,0,4.3695374344318045,0.0,LOW
NG-STU-0256,Civil Engineering,4.711111111111111,4.470588235294118,4.428571428571429,4.57746478873239,0,4.605041391375286,0.0,LOW
NG-STU-0257,Civil Engineering,3.533333333333333,3.4339622641509435,4.023809523809524,3.92093023255814,0,3.963606705711505,0.0,LOW
NG-STU-0258,Civil Engineering,3.1777777777777776,3.0344827586206895,1.7254901960784315,2.66536964980545,0,2.6473790161070596,0.0,LOW
NG-STU-0259,Civil Engineering,2.688888888888889,3.327272727272727,2.290909090909091,3.07792207792208,0,2.9058744367040443,0.006666666666666667,LOW
NG-STU-0260,Civil Engineering,3.5555555555555554,2.4918032786885247,1.8615384615384616,2.64179104477612,0,2.6284446408719027,0.0,LOW
NG-STU-0261,Civil Engineering,4.266666666666667,3.823529411764706,3.760869565217391,4.04109589041096,0,4.027979316216318,0.0,LOW
NG-STU-0262,Civil Engineering,3.8222222222222224,3.8076923076923075,3.9767441860465116,3.96744186046512,0,4.00989876525245,0.0,LOW
NG-STU-0263,Civil Engineering,3.7333333333333334,2.981818181818182,2.9591836734693877,3.30357142857143,0,3.3817293012736096,0.0,LOW
NG-STU-0264,Civil Engineering,4.311111111111111,4.0,4.190476190476191,4.29767441860465,0,4.2690887700529325,0.0,LOW
NG-STU-0265,Civil Engineering,4.022222222222222,3.4313725490196076,3.6444444444444444,3.76388888888889,0,3.86996778389853,0.0,LOW
NG-STU-0266,Civil Engineering,3.2,2.9649122807017543,3.018867924528302,3.34188034188034,0,3.2531980901454896,0.0,LOW
NG-STU-0267,Civil Engineering,4.955555555555556,4.921568627450981,4.928571428571429,4.92957746478873,0,4.893781141181481,0.0,LOW
NG-STU-0268,Civil Engineering,3.533333333333333,3.372549019607843,2.2033898305084745,3.00413223140496,0,3.08128929825644,0.0,LOW
NG-STU-0269,Civil Engineering,4.666666666666667,4.627450980392157,4.809523809523809,4.75117370892019,0,4.753627730354123,0.0,LOW
NG-STU-0270,Civil Engineering,3.488888888888889,3.4705882352941178,3.8636363636363638,3.75115207373272,0,3.8482571613464525,0.0,LOW
NG-STU-0271,Civil Engineering,3.8666666666666667,3.764705882352941,3.8,3.96759259259259,0,3.946156581589111,0.0,LOW
NG-STU-0272,Civil Engineering,2.25,2.9761904761904763,3.0681818181818183,3.3030303030303,0,3.2204573060011232,0.0,LOW
NG-STU-0273,Civil Engineering,3.0444444444444443,2.6545454545454548,1.507936507936508,2.57933579335793,0,2.4752028466239104,0.013333333333333334,LOW
NG-STU-0274,Civil Engineering,4.533333333333333,4.333333333333333,4.214285714285714,4.44131455399061,0,4.437805967778028,0.0,LOW
NG-STU-0275,Civil Engineering,4.133333333333334,3.7058823529411766,3.4782608695652173,3.79090909090909,0,3.8498164639380366,0.0,LOW
NG-STU-0276,Civil Engineering,4.022222222222222,3.4901960784313726,3.1914893617021276,3.69724770642202,0,3.6496851735135,0.0,LOW
NG-STU-0277,Civil Engineering,3.2888888888888888,3.0508474576271185,3.090909090909091,3.53418803418803,0,3.3715950615889785,0.0,LOW
NG-STU-0278,Civil Engineering,3.511111111111111,3.4038461538461537,3.4285714285714284,3.88018433179723,0,3.650982783773688,0.0,LOW
NG-STU-0279,Civil Engineering,4.5777777777777775,4.176470588235294,4.785714285714286,4.61032863849765,0,4.638160928040581,0.0,LOW
NG-STU-0280,Civil Engineering,4.2444444444444445,3.6037735849056602,3.5,4.05777777777778,0,3.881234452781842,0.0,LOW
NG-STU-0281,Civil Engineering,4.311111111111111,3.392156862745098,4.023809523809524,3.94366197183099,0,4.033930180359835,0.0,LOW
NG-STU-0282,Civil Engineering,3.5555555555555554,2.9245283018867925,3.26,3.61504424778761,0,3.4644221824873824,0.0,LOW
NG-STU-0283,Civil Engineering,3.422222222222222,2.081967213114754,2.0,2.17857142857143,0,2.477861540036956,0.02,LOW
NG-STU-0284,Civil Engineering,3.2444444444444445,3.0677966101694913,1.8983050847457628,2.75289575289575,0,2.7255669928825004,0.0,LOW
NG-STU-0285,Civil Engineering,2.2666666666666666,2.360655737704918,2.759259259259259,3.0168776371308,0,2.8455356500041,0.0,LOW
NG-STU-0286,Civil Engineering,3.533333333333333,2.912280701754386,2.2241379310344827,3.12133891213389,0,2.9936089476754613,0.0,LOW
NG-STU-0287,Civil Engineering,4.446808510638298,4.423076923076923,4.863636363636363,4.64516129032258,0,4.689671299601611,0.0,LOW
NG-STU-0288,Civil Engineering,3.595744680851064,3.173076923076923,3.276595744680851,3.63063063063063,0,3.59598213722774,0.0,LOW
NG-STU-0289,Civil Engineering,4.0638297872340425,3.3461538461538463,4.0,3.87614678899083,0,3.966032525417544,0.0,LOW
NG-STU-0290,Civil Engineering,2.9361702127659575,1.9402985074626866,2.76,2.76734693877551,0,2.81405989259841,0.0033333333333333335,LOW
NG-STU-0291,Civil Engineering,3.106382978723404,2.5789473684210527,2.8214285714285716,2.80161943319838,0,2.9871035936290515,0.0,LOW
NG-STU-0292,Civil Engineering,3.5106382978723403,3.24,3.744186046511628,3.68837209302326,0,3.665970125355669,0.0,LOW
NG-STU-0293,Civil Engineering,3.021276595744681,1.9642857142857142,2.625,2.73640167364017,0,2.693483818561411,0.0,LOW
NG-STU-0294,Civil Engineering,3.4893617021276597,3.017857142857143,3.159090909090909,3.31531531531532,0,3.4336061845171435,0.0,LOW
NG-STU-0295,Civil Engineering,3.022222222222222,2.242424242424242,2.1923076923076925,2.60642570281125,0,2.5045512500069558,0.06,LOW
NG-STU-0296,Civil Engineering,3.311111111111111,2.5166666666666666,2.3541666666666665,2.70634920634921,0,2.866891846191866,0.0,LOW
NG-STU-0297,Civil Engineering,3.6666666666666665,3.142857142857143,3.261904761904762,3.59821428571429,0,3.59598213722774,0.0,LOW
NG-STU-0298,Civil Engineering,4.044444444444444,3.0344827586206895,4.095238095238095,4.00900900900901,0,3.869614998608624,0.0,LOW
NG-STU-0299,Civil Engineering,3.2666666666666666,2.896551724137931,3.25,3.44541484716157,0,3.338261887641442,0.0,LOW
NG-STU-0300,Civil Engineering,3.8444444444444446,2.9642857142857144,3.86046511627907,3.85388127853881,0,3.7625100905012507,0.0,LOW
NG-STU-0301,Civil Engineering,4.8,4.294117647058823,4.666666666666667,4.68075117370892,0,4.658647324493791,0.0,LOW
NG-STU-0302,Civil Engineering,2.422222222222222,2.5,2.74,2.8755364806867,0,2.8705696187042387,0.0033333333333333335,LOW
NG-STU-0303,Civil Engineering,3.7111111111111112,2.55,3.0434782608695654,3.19047619047619,0,3.2512545303733327,0.0,LOW
NG-STU-0304,Civil Engineering,3.7333333333333334,2.5689655172413794,2.893617021276596,3.38888888888889,0,3.1918976016110165,0.0,LOW
NG-STU-0305,Civil Engineering,3.9555555555555557,3.7222222222222223,4.476190476190476,4.21759259259259,0,4.231488042265563,0.0,LOW
NG-STU-0306,Civil Engineering,4.288888888888889,3.185185185185185,3.7142857142857144,3.86238532110092,0,3.8139147268621936,0.0,LOW
NG-STU-0307,Civil Engineering,4.155555555555556,2.9411764705882355,3.369565217391304,3.69058295964126,0,3.6119805665307134,0.0,LOW
NG-STU-0308,Civil Engineering,4.4222222222222225,3.8823529411764706,4.571428571428571,4.46478873239437,0,4.457028718681969,0.0,LOW
NG-STU-0309,Civil Engineering,4.533333333333333,3.8627450980392157,4.380952380952381,4.43661971830986,0,4.370199482835657,0.0,LOW
NG-STU-0310,Civil Engineering,3.3555555555555556,2.283333333333333,2.5208333333333335,2.80912863070539,0,2.8822743577628414,0.0,LOW
NG-STU-0311,Civil Engineering,2.9555555555555557,2.360655737704918,2.8125,2.91983122362869,0,2.943081382928399,0.0,LOW
NG-STU-0312,Civil Engineering,3.577777777777778,3.3529411764705883,3.9761904761904763,3.90140845070423,0,3.8460457457126878,0.0,LOW
NG-STU-0313,Civil Engineering,3.977777777777778,3.037037037037037,3.909090909090909,3.78899082568807,0,3.766442071086833,0.0,LOW
NG-STU-0314,Civil Engineering,4.466666666666667,4.235294117647059,4.5476190476190474,4.55399061032864,0,4.528460015279944,0.0,LOW
NG-STU-0315,Civil Engineering,4.5777777777777775,3.627450980392157,4.023809523809524,4.17840375586855,0,4.157224490743933,0.0,LOW
NG-STU-0316,Civil Engineering,3.8222222222222224,3.3333333333333335,4.190476190476191,3.96759259259259,0,4.026477498035938,0.0,LOW
NG-STU-0317,Civil Engineering,4.733333333333333,4.2745098039215685,4.666666666666667,4.62441314553991,0,4.641876986337273,0.0,LOW
NG-STU-0318,Civil Engineering,4.6,4.019607843137255,4.595238095238095,4.53521126760563,0,4.513385860396891,0.0,LOW
NG-STU-0319,Civil Engineering,3.8222222222222224,3.142857142857143,3.642857142857143,3.74770642201835,0,3.731002523629349,0.0,LOW
NG-STU-0320,Civil Engineering,3.6444444444444444,2.3559322033898304,4.045454545454546,3.63063063063063,0,3.6584370446775973,0.0,LOW
NG-STU-0321,Civil Engineering,3.5555555555555554,2.4464285714285716,2.872340425531915,3.27111111111111,0,3.141507227651443,0.0,LOW
NG-STU-0322,Civil Engineering,3.488888888888889,2.6607142857142856,3.1904761904761907,3.44545454545455,0,3.313174305366738,0.0,LOW
NG-STU-0323,Civil Engineering,3.6,2.625,2.5416666666666665,2.96595744680851,0,2.9996355357268953,0.0,LOW
NG-STU-0324,Civil Engineering,3.2222222222222223,2.2962962962962963,2.7045454545454546,2.98744769874477,0,2.9401605838127756,0.0,LOW
NG-STU-0325,Civil Engineering,3.422222222222222,2.3333333333333335,2.4545454545454546,2.88235294117647,0,2.874623990479535,0.0,LOW
NG-STU-0326,Civil Engineering,4.0,3.188679245283019,3.6818181818181817,3.7351598173516,0,3.774352552119682,0.0,LOW
NG-STU-0327,Civil Engineering,3.888888888888889,3.0701754385964914,2.8863636363636362,3.36123348017621,0,3.4020641507067255,0.0,LOW
NG-STU-0328,Civil Engineering,4.111111111111111,3.482142857142857,4.309523809523809,4.20183486238532,0,4.147178032957088,0.0,LOW
NG-STU-0329,Civil Engineering,3.8666666666666667,3.1666666666666665,3.380952380952381,3.76146788990826,0,3.6802132313013822,0.0,LOW
NG-STU-0330,Civil Engineering,3.7777777777777777,2.9019607843137254,3.7045454545454546,3.76036866359447,0,3.6155204961840033,0.0,LOW
NG-STU-0331,Civil Engineering,4.733333333333333,4.254901960784314,4.523809523809524,4.62441314553991,0,4.567945608550308,0.0,LOW
NG-STU-0332,Civil Engineering,2.116279069767442,2.7017543859649122,3.0625,2.9535864978903,0,3.0750254522215776,0.0,LOW
NG-STU-0333,WiVÈm&≈ngi~eermNf,:.9134s6363736363:¨3. 802454t1>923225-2.3s≥3#333333331,6&%12614554x988,0,≤.449385100=%85π3l2Æ10333333s3133333≥,LMU
ŒU-SPU-8r?µ,C9vId(≈lgÈOearmng,1.7,1.8?942857="871,2>1676∂7v46762626,2.2µ±30)158;3657,0l2.3483 3∂190820-¥.0.0p3313;333333≥33∑25,Lœ_è
NG-sTU-0{É5,Civih Eo'ineevang,3>3<2.=v113(46!53∏4&±w,2.209477<993548≥x5,r.9 42105593869W,0,6.9"1w13089v 69q,0.8,LO_
NG-EVU.;76hCivin Eogindmrilg.4.022222 3222222:,3+74,3.33|8!8181x18183-3.60273yø260≤74,8,3n7439540227118,>0,MW
NG-SPU-0337,Civl| EnÁinEdrxng<;.1(x888x∫:88(99,u2,3&30#6;633616s>≥8¨".8242:;06542 v, ,3/75<60061437=µ6,0n0,LGWJNgSVU5338(CiVim AnGinee2ing,3951555557455457<,π,31;6078e313>í5$9<3.4q171443477<76,,3.447"2997>951<<,0.0$\oWN-SU-83#9<Kivil Eo'Èfderynf$3.9µ5∑5uu555555557<0.32,4.2856142857142∏6-4.s0637?s58051,0m$.342¥0187>;1&622,0/0,NOW	äNGçSTU.0340,y~il`Engine`r˘fg<3.&78;6∞069u42173,3,2,2.≥55∑5=555455<5,3(0y?7375565>12),0,3.59;0558555x777.0LOw-(NG-CTU33$
ãhdi~ Dngineermng1,636127+i13043=(;.7823%3?2$1019,4>6~6ñ2667~v66>7ó4.22∂2998v40µ6l2,4.2u48 0"p8230∂8 0.0$LWJNG,S]}∞242,Civkl fgineer)ng4*022222220222Ú2,3*6,3n9 $7&1904w699047,3.896206t150¥35,0,3.)6598214<66≤603,0.8lLNW
NG-SîU-2347,cÈ÷K|†Egmneesang.3.7¨28$2.;3∂170212?∂59u71,1.08832%72>x325,0<3™008917430u05756å0,0,\GR
NO-STU,s¥4,√kˆil#Engi.eerÈnc,6.w7w>67775750(4.48,4.5734:8471428571,4.7949247r83018π,0,$&51<1971u55817%5¨0.8≠LOW
NGmsPU045,Civim†EngIneurkng,s,s4042553191493',2d2,2*46,3.t1∏52* 265≥1w.0,#.4 4382:73º3®24,0.p,ÃOw
N«©sT]-∏356CIvmlEogi6qgriff,#.5%??7777757775x¨3.38¨t?089;8888:88889<391162786975780(3.11076933≥s99602,0.0,L_WNÁ-SP]/07¥¨SizyL EfeioeebkncR,27,6.s,2.7 70963705935485,2>927491017)28,0->8645642475;6u64(0n0,LOWNœ-SîU%p348,Ciˆil D.gkneerilc(2.7R3404255:1114=(2*s4,2æ33ª333333#33335l3.6159461738473,0,1.$4!60912Ø0150693(4j010667ø66~66&26&?¨DOW
^GeStU-p349-Cyvil!Engingering,≥&48:;888:8∏:(89,Æ74¨6.6981q2±758557(3.s25991±842731,0,.34(7?96116304¥¨0.0dLOw"Nw-SP’-0s50-Civil EÓ'}.eering, .7;591367347y39m2.0941µ784:530<v5,0.8865111111151:,1/=71428µ5!2<57,1,r.01729V6328039.1.8,C“ITICAL
NG}STU-0?5!≠ComputeR¢En')nearing,2&x65:t86T8∂4:65¨3.4,3*1584615≥8$6913,3.313ª>405429954,0,3.9{<64∂4;5545<.0,»OWNG%STW-∞342,Comp}ter UkgioeÂskng(.131135935±5135,¥.1°1111111±11!10<5.304254719π48π≥,.395161951:1951,∞,4.s>5:837012!247,0.1&LŒW
NG-SUx353,CoÌputeÚ Engineepinc,¥n¥05404405407405<42?6662666666∂g,3.95744680∏4 6c85<4.!51>097560Ω756¨0§4.1>55151065574<-0&0,LOW
G≠qTU-0154<Gompufmr Enginumr)ng,3,±2343243#432435,3.(2"2022r2222024,4.06282)7X7:≥42¥25,3/82=242718226,03/89#68w,152914w7,0.0,LOW
W-STU- 355,Cmmputez E/gineuÚioo.3.;1(98º!:π11;°9l3/ò88(88898888,y-3.79709>2y62π7y71$368416∑r968025,0l3.w9(8352171z215u,0*ò,NOW	
NG-STU-03w6,Com∏Q\dr Elgindgrang,3Æ505405405485403,3.402222"22222p2,t.2µ¥<ô'99!8;464,4.91s453801=<3,Æ9922925u3v6t651,0.0,HW
N√-SVU-057-Comput'r(Engin!ur·nc,5.82853140=73<28<1.)7%672727257273(1>$1?)31034837uW,1.915109446Zµ407,1,2.04t7'>>60837827,1.0,BRIT…CAD	
ŒG-STU)03Ω(,CompttÂv$EnAi~uerhng,s.976973972972973,7.9555µ55551555556,6nq25,6/2177)130<3¥783,0,<.1381f1Ω13353≤8-∞.0,LEW
LG-ST’-2259,CÔmpu4Ìr!Angmneerihg,#.8337333#33#3325,3.4<∂66466∂66667,<N3=583s333323333,412∞4784()πµ2,0,4,025$6x52$¥6:297,0.,mOWOKnG-STU-03>tlCmp‘t`r Engajgebifg$4.≥7837∏37(37(36x,0.088888x:8(8=$415(;3331333≥7,4.169y0291062q36<0,4n2"373406077)584,0.0,LO
NC-W’≠ 17,olputar0DnoÈnemrijg<.∏64864∏486t0&5,4.369=v531'39u30µ,4.R?1$5n2543>2ª3<4078,0,4&248w>#0¥207s5,0.0,DO*NG-STU-036(,Cglpetıb6Engine%rmogÓ1.91π589189549q89<1.442$w83∂1 6!9∑,1.6727q4853q$2:5:-1&:3∂6466666667,1,1.;2r62065308551.!.0,CRItICAF
NG-SÙU?0363,Co-puter`EnfinuÂrÈng,3.41r43s432034325,0.7q!113110119112)2.3>5291322580645,≤.7*r90717¢99=8¨0,2.810w62278t67180/"(LOW	NG-STU-0364≠Cnmp7der0engqnaerhnc,≥.397≤9?21729ww,3.57677777777377∏,4.22,4.28132851695(&6,0<<*0p6477151v;3212=2.2,LOCNG=[TU-035,CoÌputer!Enginelzing,$*64v086=864∏78,4*732333#3333'333,4n78722404∞553ª	:l4.746*1464<163$4,¥é71677197404¥1%.∞*0,LOS
NG/STU-0346<CoiÚutez EnGÈleerhNo,2.&,1.9591!11111111q121.6Z03076937`7∂927,2n&1t9w728¥µ850,2n24r?801 16112v=(0.326766266666667MOF]BAUE
LW)STU-0#67,Co-puv·r Efgileephng,4.0r'02026027 37,3.8¨ì/93∂17021:7v59575,x.1s414634146749,,3.954†6π∂01046363,0>p$LOW
LG)SU)0368,Cmtıter Enqineerins,3.054:54054!7∞53,r&77%5515555557555,2.660;?735849µ66,0.85&u31739130¥3$,1.∞6718977=2≥1x7,.0,HœW
FG-SFU-0779,Computer EngÈ.eeving,s.1593513µ135135,1.11911137111111)4.$∂90(510638278<4.1560;656;756<0,4.144235516600768,0.∞,MOWäNG-SQE)03?0,CoÌputer!EnginÂering(2.7#v84r107231&,3.Ñ0816326¥306123,1*(570'2&37~86,9,u88957055≤q47,1,3,2:73324q640235,n0,CRMTiGyLJNO-SPU-8≥7,+Ômputez EnÁyn%ering,1/w2972972)w2970)8$1.32,3=:37792647792ö(2,164525&6¥s316,0,2.1~880074"=1725,0,27,LOR:F/S‘U-372,√oop}ıez EnwioÂmriÓg,3.∑83783gs8783%3/0∂∂6666247∂v582.91877511020T082,2.8≤765957446818,0<3.33709'q77µ?857,0Æ2,LOW
NG≠STU-037;,Compqter E~gioe„ri~g,3.40=60540=10=4p53¨6.9=55555e=555=0'3.7:∏46043>6ô381l3.7351ë8481¥3232,8-7.474530396$y356%(0.0(LOWM*NG-S\U-0374,COotutgr Efgineepinc,r.70:7 27023∏2702v-≥.066∂6666t666&6,2.6474ø88∂34∫941!3-3.0r26243629904,0,314298"1039391w6<0*0,LOW
NGeSTU-0s77,BoMuuer Eng)nedring,3.8,2.-#47<268(6)56!2;,2.530074 ?4!760?4,2/905172<133931-0l2.±285#805ı574q,2*0,]OGç
nG?STU-23∑6,COohuter!Ækif%eping$3.9729297:972973å3.955µ45555µ551%7,6.µ20x333s3333332.o29956908r≤5, ,4.3<†91442828747"$0.0,LO"NG-WTu%0377,S/mputer`Etgineev9Óo,3.;45845905945946,6.7=555}455uµ5451,2.2>18416f)8412698,3.537u>8q41=929sl ,2.9293210844∞77#∏4-1> .\O◊	
NGWïU= 37<,Comqu4eÚ$EngiÓeuping,3.243:432432¥1"434l;.0,§.82623076π2s8#w<3n130048470<973,0¨3Æq4:39±9159061&,0. ,LœW
OO-STV-p39,«oEpu}%r EngiÆee`Îjg(2.5324724324124325,v.676=y5744>80851-2.43543<709v772,3.5426303597:l0,:/54711'20548r657,2.0(LœW
FG-STU	0s90,Computer EnÁineÂsyfw,3.$59<=)∂5π47)45π7,≥.≤,2.0769#307612;077,≥.363πt36619?1x3-0,≥.3025s2461"0954,0.∞,LG7
NG-STU-0185,Comqqv5r enGin%erine,3.320Sr4≤R433432t,.33233≥333ª33%-s.=208"1333333331,.224µ7f<:20383,0,3>54477(493955±830.0,LOg*.G-QTQ-03x3,Cgipqter Enwineebi.E530"7070270sw06w,2&40#61602527&5,2.;<,3.132421p;13:$r,4,3.±568347<78007<0¨p,\OUäNV,STU-2383(CÌipUTgr EÓf)jEerang,3.5#5135135135≥5,S∫5888888808∏(82=-2.4375,3>54>728;71872v2å0,7&7?85>0X∏t2300x4,0>0$LOW
N/SPQ-03π4lComPu4e0 Engi.eerinw)%.783'936;782w84,4.?3s33332:{3s3s4,4.9"364425131+07l<.796!9f5r584:',0$581477474:f6825,0.0,LOW
nG-”vUi038lComu4gr EjÁiNmura.g,.2t3≤432431432∞32,:n3839797∫34∞425§$±*245936188>?9247,3.55868564600π39~2%3.41Y7 610$815p:6$0.0,LOWçJNG=StU-∞387,CÔmputeÚ EÔgineermng,0Æ=7≥9297≤8'293¨6.06478260 6;%65,≤3!93≥3;≥#s33333%¨0646#(69377551(1,6±66[0d$7°486&3,0.0slLOWN«≠STU-0397Somu4gr Eng)jeeriŒe,2"¥ 140140µ 05,p53,1.4444450445444t¥$,5.8:25806455612:2ª®2.s6015325670t98.8,:.r%9µ157016?∏024?,2.94'666666.62267s,JOV
N-S\Q-0388,cmet%Ú`Enghnedjmog,2.3713#878383?8%,2. 237391305245827$q.85p64626:416w1&4,2/059077ø77?778,0,.1&693896¥4∞2≤0R,0."93321333737333,LOwç
NG-A\U-0s8=,CoEputer Elg)nee¬ÈnÁ(5.68686$86\<6487,450≥33333;3#7333,4*q7¥4∏08510zr83,µ.6!v5048153>89,0,4.48≥;448≤30744#l2.0-Lwó
OG/STUm39lÀoopttÂr Ene˘neeviÔg,¥>4∞540%$5405405,∂&≤266≤6>6¶66&65,228125<0-98323#3£333333(0.29?7646<¥617:23ì,0.0,LW
NG-STU/0193,cm|pıter ≈*gine%rkng-3.1w6876y7;7#;7<,∞*46666666"6&67,3>1862¥60y75715<$#.009092809092ª1, ,3.084yy95375542?2,0.00#3333333ss3s313•åLoS
JW-ST]-01Y2ÏCÔmpuV•z EngiNmerifw-3.830890890<1091qå3.255u55555=5}57'3&9u<q1333733335,$+8-6>18;57¥9v,4,3n92&0<01372^916¨0.0,LOWÇNO-STU-03)≥.Giputez AngiÓGering,3.242122q6216316 -3n11>r790¶y76≥T<®3'0384∂1598671=38#,3.3916766664765¨0,3.2∏25u35&=≥1936v4,4.0,MOW
nG-StU,0790,√G}`wter lghneerhng,.;q8998π1893x959,2.937?6737∂73Ω78,4.0>32978?230427,w.975∂3:3=u#3981¨0,4z0771243u966044,0.0,LOWNO-SU-395,Kompuuez AÍgineerikg,2>848∂4pÊt8t487,2,918∂s82;7872240q,1.$8(3Æ371;º6919430z,0,s.27855769 03'8x4,0.0,LŒW
N-STU-396,CoMrutdr§Ef'hnmerkng¨4.$704323203:T325,4.¥22222r22622:27~4.067659574¥>:∞84,4.24671846v1190-9,0.14+15:398301=94§8.,LKWÇNG-RTU-0s9?,Co	puter†Dnwinearmng,2.<&q1111111011.2.877501408163,/38,3,12576013<11æ59(4,32721!0585557104,!.0,M_WNG-ST]-039º,FOmputwr Bno{neerioe,3/8,2/323;373s3331335<1.p177358480¥6602(2Æu(3333333≥333,0lr.41$20+2351?03=70.53≥s3;33311'3≤35,MO@ER¡TG
NC-SW-13y9(CÌpqter EÍ'Angeran'.≤*2142471:x57141,1Æ39591836>3¥6888,1.719 476q984721Ÿ,:,s0882529<!p=6,0$2.0∑6?8829<ar5Ï0*24,NGW
NFQTU≠0400-Cnm0uÙer EngIneÂriog,3,7p27p27!27027026,3.7s11!11111910112,3.234 425723π1f8π,3b72<54539805h3,í3,660<6;22±≤7624Æp& ,ÃOWäJG-ST]=0481,omputÂÚ0Engineeving4.08981081∞1083,39#3333Û3337333,5&'3,.0<784688==u2±5,0,3/97273617043≥3867,p.0,LOW
NF,STU-2d0≤$Co-puter)E~yÓEur{ng,4+297≤96=7;8w+97•6Æ488:8y888(88x8=,'&4t,3.9∑5961538t614,0$S.9639h44447078∑5,.0,LOW
NG-STE-040s,Compueer Enf)jeÂrifØ,≥n02737∑377773673,2,5434wx¢q86π5740.4/34&93877072 204,.0238095÷380952.01.9$2;;ª824∫p4226,.0,lOWNG-SU)∏$0u,CoepuPgr%Engineeribg,3&(,1.s35!!±151513$qq.∞w613307693769,µ/9∂>77744863w87<¨1.9(81177°908;139∏,0lZITICUM
jG-QTU)0485,Cnlp}teb†oeineerinf,64848>48tt864x6$,3.±ı5tµ555555===$,2.$4151;4sy6226(3n11∞µ;9±'834101,0,Ò.1951?32732119,0.0,LVå
N«-STU0$∞4(Comxqter Edgkneerilg,;.782w;7(1w83688$3.64t464µ444>4447(1.010867%2<728302,3.6±8294π308348<x,3.29615:±17'ô34,0/1,LOWHŒ(STU=02w*Compu$ar UngyndEbyng(2.5%78$49t5)597,8.62222232236#222,2.08#;33r33q3;3335$2∂0874912408'59.8,≤n:13:4<2579971,9>∞6(LOWçÆG-[TU-1$2:,CoÌpdue2 Efgi/ÂurinG,3.0,3.311q1a091!1119$,3(±25,1&3;7291¥6612∏w,0,3*482577p72161 67,0Æ0<LOWM
nC-ST’≠049,AOm0u0Âr`MnGineezing,2/67175774455∑v,*'391306s478260,3Æ2407407624p7t0,3.r7716w'u3≥8796l4,2.17754024t95545<p.,L
NGRTUm041,Co}uter Engineerin',4.7513113%53%135å4.44442444445.1.8885p0v#8;78724-$13µ,0,4,1173665B63∞2031,.`,ÃOw
BG-STQ-041q,Comp}ter$Õ~gi.eeRinG-4.0rw62527127027$4.≤223"22222r22¨$5{qyë$:13613p22,5.41'0/w17057171,0,4.4119973w7251%w1,0.q¨LœW	ŒÔ-RtUΩ041rCNmquvep Engineering,2.891891891891892,2.6956521739130435,3.3076923076923075,3.12903225806452,0,3.2095631373661373,0.0,LOW
NG-STU-0413,Computer Engineering,2.72972972972973,2.022222222222222,2.3384615384615386,2.59917355371901,0,2.4763916373060404,0.0,LOW
NG-STU-0414,Computer Engineering,3.4324324324324325,3.6666666666666665,3.8297872340425534,3.65865384615385,0,3.7373048898779637,0.0,LOW
NG-STU-0415,Computer Engineering,2.710526315789474,2.3555555555555556,1.5333333333333334,2.2831541218638,0,2.368426290358683,0.22333333333333333,LOW
NG-STU-0416,Computer Engineering,2.72972972972973,2.2444444444444445,1.5,2.37404580152672,0,2.232425742487607,0.21666666666666667,LOW
NG-STU-0417,Computer Engineering,4.864864864864865,4.866666666666666,4.8936170212765955,4.88292682926829,0,4.82641251979992,0.0,LOW
NG-STU-0418,Computer Engineering,3.74468085106383,3.314814814814815,4.0638297872340425,3.93665158371041,0,3.8508279043875464,0.0,LOW
NG-STU-0419,Computer Engineering,4.0,3.235294117647059,4.191489361702128,3.81818181818182,0,3.87961032976404,0.0,LOW
NG-STU-0420,Computer Engineering,3.425531914893617,2.1724137931034484,2.510204081632653,2.71900826446281,0,2.6910909237529155,0.0,LOW
NG-STU-0421,Computer Engineering,3.9361702127659575,2.8392857142857144,3.574468085106383,3.39912280701754,0,3.5012824256868225,0.0,LOW
NG-STU-0422,Computer Engineering,3.4893617021276597,2.5517241379310347,3.14,3.1359649122807,0,3.19437823790232,0.0,LOW
NG-STU-0423,Computer Engineering,3.6595744680851063,3.25,4.191489361702128,3.68036529680365,0,3.832774806151975,0.0,LOW
NG-STU-0424,Computer Engineering,3.5531914893617023,2.8035714285714284,3.306122448979592,3.30701754385965,0,3.2944996394288104,0.0,LOW
NG-STU-0425,Computer Engineering,3.9574468085106385,2.7450980392156863,3.625,3.55506607929515,0,3.5044383829216685,0.0,LOW
NG-STU-0426,Computer Engineering,3.0,1.7540983606557377,2.8214285714285716,2.7004048582996,0,2.8590176522258,0.006666666666666667,LOW
NG-STU-0427,Computer Engineering,4.638297872340425,4.244897959183674,4.425531914893617,4.48611111111111,0,4.4475887617990795,0.0,LOW
NG-STU-0428,Computer Engineering,4.851063829787234,4.530612244897959,4.553191489361702,4.47685185185185,0,4.60568070286435,0.0,LOW
NG-STU-0429,Computer Engineering,4.0,3.142857142857143,4.1020408163265305,3.78082191780822,0,3.7837160958050293,0.0,LOW
NG-STU-0430,Computer Engineering,3.234042553191489,2.4393939393939394,3.4893617021276597,3.19491525423729,0,3.309355677861778,0.0,LOW
NG-STU-0431,Computer Engineering,2.893617021276596,2.3492063492063493,2.5,2.59770114942529,0,2.7336302772606467,0.0,LOW
NG-STU-0432,Computer Engineering,4.76595744680851,4.285714285714286,4.25531914893617,4.28703703703704,0,4.423105822579873,0.0,LOW
NG-STU-0433,Computer Engineering,4.0212765957446805,3.1176470588235294,3.7735849056603774,3.65625,0,3.6397627831574124,0.0,LOW
NG-STU-0434,Computer Engineering,3.574468085106383,2.9215686274509802,3.2962962962962963,3.54424778761062,0,3.391673466504131,0.0,LOW
NG-STU-0435,Computer Engineering,3.5106382978723403,3.25,4.23404255319149,3.70925110132159,0,3.783388931083246,0.0,LOW
NG-STU-0436,Computer Engineering,3.574468085106383,3.5714285714285716,4.0638297872340425,3.80092592592593,0,3.8677929778616105,0.0,LOW
NG-STU-0437,Computer Engineering,3.7872340425531914,3.3703703703703702,3.893617021276596,3.84615384615385,0,3.7875077397001,0.0,LOW
NG-STU-0438,Computer Engineering,3.9148936170212765,3.0816326530612246,3.021276595744681,3.29166666666667,0,3.3493111963138373,0.0,LOW
NG-STU-0439,Computer Engineering,3.234042553191489,2.559322033898305,2.836734693877551,2.69649805447471,0,2.986926687820599,0.0,LOW
NG-STU-0440,Computer Engineering,3.978723404255319,4.0588235294117645,3.6530612244897958,4.06363636363636,0,3.9507634601790627,0.0,LOW
NG-STU-0441,Computer Engineering,3.4893617021276597,2.2142857142857144,1.8181818181818181,2.2956204379562,0,2.4087962389742077,0.0033333333333333335,LOW
NG-STU-0442,Computer Engineering,3.425531914893617,2.816326530612245,3.2653061224489797,3.21145374449339,0,3.273358381517211,0.0,LOW
NG-STU-0443,Computer Engineering,4.1063829787234045,2.9464285714285716,3.0,3.18565400843882,0,3.3531090669447954,0.0,LOW
NG-STU-0444,Computer Engineering,4.595744680851064,4.469387755102041,4.51063829787234,4.62962962962963,0,4.578254436717565,0.0,LOW
NG-STU-0445,Computer Engineering,4.48936170212766,3.9183673469387754,4.23404255319149,4.14351851851852,0,4.249247002601005,0.0,LOW
NG-STU-0446,Computer Engineering,3.0638297872340425,2.660377358490566,3.122448979591837,2.995670995671,0,3.1532321137558212,0.0,LOW
NG-STU-0447,Computer Engineering,4.08,4.351351351351352,3.816666666666667,3.95454545454545,0,4.029915281350099,0.0,LOW
NG-STU-0448,Computer Engineering,3.3404255319148937,3.122448979591837,3.723404255319149,3.49090909090909,0,3.515661196064913,0.0,LOW
NG-STU-0449,Computer Engineering,3.723404255319149,3.2115384615384617,3.8085106382978724,3.71232876712329,0,3.6176930696308727,0.0,LOW
NG-STU-0450,Computer Engineering,3.8085106382978724,2.759259259259259,3.30188679245283,3.31304347826087,0,3.3652032299839,0.0,LOW
NG-STU-0451,Computer Engineering,3.6382978723404253,2.064516129032258,2.383720930232558,2.70703125,0,2.6688990853515517,0.0,LOW
NG-STU-0452,Computer Engineering,3.1702127659574466,2.75,2.456140350877193,2.74898785425101,0,2.889970200572151,0.0,LOW
NG-STU-0453,Computer Engineering,3.9574468085106385,3.5510204081632653,4.0212765957446805,3.90740740740741,0,3.9377639745973987,0.0,LOW
NG-STU-0454,Computer Engineering,4.425531914893617,3.489795918367347,3.5098039215686274,3.59471365638767,0,3.83974649384503,0.0,LOW
NG-STU-0455,Computer Engineering,3.6595744680851063,3.306122448979592,3.4893617021276597,3.47963800904977,0,3.5838975297605558,0.0,LOW
NG-STU-0456,Computer Engineering,3.978723404255319,3.795918367346939,3.7872340425531914,3.72935779816514,0,3.872546055109567,0.0,LOW
NG-STU-0457,Computer Engineering,4.617021276595745,4.3061224489795915,4.531914893617022,4.54166666666667,0,4.5093731200865745,0.0,LOW
NG-STU-0458,Computer Engineering,4.25531914893617,3.816326530612245,4.148936170212766,4.06392694063927,0,4.124876755525892,0.0,LOW
NG-STU-0459,Computer Engineering,4.043478260869565,3.56,4.020408163265306,3.84090909090909,0,3.9277593911639173,0.0,LOW
NG-STU-0460,Computer Engineering,3.5319148936170213,2.4827586206896552,2.8823529411764706,3.05907172995781,0,3.070227911196848,0.0,LOW
NG-STU-0461,Computer Engineering,4.1063829787234045,3.795918367346939,4.0638297872340425,4.10648148148148,0,4.029354968802921,0.0,LOW
NG-STU-0462,Computer Engineering,3.6808510638297873,2.6964285714285716,1.6842105263157894,2.35763888888889,0,2.587454454605391,0.01,LOW
NG-STU-0463,Computer Engineering,3.977777777777778,3.4081632653061225,3.8297872340425534,3.76168224299065,0,3.7537971170821525,0.0,LOW
NG-STU-0464,Computer Engineering,3.8666666666666667,2.8363636363636364,2.23728813559322,3.05603448275862,0,2.9525211156485973,0.0,LOW
NG-STU-0465,Computer Engineering,4.133333333333334,3.3846153846153846,3.6595744680851063,3.91244239631336,0,3.7454803252272852,0.0,LOW
NG-STU-0466,Computer Engineering,4.377777777777778,2.789473684210526,1.9365079365079365,2.74820143884892,0,2.8761082593780714,0.006666666666666667,LOW
NG-STU-0467,Computer Engineering,3.688888888888889,2.581818181818182,3.215686274509804,3.21367521367521,0,3.2587229239140285,0.0,LOW
NG-STU-0468,Computer Engineering,4.288888888888889,3.857142857142857,4.148936170212766,4.09345794392523,0,4.130737368011828,0.0,LOW
NG-STU-0469,Computer Engineering,3.8222222222222224,2.5918367346938775,2.392857142857143,2.70656370656371,0,2.8744993463341246,0.0033333333333333335,LOW
NG-STU-0470,Computer Engineering,4.844444444444444,4.428571428571429,4.48936170212766,4.62616822429907,0,4.554528162575711,0.0,LOW
NG-STU-0471,Computer Engineering,4.088888888888889,3.204081632653061,2.830188679245283,3.44394618834081,0,3.4112371199737366,0.0,LOW
NG-STU-0472,Computer Engineering,4.177777777777778,3.196078431372549,2.9183673469387754,3.48181818181818,0,3.4377881543575213,0.0,LOW
NG-STU-0473,Computer Engineering,3.7555555555555555,3.2745098039215685,3.52,3.56561085972851,0,3.6105285228781185,0.0,LOW
NG-STU-0474,Computer Engineering,3.2,2.56140350877193,2.35,2.88,0,2.798944323138817,0.0,LOW
NG-STU-0475,Computer Engineering,4.111111111111111,2.7115384615384617,2.62,3.08,0,3.0803699085168783,0.0,LOW
NG-STU-0476,Computer Engineering,3.888888888888889,2.581818181818182,2.1052631578947367,2.71887550200803,0,2.785607775994302,0.006666666666666667,LOW
NG-STU-0477,Computer Engineering,4.022222222222222,3.4705882352941178,3.2653061224489797,3.59090909090909,0,3.632284372243622,0.0,LOW
NG-STU-0478,Computer Engineering,4.622222222222222,3.938775510204082,3.8085106382978724,3.99082568807339,0,4.0587589576511265,0.0,LOW
NG-STU-0479,Computer Engineering,4.377777777777778,3.7058823529411766,4.387755102040816,4.31651376146789,0,4.191658977508096,0.0,LOW
NG-STU-0480,Computer Engineering,3.422222222222222,2.9285714285714284,3.404255319148936,3.47511312217195,0,3.356267452956297,0.0,LOW
NG-STU-0481,Computer Engineering,4.534883720930233,4.591836734693878,4.836734693877551,4.67289719626168,0,4.705078894753708,0.0,LOW
NG-STU-0482,Computer Engineering,4.4222222222222225,3.938775510204082,4.446808510638298,4.38785046728972,0,4.343276718884759,0.0,LOW
NG-STU-0483,Computer Engineering,4.022222222222222,2.7884615384615383,2.1132075471698113,2.90944881889764,0,2.89933259141245,0.0,LOW
NG-STU-0484,Computer Engineering,4.7555555555555555,4.530612244897959,4.382978723404255,4.46261682242991,0,4.527126006420337,0.0,LOW
NG-STU-0485,Computer Engineering,4.733333333333333,3.9183673469387754,4.170212765957447,4.1214953271028,0,4.2560772677583305,0.0,LOW
NG-STU-0486,Computer Engineering,4.688888888888889,4.020408163265306,4.127659574468085,4.45794392523364,0,4.295963955124705,0.0,LOW
NG-STU-0487,Computer Engineering,4.066666666666666,2.7818181818181817,2.9649122807017543,3.21702127659574,0,3.2745146620764536,0.0,LOW
NG-STU-0488,Computer Engineering,4.333333333333333,3.382978723404255,2.1538461538461537,3.36206896551724,0,3.3044172835710963,0.0,LOW
NG-STU-0489,Computer Engineering,3.6666666666666665,2.4285714285714284,2.5517241379310347,2.84210526315789,0,2.8974304346525344,0.0,LOW
NG-STU-0490,Computer Engineering,3.9555555555555557,3.204081632653061,2.2244897959183674,2.94514767932489,0,3.0286235096037637,0.0,LOW
NG-STU-0491,Computer Engineering,4.733333333333333,4.326530612244898,4.361702127659575,4.45794392523364,0,4.423105822579873,0.0,LOW
NG-STU-0492,Computer Engineering,3.4,2.918032786885246,2.607142857142857,3.08510638297872,0,2.996495330823001,0.0,LOW
NG-STU-0493,Computer Engineering,4.4,3.4489795918367347,3.58,3.74311926605505,0,3.865685909597078,0.0,LOW
NG-STU-0494,Computer Engineering,4.377777777777778,3.358490566037736,3.2653061224489797,3.6981981981982,0,3.7129520973707035,0.0,LOW
NG-STU-0495,Computer Engineering,3.6,2.849056603773585,3.1914893617021276,3.33181818181818,0,3.3408110441761734,0.0,LOW
NG-STU-0496,Computer Engineering,4.866666666666666,4.612244897959184,4.638297872340425,4.74766355140187,0,4.671752682249926,0.0,LOW
NG-STU-0497,Computer Engineering,3.9555555555555557,3.2857142857142856,3.234042553191489,3.48611111111111,0,3.548985405312424,0.0,LOW
NG-STU-0498,Computer Engineering,3.911111111111111,3.1785714285714284,4.297872340425532,3.875,0,3.8782390892034964,0.0,LOW
NG-STU-0499,Computer Engineering,3.933333333333333,2.6271186440677967,2.2857142857142856,2.64772727272727,0,2.8628737663975,0.0,LOW
NG-STU-0500,Computer Engineering,4.555555555555555,3.63265306122449,3.5531914893617023,3.82242990654206,0,3.854713559262756,0.0,LOW
NG-STU-0501,Computer Engineering,4.711111111111111,4.571428571428571,4.51063829787234,4.64485981308411,0,4.602417680739148,0.0,LOW
NG-STU-0502,Computer Engineering,4.355555555555555,3.673469387755102,3.276595744680851,3.83177570093458,0,3.7892803255315552,0.0,LOW
NG-STU-0503,Computer Engineering,3.022222222222222,2.690909090909091,1.8113207547169812,2.40569395017794,0,2.497429336149692,0.02,LOW
NG-STU-0504,Computer Engineering,4.177777777777778,3.0925925925925926,2.8653846153846154,3.21397379912664,0,3.380178581326302,0.0,LOW
NG-STU-0505,Computer Engineering,3.369565217391304,2.169491525423729,1.4179104477611941,2.15824915824916,0,2.183790286653187,0.05,LOW
NG-STU-0506,Computer Engineering,3.8,3.018867924528302,3.3617021276595747,3.69369369369369,0,3.512784064143562,0.0,LOW
NG-STU-0507,Computer Engineering,3.6,3.0,3.9361702127659575,3.72972972972973,0,3.597312101122105,0.0,LOW
NG-STU-0508,Computer Engineering,4.377777777777778,3.3962264150943398,2.5,4.0,0,3.464469234149637,0.0,LOW
NG-STU-0509,Computer Engineering,3.8222222222222224,2.9166666666666665,2.6382978723404253,3.2262443438914,0,3.223723954678394,0.0,LOW
NG-STU-0510,Computer Engineering,4.333333333333333,3.510204081632653,3.75,3.71818181818182,0,3.8971403362807573,0.0,LOW
NG-STU-0511,Computer Engineering,3.6444444444444444,2.5918367346938775,2.1864406779661016,2.97863247863248,0,2.807653188487054,0.013333333333333334,LOW
NG-STU-0512,Computer Engineering,3.5238095238095237,3.0714285714285716,3.1176470588235294,3.44298245614035,0,3.356150921498619,0.0,LOW
NG-STU-0513,Computer Engineering,3.5,3.1132075471698113,3.5416666666666665,3.56053811659193,0,3.474271827889138,0.0,LOW
NG-STU-0514,Computer Engineering,4.086956521739131,2.35,1.7538461538461538,2.68560606060606,0,2.664590336958772,0.0,LOW
NG-STU-0515,Computer Engineering,3.760869565217391,2.6296296296296298,2.5606060606060606,2.95219123505976,0,2.9680322083944715,0.0,LOW
NG-STU-0516,Computer Engineering,3.891304347826087,3.5918367346938775,3.891304347826087,3.7887323943662,0,3.862192360032636,0.0,LOW
NG-STU-0517,Computer Engineering,3.4565217391304346,3.0625,3.0625,3.04366812227074,0,3.2601153241370957,0.0,LOW
NG-STU-0518,Computer Engineering,2.9347826086956523,2.5789473684210527,2.298507462686567,2.68965517241379,0,2.627182446009107,0.04666666666666667,LOW
NG-STU-0519,Computer Engineering,3.9130434782608696,3.4038461538461537,3.795918367346939,3.75342465753425,0,3.751157117236459,0.0,LOW
NG-STU-0520,Computer Engineering,4.108695652173913,4.224489795918367,4.5,4.29107981220657,0,4.366562995923834,0.0,LOW
NG-STU-0521,Computer Engineering,2.276595744680851,1.7936507936507937,1.2222222222222223,1.88269794721408,1,1.9457067902886218,1.0,CRITICAL
NG-STU-0522,Computer Engineering,3.5,3.235294117647059,2.3461538461538463,3.20796460176991,0,3.0149626208225135,0.0,LOW
NG-STU-0523,Computer Engineering,4.369565217391305,4.183673469387755,3.765957446808511,4.16355140186916,0,4.093339453936078,0.0,LOW
NG-STU-0524,Computer Engineering,3.652173913043478,3.0980392156862746,3.391304347826087,3.55348837209302,0,3.4920296536407474,0.0,LOW
NG-STU-0525,Computer Engineering,3.608695652173913,3.547169811320755,3.9347826086956523,3.74654377880184,0,3.803069422554338,0.0,LOW
NG-STU-0526,Computer Engineering,2.9347826086956523,2.4166666666666665,1.7941176470588236,2.60294117647059,0,2.4244830643735003,0.20666666666666667,LOW
NG-STU-0527,Computer Engineering,3.3260869565217392,2.225806451612903,1.7878787878787878,2.33935018050542,0,2.4033002859759893,0.006666666666666667,LOW
NG-STU-0528,Computer Engineering,4.369565217391305,4.285714285714286,3.84,4.28899082568807,0,4.134555596340893,0.0,LOW
NG-STU-0529,Computer Engineering,3.5217391304347827,3.0925925925925926,2.413793103448276,2.97083333333333,0,2.9885723627948684,0.0,LOW
NG-STU-0530,Computer Engineering,4.217391304347826,3.9183673469387754,4.173913043478261,4.21596244131455,0,4.147907329680959,0.0,LOW
NG-STU-0531,Computer Engineering,3.369565217391304,3.0784313725490198,3.0652173913043477,3.26027397260274,0,3.268054848599961,0.0,LOW
NG-STU-0532,Computer Engineering,3.782608695652174,3.5510204081632653,3.5217391304347827,3.69907407407407,0,3.688164207216556,0.0,LOW
NG-STU-0533,Computer Engineering,4.3478260869565215,3.673469387755102,4.108695652173913,4.2018779342723,0,4.105998162878321,0.0,LOW
NG-STU-0534,Computer Engineering,4.355555555555555,3.0727272727272728,3.6595744680851063,3.71428571428571,0,3.6531958487726515,0.0,LOW
NG-STU-0535,Computer Engineering,4.333333333333333,3.5714285714285716,4.361702127659575,4.15277777777778,0,4.099882763634903,0.0,LOW
NG-STU-0536,Computer Engineering,2.977777777777778,2.180327868852459,3.8,3.14529914529915,0,3.2814487112726485,0.0033333333333333335,LOW
NG-STU-0537,Computer Engineering,3.088888888888889,3.0727272727272728,3.8,3.35111111111111,0,3.506974223649197,0.0,LOW
NG-STU-0538,Computer Engineering,4.6,4.26530612244898,4.76595744680851,4.65740740740741,0,4.628787641271006,0.0,LOW
NG-STU-0539,Computer Engineering,3.8,3.3877551020408165,4.404255319148936,3.95833333333333,0,3.9643079268318746,0.0,LOW
NG-STU-0540,Computer Engineering,3.8666666666666667,2.9183673469387754,3.297872340425532,3.44292237442922,0,3.4221794965177845,0.0,LOW
NG-STU-0541,Computer Engineering,3.9555555555555557,3.326530612244898,3.872340425531915,3.65277777777778,0,3.800775924485678,0.0,LOW
NG-STU-0542,Computer Engineering,3.933333333333333,3.3333333333333335,3.6595744680851063,3.68807339449541,0,3.712439354444652,0.0,LOW
NG-STU-0543,Computer Engineering,4.6,4.0,4.425531914893617,4.2962962962963,0,4.368954486200587,0.0,LOW
NG-STU-0544,Computer Engineering,3.933333333333333,3.0392156862745097,4.26530612244898,3.74090909090909,0,3.8550403801553093,0.0,LOW
NG-STU-0545,Computer Engineering,4.6,3.36734693877551,4.03921568627451,4.08968609865471,0,4.02551399581898,0.0,LOW
NG-STU-0546,Computer Engineering,4.288888888888889,3.6792452830188678,4.574468085106383,4.2,0,4.219342534850432,0.0,LOW
NG-STU-0547,Computer Engineering,4.444444444444445,3.6122448979591835,4.276595744680851,4.18518518518519,0,4.173891043112702,0.0,LOW
NG-STU-0548,Computer Engineering,3.977777777777778,3.196078431372549,4.387755102040816,3.84545454545455,0,3.896814894567931,0.0,LOW
NG-STU-0549,Computer Engineering,3.8222222222222224,2.980392156862745,3.8297872340425534,3.38181818181818,0,3.601266449751769,0.0,LOW
NG-STU-0550,Computer Engineering,4.2444444444444445,3.3877551020408165,4.583333333333333,4.15207373271889,0,4.103937000620532,0.0,LOW
NG-STU-0551,Computer Engineering,4.488888888888889,3.857142857142857,4.468085106382978,4.34259259259259,0,4.2744828070280105,0.0,LOW
NG-STU-0552,Computer Engineering,3.466666666666667,2.5344827586206895,3.48,3.42857142857143,0,3.3256799203814884,0.0,LOW
NG-STU-0553,Computer Engineering,3.3555555555555556,2.3469387755102042,3.851063829787234,3.42035398230089,0,3.391546117378822,0.0,LOW
NG-STU-0554,Computer Engineering,4.7555555555555555,3.8979591836734695,4.872340425531915,4.5,0,4.509779546801048,0.0,LOW
NG-STU-0555,Computer Engineering,3.0444444444444443,2.4464285714285716,2.7,2.8155737704918,0,2.8826093725738713,0.0,LOW
NG-STU-0556,Computer Engineering,3.6,3.2941176470588234,4.042553191489362,3.59090909090909,0,3.8128710472177363,0.0,LOW
NG-STU-0557,Computer Engineering,4.333333333333333,3.56,3.727272727272727,3.76497695852535,0,3.8971403362807573,0.0,LOW
NG-STU-0558,Computer Engineering,4.555555555555555,4.061224489795919,4.680851063829787,4.51851851851852,0,4.501973165620263,0.0,LOW
NG-STU-0559,Computer Engineering,4.355555555555555,3.306122448979592,4.404255319148936,4.12962962962963,0,4.04496083299103,0.0,LOW
NG-STU-0560,Computer Engineering,4.0,3.176470588235294,3.8297872340425534,3.51376146788991,0,3.6673510548818533,0.0,LOW
NG-STU-0561,Computer Engineering,3.7111111111111112,2.9411764705882355,3.851063829787234,3.49082568807339,0,3.5457341286341078,0.0,LOW
NG-STU-0562,Computer Engineering,3.977777777777778,3.204081632653061,4.042553191489362,3.83796296296296,0,3.7837160958050293,0.0,LOW
NG-STU-0563,Computer Engineering,4.155555555555556,3.3962264150943398,3.893617021276596,3.82727272727273,0,3.885362283473435,0.0,LOW
NG-STU-0564,Computer Engineering,4.177777777777778,3.8627450980392157,4.446808510638298,4.22018348623853,0,4.254707088277292,0.0,LOW
NG-STU-0565,Computer Engineering,4.466666666666667,3.8823529411764706,4.468085106382978,4.30275229357798,0,4.343276718884759,0.0,LOW
NG-STU-0566,Computer Engineering,4.266666666666667,3.489795918367347,4.170212765957447,4.13888888888889,0,4.053786412034224,0.0,LOW
NG-STU-0567,Computer Engineering,3.6444444444444444,2.982456140350877,3.625,3.48908296943231,0,3.521953262045155,0.0,LOW
NG-STU-0568,Computer Engineering,3.7111111111111112,3.5510204081632653,4.0638297872340425,3.76388888888889,0,3.8677929778616105,0.0,LOW
NG-STU-0569,Computer Engineering,3.7777777777777777,2.5714285714285716,3.857142857142857,3.59555555555556,0,3.5206287915803216,0.0,LOW
NG-STU-0570,Computer Engineering,4.288888888888889,3.7551020408163267,4.468085106382978,4.30555555555556,0,4.209243784349984,0.0,LOW
NG-STU-0571,Computer Engineering,3.933333333333333,3.3846153846153846,4.191489361702128,3.80821917808219,0,3.928579244233713,0.0,LOW
NG-STU-0572,Computer Engineering,3.466666666666667,3.489795918367347,4.326530612244898,3.8348623853211,0,3.950060170075652,0.0,LOW
NG-STU-0573,Computer Engineering,3.3555555555555556,2.754385964912281,4.1063829787234045,3.4025974025974,0,3.5607028289082807,0.0,LOW
NG-STU-0574,Computer Engineering,3.577777777777778,3.2745098039215685,3.836734693877551,3.7847533632287,0,3.693595925022068,0.0,LOW
NG-STU-0575,Computer Engineering,3.8444444444444446,2.8823529411764706,3.7551020408163267,3.63800904977376,0,3.5434793196271857,0.0,LOW
NG-STU-0576,Computer Engineering,4.044444444444444,3.0408163265306123,3.204081632653061,3.24774774774775,0,3.423483578929961,0.0,LOW
NG-STU-0577,Computer Engineering,4.555555555555555,4.1020408163265305,4.361702127659575,4.26388888888889,0,4.366771683510508,0.0,LOW
NG-STU-0578,Computer Engineering,3.1777777777777776,2.6724137931034484,3.784313725490196,3.36909871244635,0,3.4273600278477176,0.0,LOW
NG-STU-0579,Computer Engineering,4.044444444444444,3.730769230769231,4.702127659574468,4.36073059360731,0,4.255133354629844,0.0,LOW
NG-STU-0580,Computer Engineering,3.2954545454545454,2.389830508474576,2.1020408163265305,2.65714285714286,0,2.7092209816016273,0.0,LOW
NG-STU-0581,Computer Engineering,3.25,2.759259259259259,3.204081632653061,3.2618025751073,0,3.223230677616902,0.0,LOW
NG-STU-0582,Computer Engineering,2.4545454545454546,2.3,2.9215686274509802,2.74524714828897,0,2.9065850188780207,0.0,LOW
NG-STU-0583,Computer Engineering,4.704545454545454,4.782608695652174,4.959183673469388,4.82547169811321,0,4.787122979964292,0.0,LOW
NG-STU-0584,Computer Engineering,3.727272727272727,3.739130434782609,3.857142857142857,3.87264150943396,0,3.8367986491985047,0.0,LOW
NG-STU-0585,Computer Engineering,4.159090909090909,4.630434782608695,4.755102040816326,4.60377358490566,0,4.583047024739942,0.0,LOW
NG-STU-0586,Computer Engineering,3.659090909090909,3.25,3.877551020408163,3.64018691588785,0,3.694749717147524,0.0,LOW
NG-STU-0587,Computer Engineering,2.3863636363636362,1.8208955223880596,2.169811320754717,2.21305841924399,0,2.3680188382831693,0.03666666666666667,LOW
NG-STU-0588,Computer Engineering,4.431818181818182,4.739130434782608,4.26530612244898,4.51415094339623,0,4.484644323292078,0.0,LOW
NG-STU-0589,Computer Engineering,2.5454545454545454,3.5576923076923075,3.1538461538461537,3.17543859649123,0,3.3722331039489912,0.0,LOW
NG-STU-0590,Computer Engineering,4.0227272727272725,3.14,3.8979591836734695,3.76388888888889,0,3.740666341765126,0.0,LOW
NG-STU-0591,Computer Engineering,3.6136363636363638,2.032258064516129,3.0588235294117645,2.92,0,3.0473431028614275,0.0,LOW
NG-STU-0592,Computer Engineering,3.6136363636363638,4.270833333333333,4.836734693877551,4.41588785046729,0,4.37385905476314,0.0,LOW
NG-STU-0593,Computer Engineering,4.0227272727272725,4.456521739130435,4.755102040816326,4.54716981132075,0,4.513647597527132,0.0,LOW
NG-STU-0594,Computer Engineering,2.840909090909091,3.066666666666667,3.4285714285714284,3.31018518518519,0,3.353932247888435,0.0,LOW
NG-STU-0595,Computer Engineering,3.7954545454545454,2.980392156862745,2.5918367346938775,3.12227074235808,0,3.0798781102585093,0.0,LOW
NG-STU-0596,Computer Engineering,4.613636363636363,4.608695652173913,4.326530612244898,4.5188679245283,0,4.494838527251911,0.0,LOW
NG-STU-0597,Computer Engineering,4.181818181818182,4.391304347826087,4.36734693877551,4.09302325581395,0,4.29640238458148,0.0,LOW
NG-STU-0598,Computer Engineering,3.909090909090909,2.9038461538461537,3.32,3.01626016260163,0,3.3954815202964825,0.0,LOW
NG-STU-0599,Computer Engineering,4.318181818181818,4.369565217391305,4.469387755102041,4.23584905660377,0,4.403601604278114,0.0,LOW
NG-STU-0600,Computer Engineering,1.9090909090909092,2.9322033898305087,2.1176470588235294,2.62878787878788,0,2.680365569250222,0.02,LOW
NG-STU-0601,Computer Engineering,2.909090909090909,3.38,3.926829268292683,3.43805309734513,0,3.640663266236263,0.0,LOW
NG-STU-0602,Computer Engineering,4.0,3.6666666666666665,4.163265306122449,4.02803738317757,0,4.0324923130814385,0.0,LOW
NG-STU-0603,Computer Engineering,3.522727272727273,4.108695652173913,4.510204081632653,4.32075471698113,0,4.2739898424903915,0.0,LOW
NG-STU-0604,Computer Engineering,4.318181818181818,3.851063829787234,3.673469387755102,3.90610328638498,0,3.968230679772425,0.0,LOW
NG-STU-0605,Computer Engineering,2.697674418604651,2.0634920634920637,2.450980392156863,2.69721115537849,0,2.5913803626429845,0.0,LOW
NG-STU-0606,Computer Engineering,4.931818181818182,4.913043478260869,4.979591836734694,4.88207547169811,0,4.8457413315820315,0.0,LOW
NG-STU-0607,Computer Engineering,4.181818181818182,4.291666666666667,4.020408163265306,4.03271028037383,0,4.1381548906586625,0.0,LOW
NG-STU-0608,Computer Engineering,3.272727272727273,3.6666666666666665,4.081632653061225,3.83181818181818,0,3.869129585395741,0.0,LOW
NG-STU-0609,Computer Engineering,2.4,2.2758620689655173,1.8067226890756303,2.4,0,2.270786202102918,0.08666666666666667,LOW
NG-STU-0610,Computer Engineering,2.6363636363636362,2.88,3.549019607843137,3.26126126126126,0,3.345074986294231,0.0,LOW
NG-STU-0611,Computer Engineering,3.7954545454545454,3.196078431372549,2.857142857142857,3.38636363636364,0,3.3393271343974424,0.0,LOW
NG-STU-0612,Computer Engineering,3.25,1.901639344262295,2.2115384615384617,2.52918287937743,0,2.593064291905762,0.006666666666666667,LOW
NG-STU-0613,Computer Engineering,4.613636363636363,4.8478260869565215,4.979591836734694,4.69339622641509,0,4.765961442572816,0.0,LOW
NG-STU-0614,Computer Engineering,3.5,3.176470588235294,3.816326530612245,3.52073732718894,0,3.548745420787572,0.0,LOW
NG-STU-0615,Computer Engineering,4.318181818181818,2.7777777777777777,3.74468085106383,3.47727272727273,0,3.588002456625327,0.0,LOW
NG-STU-0616,Computer Engineering,2.727272727272727,3.2,3.0784313725490198,3.27272727272727,0,3.2637343051017753,0.0,LOW
NG-STU-0617,Computer Engineering,3.7954545454545454,4.0,4.36734693877551,4.10377358490566,0,4.173487188495271,0.0,LOW
NG-STU-0618,Computer Engineering,4.0,3.652173913043478,3.693877551020408,3.65277777777778,0,3.8349225227248245,0.0,LOW
NG-STU-0619,Computer Engineering,4.0227272727272725,3.8333333333333335,4.346938775510204,4.13023255813953,0,4.133345164293182,0.0,LOW
NG-STU-0620,Computer Engineering,2.340909090909091,2.661290322580645,2.8627450980392157,2.7093023255814,0,2.919456132576055,0.0,LOW
NG-STU-0621,Computer Engineering,2.590909090909091,2.090909090909091,1.6346153846153846,3.0,0,2.4340435401640383,0.6366666666666667,HIGH
NG-STU-0622,Computer Engineering,3.688888888888889,3.981132075471698,4.291666666666667,4.10502283105023,0,4.1486344106084925,0.0,LOW
NG-STU-0623,Computer Engineering,2.1320754716981134,2.0615384615384613,1.4462809917355373,1.92380952380952,1,1.9457067902886218,1.0,CRITICAL
NG-STU-0624,Computer Engineering,4.333333333333333,3.82,3.297872340425532,3.73732718894009,0,3.797135750995225,0.0,LOW
NG-STU-0625,Computer Engineering,3.1555555555555554,2.2,1.8076923076923077,2.30985915492958,0,2.3622453260874745,0.023333333333333334,LOW
NG-STU-0626,Computer Engineering,3.5531914893617023,3.5294117647058822,3.36,3.59276018099548,0,3.57284232730374,0.0,LOW
NG-STU-0627,Computer Engineering,3.04,3.38,3.0,3.29741379310345,0,3.253425379209946,0.0,LOW
NG-STU-0628,Computer Engineering,3.0416666666666665,3.08,2.53125,2.91532258064516,0,2.9415327185704174,0.0,LOW
NG-STU-0629,Computer Engineering,3.688888888888889,2.96,4.040816326530612,3.51555555555556,0,3.6717879019175554,0.0,LOW
NG-STU-0630,Computer Engineering,3.44,4.14,3.9148936170212765,3.91363636363636,0,3.8910207546091278,0.0,LOW
NG-STU-0631,Computer Engineering,3.4468085106382977,4.18,3.5531914893617023,3.63963963963964,0,3.7673502792012195,0.0,LOW
NG-STU-0632,Computer Engineering,4.695652173913044,4.66,4.51063829787234,4.57407407407407,0,4.602417680739148,0.0,LOW
NG-STU-0633,Computer Engineering,2.943396226415094,2.5918367346938775,0.9682539682539683,1.99210526315789,1,2.099132805884668,1.0,CRITICAL
NG-STU-0634,Computer Engineering,3.106382978723404,3.34,3.0,3.21459227467811,0,3.253425379209946,0.0,LOW
NG-STU-0635,Computer Engineering,4.266666666666667,4.36,4.382978723404255,4.3906976744186,0,4.356054192340973,0.0,LOW
NG-STU-0636,Computer Engineering,3.4565217391304346,3.62,3.5106382978723403,3.63133640552995,0,3.635333232427227,0.0,LOW
NG-STU-0637,Computer Engineering,3.511111111111111,3.82,3.6808510638297873,3.56502242152466,0,3.767540048009689,0.0,LOW
NG-STU-0638,Computer Engineering,3.125,3.4901960784313726,3.1206896551724137,3.25751072961373,0,3.3947594375891676,0.0,LOW
NG-STU-0639,Computer Engineering,4.0,4.1,4.191489361702128,4.2046511627907,0,4.140839120105995,0.0,LOW
NG-STU-0640,Computer Engineering,3.933333333333333,3.92,3.7872340425531914,3.80275229357798,0,3.9300165098532855,0.0,LOW
NG-STU-0641,Computer Engineering,2.6595744680851063,2.484375,3.06,2.82786885245902,0,2.996226573919067,0.0,LOW
NG-STU-0642,Computer Engineering,2.782608695652174,2.0816326530612246,2.6129032258064515,2.36231884057971,0,2.511945318080096,0.0,LOW
NG-STU-0643,Computer Engineering,4.2444444444444445,4.4,4.468085106382978,4.33488372093023,0,4.386053016822456,0.0,LOW
NG-STU-0644,Computer Engineering,3.148936170212766,3.215686274509804,2.9344262295081966,3.14285714285714,0,3.233616955097271,0.0,LOW
NG-STU-0645,Computer Engineering,2.4716981132075473,2.9019607843137254,1.515625,2.30564784053156,0,2.4208072318641163,0.07,LOW
NG-STU-0646,Computer Engineering,3.9574468085106385,4.16,3.9361702127659575,4.07373271889401,0,4.027738364672841,0.0,LOW
NG-STU-0647,Computer Engineering,4.933333333333334,4.88,4.74468085106383,4.77674418604651,0,4.795969959760287,0.0,LOW
NG-STU-0648,Computer Engineering,3.977777777777778,4.22,3.893617021276596,3.97209302325581,0,4.0220293846370465,0.0,LOW
NG-STU-0649,Computer Engineering,3.7333333333333334,3.86,3.723404255319149,3.67441860465116,0,3.811643660319864,0.0,LOW
NG-STU-0650,Computer Engineering,4.295454545454546,3.326530612244898,2.1447368421052633,3.76958525345622,0,3.3523942211356017,0.0,LOW
NG-STU-0651,Computer Engineering,4.511111111111111,4.62,3.94,4.30275229357798,0,4.214228960193265,0.0,LOW
NG-STU-0652,Computer Engineering,2.938775510204082,2.9411764705882355,2.0491803278688523,2.6144578313253,0,2.6495175293096436,0.03,LOW
NG-STU-0653,Computer Engineering,3.311111111111111,3.94,3.42,3.78440366972477,0,3.6297856620777376,0.0,LOW
NG-STU-0654,Computer Engineering,3.7777777777777777,3.56,3.9375,3.76958525345622,0,3.841026279724148,0.0,LOW
NG-STU-0655,Computer Engineering,2.652173913043478,2.3125,2.5166666666666666,2.76470588235294,0,2.7318428443594795,0.0,LOW
NG-STU-0656,Computer Engineering,2.4423076923076925,2.65625,2.657142857142857,3.02553191489362,0,2.8946790931212973,0.0,LOW
NG-STU-0657,Computer Engineering,3.5952380952380953,2.59375,3.3846153846153846,3.23706896551724,0,3.3753785402230956,0.0033333333333333335,LOW
NG-STU-0658,Computer Engineering,3.5434782608695654,3.21875,3.238095238095238,3.28205128205128,0,3.443365647050365,0.0,LOW
NG-STU-0659,Computer Engineering,3.2142857142857144,3.03125,3.3870967741935485,3.51612903225806,0,3.375652997782871,0.0,LOW
NG-STU-0660,Computer Engineering,2.0806451612903225,2.625,2.3055555555555554,2.51724137931034,0,2.6039250359874537,0.0033333333333333335,LOW
NG-STU-0661,Computer Engineering,2.875,2.40625,2.869565217391304,2.83884297520661,0,2.917005129864684,0.0,LOW
NG-STU-0662,Computer Engineering,4.428571428571429,4.28125,4.5,4.49767441860465,0,4.4935832156556375,0.0,LOW
NG-STU-0663,Computer Engineering,4.159090909090909,3.21875,3.365079365079365,3.75336322869955,0,3.621596964704944,0.0,LOW
NG-STU-0664,Computer Engineering,2.230769230769231,2.25,2.261904761904762,2.33457249070632,0,2.406890101137963,0.03,LOW
NG-STU-0665,Computer Engineering,3.380952380952381,2.40625,2.1728395061728394,2.80161943319838,0,2.7519367811119935,0.0,LOW
NG-STU-0666,Computer Engineering,4.333333333333333,3.90625,4.383333333333334,4.44651162790698,0,4.255081816831764,0.0,LOW
NG-STU-0667,Computer Engineering,3.5714285714285716,2.71875,2.8923076923076922,3.34090909090909,0,3.2147340357977545,0.0,LOW
NG-STU-0668,Computer Engineering,3.5348837209302326,3.6875,3.9166666666666665,3.87037037037037,0,3.8073465725116304,0.0,LOW
NG-STU-0669,Computer Engineering,3.25,2.25,3.375,3.21397379912664,0,3.2060551177740377,0.0,LOW
NG-STU-0670,Computer Engineering,3.577777777777778,3.03125,3.212121212121212,3.52422907488987,0,3.405394079287448,0.0,LOW
NG-STU-0671,Computer Engineering,2.9047619047619047,2.375,2.619047619047619,2.79487179487179,0,2.7523676248891227,0.0,LOW
NG-STU-0672,Computer Engineering,3.6136363636363638,3.09375,3.3666666666666667,3.5668202764977,0,3.4920296536407474,0.0,LOW
NG-STU-0673,Computer Engineering,4.690476190476191,4.4375,4.866666666666666,4.77209302325581,0,4.709187220570892,0.0,LOW
NG-STU-0674,Computer Engineering,3.046511627906977,2.53125,2.6973684210526314,2.86,0,2.8826093725738713,0.0033333333333333335,LOW
NG-STU-0675,Computer Engineering,1.734375,2.225806451612903,2.638888888888889,2.64925373134328,0,2.711837496348024,0.006666666666666667,LOW
NG-STU-0676,Computer Engineering,2.9545454545454546,2.625,2.3492063492063493,2.61943319838057,0,2.6765638487394927,0.0,LOW
NG-STU-0677,Computer Engineering,3.857142857142857,3.5,4.166666666666667,4.18139534883721,0,3.983501174877587,0.0,LOW
NG-STU-0678,Computer Engineering,1.9259259259259258,1.78125,2.058139534883721,2.30313588850174,0,2.2326781146626002,0.12666666666666668,LOW
NG-STU-0679,Computer Engineering,3.372093023255814,2.75,3.140625,3.43181818181818,0,3.1908992908123173,0.0,LOW
NG-STU-0680,Computer Engineering,2.7291666666666665,1.96875,2.8208955223880596,2.98305084745763,0,2.8460801661225736,0.0,LOW
NG-STU-0681,Computer Engineering,2.875,2.375,3.253731343283582,3.22553191489362,0,3.1180461438767613,0.0,LOW
NG-STU-0682,Computer Engineering,2.630434782608696,2.53125,2.6176470588235294,2.89270386266094,0,2.7630468822976604,0.013333333333333334,LOW
NG-STU-0683,Computer Engineering,2.761904761904762,2.6875,2.7162162162162162,2.83884297520661,0,2.905884559416033,0.0,LOW
NG-STU-0684,Computer Engineering,4.023809523809524,4.0,3.6031746031746033,3.95412844036697,0,3.9503425994943675,0.0,LOW
NG-STU-0685,Computer Engineering,3.0714285714285716,3.0,2.671641791044776,3.13333333333333,0,3.0661981520018573,0.0,LOW
NG-STU-0686,Computer Engineering,3.9545454545454546,4.0,4.233333333333333,4.27649769585253,0,4.191238516748369,0.0,LOW
NG-STU-0687,Computer Engineering,4.880952380952381,4.75,4.983333333333333,4.89767441860465,0,4.809720995345443,0.0,LOW
NG-STU-0688,Computer Engineering,3.6666666666666665,3.28125,3.8,3.75348837209302,0,3.668440936143427,0.0,LOW
NG-STU-0689,Computer Engineering,3.9047619047619047,3.21875,3.9166666666666665,3.87155963302752,0,3.7395716300535744,0.0,LOW
NG-STU-0690,Computer Engineering,3.8333333333333335,3.375,3.5,3.66968325791855,0,3.6534266856905036,0.0,LOW
NG-STU-0691,Computer Engineering,2.230769230769231,2.3125,2.472972972972973,2.80165289256198,0,2.7105949075982,0.0033333333333333335,LOW
NG-STU-0692,Computer Engineering,2.7083333333333335,3.09375,2.619718309859155,3.20425531914894,0,2.978245127103268,0.0,LOW
NG-STU-0693,Computer Engineering,3.0697674418604652,3.5625,4.083333333333333,3.7962962962963,0,3.816255722476865,0.0,LOW
NG-STU-0694,Computer Engineering,4.214285714285714,3.78125,3.984126984126984,4.12844036697248,0,4.0511673723878605,0.0,LOW
NG-STU-0695,Computer Engineering,2.7254901960784315,2.625,2.4625,2.83333333333333,0,2.779340831533534,0.0,LOW
NG-STU-0696,Computer Engineering,4.0,3.71875,3.7666666666666666,3.92660550458716,0,3.872546055109567,0.0,LOW
NG-STU-0697,Computer Engineering,3.9523809523809526,3.71875,3.3174603174603177,3.71945701357466,0,3.6830096129512953,0.0,LOW
NG-STU-0698,Computer Engineering,2.9130434782608696,2.96875,2&u&410564q0256î3l2"9'8;159467x6680,r.±0%678707166,∞.ê¨HO
NF≠SDU269h,Co†puter0Enghn%erhoo,3>13r26363627323&2,2.2±875,#>28333;313#3s≥3,3.69b 6=3t9'68,0L3&5547:3384=<&7≥8,0Ø0¨LK	
NGmSTU0708,Comrtt•s!Enf)neering,2/6t44447¥44445¥43.06≤5,2Nµ0614224352ı107.2.6=958477;662>,0,2.(9"039441117s¨0.8,L«W
NC-St/0'09,Cnmpud%r ≈~Á)l%ecInw,2*283018867=≤44285<".5,2.446ú444444454t46,:Æ7w44918∞3∑8&9,1,R*721 87946726396,≤&003≥1333337s313314,\W	
G-STU,0700¨Gn}puÙer(EjÁinearingo4&05238095≤380π5<3.75.4n13ì333333333;2v<4Æ025110≥09?7,,17u1719:94793≤1,1.0,LOw
ŒW-√TV907∞3,CompuTer EnGinderino,.ñ91818181xy819952*u≠2.>87:8787(78∏l3,1419!413119011,5(2926996408,86553(0,0,LOWç
ZG%SU-$'04,ComqutdÚ(ENcenugri|f<2"8:0103909%2s1,2Ø86375,2-74285w1<8'143.2.1007w1y29846,1,2,986>64549±1053,0.0,G]
NG-StU-0wp,∆kmptpÂÚ Enging}r)lg,2.17021≤765957<∂6-2."587u,2.38&6676662>66467.3.50>15394V5u;85(0,2"¥0843012∑π08=29.0.01,l_[ Á%CTu:∑ 6,compuTej`Df#ineÁring,1.82206(96551w6413,1.083=,1j502"9<x4076712,2.0414≤29µ34=48,1,2n030"21421417u∑,0.4933r3333333ì∑335MOAERÅTEJNG-sTU070˜,Aogput%R EfginÂering,3*t5?71=05361947$,3.9∂875,4∞,3.998w967º4106,8$3.9w9186870520146,2*∏,lOWNG-SLU-07p∏,CkmpuPer!Ifg)Óeebing,4.1'1§08571428571,!.∂87ul4>7,4.065142590v977,0,4.119167;5125r6,∞&∞,OU
NG-ST’-0569-CmmpuVer Eneilderinw,3Æ5w1î:∏514#85716#.07%$3.32694u6y8q27$2.2!4778908257<0,3.5327751;63840<,0.0)LgW
NGÂSTm21$CO-pupgr e*gi.qering¨≤.2=228292&82?228,2>2".w0<9180327868=54,2.95132743'62822,0-3.0˜±45;69∞+5157(0.plDOG
OG-SXU-0'50,Computdr UjÁyne5rinw,2é0+803921568627<>l.68752.953846153∏469542.941r(68964510¨0<2.1655 :î1r261v3,0.∞,LGU
NO-ST—-4713<Coe`utmb neilgepilg,331420µ71468∑'364,3.6565,4%1>6.r23255139534<4,¥.p5738 -8920<6)04,0.0,LOW
NG/STU%01',Coepuxdr UogmnegÚinc,v/6x=0.7y6,1.8!:26708t;73u,p.2x824)39≥<9§43,1.R.p93µ03≥93)?1r,p.±1{333;333333q3s$OW
NG-STu040,aoÈXu¥mr EnoiJeering,2.315799¥73684 )0>,±.'17%,1ÆT4y53∏0003431y1,1.8"9" 4(1y27719(5,0.84004821639¥410,1/ (CRITKCAOBNG-SU) 71=,ComputeR Engije`ring,212207%67±691124,0.±2=,2.!45T0540%40%44,2*770±612yp322%8¨1,:.Ω817%6817696705-p&02-MOM
N-STWp7±∑(Coitu4eh$≈ngkjeeryne,2.0)93p353820y7,2>4,2.5=#55,ì.017"682266696, ,2,75986ô7963052'5,80,LN_
N«≠S‘U-07!7(cÔmPuter ENwinıaziÓg,3014R8¸71256q44,2><6x75$3*0472?90476590474,q.23±441048034)3-0(*058∞8u7456546080.0,lOS
Ng-ST’Ï07±8,Cglutep NwmnÂai.«,4>714285714S5∑34(¥.í8225,4.47666626666v66d.583397≥48∏3ü0(∞(4.49("4;5q42708,∞.0,@V
Lw-SVU-p7 9,Comtutdr EÏein|eralg¨3.833≥333c133s3;s5l1.75$3&y5,4Æ04187046!1!~28.03n9#181647ø13870:4,0.1,DOWH)”VU%0720,Computer Enganeering$2"32256q1449l≤.06875,2.968≤317>;23 76y3,3>2207')"2p7922,2>".y6431744676886,060(LKW
«-STE%0721,Compu4es ncin%ering-2.2&8,:1052v3=1789,2.0~25,2.337149397590;06,:.6168#7 35∞S'04,0L≤¨45391tπ0!W29,0.0fL__
Nk-STU-723,√Ompter EngineesÈng,2n0,2*8537%(6.8!01†8518189%,:>90779t5798319,0,3.050.468708670026,00,LOG
NF-ST¨07r3,comptvgr engYnÂeriÓd,2?π23779r3pw4905,2.116s8278720404,1&v61971<301841u,0(y7135386615385≠0.6.19π9<20&85299˘27.1.q,CRHt	√AÃ
NG-RTE-7≤4,omuteb#nci~eerifg,4.0,3.≤72'27272'2727?,4.15,3Æ93¥883∑209#0≤3,0-3.8868420¥1õ530245,8.0.LOW
GÌSTU∞5:Elect & Em4c|"EngÈneebiof-3.:472<;24;2<32p34,2.04440<0¥t4ˆ4442,3.∞50631'∞90≤36x6,r.99871r4467µ19,∞,:.944=1Ω935000462∞>0-LOSNg?STU-?26,Alecp . EleCt†g~wi~eerIngD3Æ4054∞54∞542140=3,3.4(3.9!8367#4728∑'¨2.717∞733873173,0,3/v0744∫9q4#52772, .0-ÕOG
NW-ST]-∞':7,Elect f G¸Ect E~gÈneÂrig<4.212;161&216":6,4.3333332333≥3737,4,674v9#8771;22,4'∑ 2¥#9p63=0:4,0,4.44902008984µ295,0,∞,LOW-JG-√TS,2728$Elecd† Umect!Mn˜Aneering,6.675675451>6U66∂n3.0,3.1≥∂1#:46153;<v,3.0;11090909p;49,,;.1031*727673,0.0,ÃOw∫NO-SPU-1∑29,El$bÙ 6 Elec4 e/ginueÚhnge0.0800:10<10810:9,4.§5±404d444045,3.v&0'735x4;0w7$6Æ09=v)3w7y)0031,0,4.014507 236723,0n0,LOW
NG%STU}0∑;∞-Elegt$&&EÏebt$Unginmer9ng,5.14:±0509s8308¨6.2,3.82,3.96v∞1=4174757∫¨0-3.:6583ı9!56≤6=w,0.0,7
NG/sDU-0731,V,eat ∂`EÏ%ct Gowynuering,3.81911891918999,4&955=e55555=5156,4.1384615sx4615u.4/4578947348¥2#1,0¥,4982056$6(1 4,0.0<LW
FGm[›Ω0632,Mlect &†E,Ect$EngineerÈng,3.16#16216z1621623,3&53;32s3337≥≥1#3(7.:54901y<07843137,3.2546≤9621w2963$0.3.0∏977;π15(811673,1&0lLOWMöNG-TW-p733,ElECt@&!Elgct EjÁineeri~g,7.919±890811∫9u9,3.74µ557555554=5=5,3&5686340π801924,3é7942#8595r381.0,;.283577;58454378¨0.tåLOW
NW-WTU-0734,Elegt & Elec4 ElgineurÈÓg-4.302≥226p2742703,4.111aë113123101,4Æ534≤|31428571,4.56 73170731707,0,0.6 0#85≤277125s38.0,LOWNGQ\U-0735,EdÂgt0& El%St E.finEer!nß-4.,∞44054 5501515$¥.∞44t$0$4¥64,¥4$4>3265s06±22¥4898,43399uπ3q95122,0,4.2$o14ó112490501d8,2,LOW
 G=DU-0616,Elect ' Glect jwineeri~g,3,t50548=405425403¨rÆ82π565≤1∑391304,0.3)∏559æ2'4=01z,3.573:7r72'0707,0,[./2<39"951679h0n8,HOW
NA-StU-07;7(ElgcÙ 4 Glecv IngI.%gplng,350188108!08108,{.22≤222≤222222223,3.8!63≤613021264%,3.5673:7>9261769$0$S.4375t%7&3346,1&0<LOG*«-DU/0738Edecx &`ldct Enlifee“hne<3.95297 y0}7:973,4.4<44454t44405,4.040216326530632,426829268292"<3,0,09521"41?9435π,x,0<LOw
NC%StU%0'39,Elegt &El'cp %noineeckng,3>5945i4Ωy459459$5,s.6"'22z≤2>220222,4&0,;.817560975f976,0,;*?±829±8641662,2.2,LOW	
O-STU-0640,Ehuct ' El·ct En'kneErmng$3&655675675675676l3.26643∂226∂v666,2.6206896551ó2<137¨34'78775385965,0¨7.02316<255µ49π65,0.0,LO_N«-”Tu-p7 1¨Enect &0Elect E^giJaer@nf,358S3x37:3683'(7,3.944<4454444446,3/9∏,".∑96116504:=41'L0,3&62300646595"≤≤55l .∞4LWNG-SU’+234p,Elec| & EdEc| E-ginEering4.1891891891891895,4.91111115111911(4.5714zp409163265¨4l74)514563±pà$0-4.32;8¥70=163=12,0.0LœW
NE-Stu-?43,ElÂFp0& ElgctaEngizemring,£.702502702u02702≤,3.6(3.6;81!3"275|∑u7,3>41133788920"88l0,3.>ì39;09ø5521 29∂,0.p,Ãwù	G-SPT%1304.Elacv & Elect EÓwifeeriNg,3.14056454:µ084 #,3.86666æ4666666666,3.7v,3.µ3080368720;7˘,2,≥*519157208133¥∞4,0.1,mOUM*LE-”U-074µ,eldct  Em%ct MOeioeephng(".5$285w5438571523l2::173y5304¥6822<8™642857152857542±,2/1417624521 728$!,2Æ1ˆ60)57754∑06:35-0.97333133333333334,Lœw
NGS\U=∞744,lecv&†ÏEcu U.ginÕering,:~0:702w02702742,6.7555<7±75%555555,"<˘70149"57731343,2.8033<7280#;473,0-2.7400229334ıæ17≤2(0.0,_WJW-STU/247<ELect & Enegv%Enfil%d0incl3."43ê43243≤$32434,2.#77∑7w7∑g777778,2Æ6l2&$79∂454183265,pl2*668∂∂!66=43(446,î.0-lOWäNG--p'4x,E,e3t0'(Elect EngineerIng,3.89±8)18918=1892,.945%5555555156,4N0,4.15139805x252$3,0,.9903579092920,0.0,LMW
NG-STU=749,ƒ<ect &†Enec| nGinmgrkng,3.70560"70¢30270≤6,4n1;≥33s≥33;33#3,4,096153806157x46,;.86=47149011321,0h3.90835412!81c4h%,∞>0,LOW
N_,WTu-1750,LeCt &(ElesT GngmneeriÔg,3.5ˆ4102=z41∞:76<~3,$,3Æ35 87719=824',26'1>±=91902:≥4,0(.2030∂89'680310Æ0,MOW
NG-STU-1?71,Elfgt & Elecp Anoin·erino-1.7≤252765;5664'8.r.µ,'.90344(6758620æ9,2.964x8054w47∏l0,3.!131p222720;v7,q8,ONGeSTU/0752,Udegt ' ElektbEnGm.uerhf',4.=325702±2725947•,4.4?p>98113207147,4.s?221237µ%7447,4.53¥24v57µ34"<7¨∞,.46452085128619,†/0$LOW
NG-RTU%0751,Elegt & Ele„têefoInderif',4&17v59574460085,3.23703703∑03703?,3.92661<y?95;0837,*196652w0940537|1,3Æ;22c913≤76"8.0l
OWâ
nG-—VU4755,Elect f Alact`EÌ7ine$Ring,3&957446(885146795-3>5qs773584ª056602m≥y?72?00425#5;,{[(<5<74145654=|0,s.8201031107359>6,0.0,LO_
NG-QlU-2355,EmÙc4 & elec4 E.cineezIng,;.60455;91048936,0&55072<127∏310357,2.30<08>7457627982&576π210779"31,0,2.45126282522907.1n0±,LO◊-
NG}TU-p71V,ElCt(& ldcu DngyngÌrino¨3.595764∂p851064,3.>156062∑4589804,;>06¨3.78269058;96, ,3ºr6457:8744t¥6161,0.0,DOS
NS-SDU-076,Elect 6 E,ect`aÓg9neer)jg(3.638"978'"344253,2∞625Æ1.385818818∏0819,6.0?73333+1323≥3,0(21268∞#360q980∞7,5.ps46666624666666',LLWNGmSTUm8758,≈lect & Elgct EngindÂrknf,4.x72ìt046541915,4.306530&1r244998,4n02≥8:978723434≤5¨<.:670888x8(<889,P*4&2686±'14Y¢Û4µ3,.0,LOWVC≠rT-05%9,Elect &$Ed%ctaDngiÓde2ing,4.4∞4355339q4x13>(3Æ360≥70;8303302.".9≤7>=957<68085,3.6#9;3143∞'82r!,0,3*5î82π18?5669,0.0¨LœW
OG≠SU-°76∞,Elebt   E%„T Enghn·d`ine,2.=w8w2ø4042%µs11,2.5§838?0π6˜6511;u,:.403508671)2=0205$2.6796<35,0,2.61p4y2114w9834l.47r3733733333333,LOw
G%STU-761lEhect &0El}cd ejgIneerY~g,3&(297872340t2552!l!.=6n">6595w4<:08513(2.776,0,2.85|4818798ª71505$1.0LèW
NW-SU-0∂62,Ele#t$&!MlEctpEngiNÂar)ng$4,40|2753±91t836,4/30224816s269305,3&26659Ω34680851¨∫.9u8333331333#2,0,3.712y0050501b18,0.0,LOeNG-[T]-0∂6≥,Elecp ¶ ALegt DnGif%er)Óg,3.3617001276µ1s4w,≥.<0597016925371µ$$3é257∂92307692207%,6.769>06299216>,0l≤/812≥µ2%1ur1040Æ0<LOWI
NG-[T-05&4.Elect & E<Âkv EfginUg2aNf.0$0,0.7-3103$48075863l3.31ü158171702927¨3.30<695"4217r91 03>78173413215yp11. ,NC_G-ST]'1765,educ|@& Ulect!≈NemneEring,3.42=53191489361$s.05>6v6666#>6666.¨2.8727272∑27270ó27,3.1µw6743454=7:,0,s.053%3¢040694544,0n0-LOW
NG-STU-4w∂$Elect & Elu„t EbginaeRilg .297872340425562<§.4181>306e30612..5568 841 28298,.277∞64220!:s5,0=¥.2640x\3"&651?47<0/0,HOW
FG%SU‘0367,Elecp &†Exdct EngmneebhnG,4.5µ$µ280851∞63834,π0014 8163365305.4.v848550&3829w87,t.49µ3c0#703∑037,0º5n4812∂964130'403,2.0,L_ç
NG)Uu-8768,EmÂct$& Ulect EFwijEeRinc,4.808510038293873.48(7959!<3∂734;Æ55309148931∑123,3Æ72785185 <5185.0(3&753090p871325024<0,0,NOW
_g-WTU-0&9,EdÂct`&°elect Elgifeering,3Æ765957$54808550,b.22#"72w2537277,3.2u%5577?75758,2?4¥≥6098r:'1¶4,0,3.56479738¥956°s3,0/16667&46&2666?,LK◊OG-WPE/p?50ElesTb&0Elect Enoinemr©ng,4n08µ1∞~3∫297872Û,3>22661%09#7π∂22&,3.765{56046x08511¨3.8±3736363236;7,,3.&23∂6†b:41;9281m0.0HOW	
√%STU-ê?71$U,·kt &†Elmgv En_ineeryn'L4/624005◊3q955y&3.4528s008867q2<5,3.≥872∫40<65531;14.3"307201207"070±,p,#789:81π0717r336<0.,\KW™JG-[D-0672,Elect!& elec| MÓgko%eving¨4n0630097870344¥25,3>0371#783702'0±;;.7522>6897)59±∏35<3.6q18#40807q74π,,3.µp25061≥3<3∑, .0,LOV	VG-STU-0777mWles4`& 1ÏeCt Alg9neebing¨3.7446808510∂38,s.0&06020p60z06¯6<2.:9<7;68$290526,2.90v9024t8=v16,8-vÆ9348900000!90344h0*#LO◊JN/STU-0774,Emec4 & Eleat@GngxNeaR…og,4*195544vy095q064,4.1∑647058:;<2y4,t.255≥±π1Ù893617¨%n2>61}7 4µ8515v¨0,4.320u7¶85<wë0527,4n0,LV
^G-SPQ-0775,E‰gCT`'0El%cv`≈nfineer)ng¨4.5319548=361?0:2,$.128448179591036,.38297872404355,∂/4!27777757w778,0,4.2≥844086912430.0,ÃOW
ŒG-TU)0776¨Mhect & Alukt Enwkjee2ing(4.808µp 63;29687≤,3694t544444$6446<Æ23442413±ô ê;<4*3;049u41:84t04,0l5<294499p720t146u-0.0,MOWnG,STU-0777I|%cl"& Gl-„t E~giN%ering,4.82π7072s§4≤55≥l4.5q0244 <1630v53,4&4't46∏08510>38,4n6157487<p7<07,0<4.&07)60919≥4≤732,8.0¨lO^	NÁ-QT’-0770¨Elect ."Glect`ANgineeriÓg¨*#504≤551914<93,4.552 t181>#2620,4."!2765957446808l4:6"36"8r2962$0¨4.=<v208∑459:19d,0N0,OWNFlSTU0679,≈‰ect!&†ElÂbt†Engmneerana,533¥00r5u319143.595918367347139(3.595744680x=1t∂4,a.75536q16066r-,0$.(1583∞555631&79,¥*0,NO◊äOG-STU% 780,Ulakd0$ Udect EnginÂer)ng,4.622π672340425-4*29,4.361302±27&%9=75,4,70<?55728s7(66,4,4.3'374'93x863;∂,0.,DÕG-JG-”TUm0ø81Ed%@t & el%c$ EnGimedRinm(.44688%10638Ú977l3.6,≥.11p60438563r>?3,!<<q39477684≤11,4,≥.35662!2r¯0<5455,0:08LOUJNG-”TU%05:2lElesv0&(Elgct$en'iNgerino,<,Ò"7v7ª14%68185$Û.187775103418165-3.<72s414254#191=,1.∑9263270h1)0ˆ, ,≥&'42887865884:9,0.0,úOWM
N«-STU)0783,ElEct!& E(act(EngÈneering,4.t56:0±3 638:8x¨3.63469387754!2.3.3&746928'7551-3/941701;57<∂"06,∞,1.885'87007052629$0.,LOWNG-STU- 78<,Edect & Elect$Elgin5eÚil'-¥.s0914813600203,2.x33333s233#3≥2%$3.018981881x1818,3.29:<870282:8?,0,3,2734667925890¨0.8/LOW
ŒG-RVU≠0785,ElecÙ & Elect ƒnCmÓearilg,5.5745p081107383,.69,4.:340t45µª±9149¨$.35w888184331ö,0,4.4"y<02875π7:475µ0.0,FMUnO-STQ- '8$¨Elect &0Ehuc4 ≈ngkngırino&4n0638697x7:s40425,3.≥∏30q8(6ø9245285,3*;444r55319148=37,3.4W<149719w≥128,0,≥.52∏6245=016636,08,LœW-NW-DU≠0797,ELEct0&†UÏecv GJgÈneepIne,3.1¢6y5w44>8885,3.367848208955z0,.391q7647 882355,r.25951!709≥4060,0.342672207∞7806lp.∞03333333337s3;3235,LOWKNG•SVUm0789,Elec\(4Elmcd Engkneeri~f,4,;1499361'0612∏s.ı59∞s)616(t3137,3l5954068"81 4,3Æ'πq57±£7∂1468,0(3n7<4340829∞442433,0>4,LMWç
NG=STU-378=,Uhuc| ' ≈ldst EnwmÓegrÈg.4* 	51 6382)7721,.0π∏;r1u68ˆ2706,3*y387'u518r04–02,1.763234s&363634L4,36±:9159r|40214¨ n0,ÃOW
nE)STu=391,ElecT ¶ ≈lebt EnGineErinf-4.7442(0∫51a638#,¥.<29571$:8µ71569,4,53!9!0:9361?022,<,0743r3µ6164384-0,¥5004 754372941,2.p,LOwç
ŒG-SPU-0791(ElucÙ 6!El%ctEngin%eRhng,3.234042=&3191689,2.41269p026984126,2.1041666666666665,2.45357142857143,0,2.5609497542900304,0.023333333333333334,LOW
NG-STU-0792,Elect & Elect Engineering,4.361702127659575,3.018181818181818,3.4680851063829787,3.43859649122807,0,3.5091069904805186,0.0,LOW
NG-STU-0793,Elect & Elect Engineering,3.6595744680851063,3.122448979591837,3.2115384615384617,3.57466063348416,0,3.355371057870933,0.0,LOW
NG-STU-0794,Elect & Elect Engineering,4.787234042553192,4.510204081632653,3.391304347826087,4.18222222222222,0,3.9592948390144076,0.0,LOW
NG-STU-0795,Elect & Elect Engineering,4.74468085106383,3.7346938775510203,3.74468085106383,3.75909090909091,0,3.9256192360808093,0.0,LOW
NG-STU-0796,Elect & Elect Engineering,4.170212765957447,3.388888888888889,4.0638297872340425,3.63839285714286,0,3.838949084904444,0.0,LOW
NG-STU-0797,Elect & Elect Engineering,3.872340425531915,3.0754716981132075,2.5833333333333335,3.13656387665198,0,2.984147764326691,0.0,LOW
NG-STU-0798,Elect & Elect Engineering,4.808510638297872,4.755102040816326,4.74468085106383,4.79166666666667,0,4.729188751624923,0.0,LOW
NG-STU-0799,Elect & Elect Engineering,4.723404255319149,4.673469387755102,4.659574468085107,4.61111111111111,0,4.645642608013758,0.0,LOW
NG-STU-0800,Elect & Elect Engineering,4.680851063829787,3.4716981132075473,3.765957446808511,3.65486725663717,0,3.8236256668646136,0.0,LOW
NG-STU-0801,Elect & Elect Engineering,4.340425531914893,4.0588235294117645,4.425531914893617,4.21100917431193,0,4.234089902130463,0.0,LOW
NG-STU-0802,Elect & Elect Engineering,4.723404255319149,3.9591836734693877,4.340425531914893,4.33796296296296,0,4.293514258068014,0.0,LOW
NG-STU-0803,Elect & Elect Engineering,4.319148936170213,3.6862745098039214,3.872340425531915,3.93665158371041,0,3.904460144046146,0.0,LOW
NG-STU-0804,Elect & Elect Engineering,4.340425531914893,2.793103448275862,2.106382978723404,2.98,0,2.878430451533948,0.0,LOW
NG-STU-0805,Elect & Elect Engineering,3.574468085106383,3.0714285714285716,3.66,3.51091703056769,0,3.436369401417763,0.0,LOW
NG-STU-0806,Elect & Elect Engineering,4.595744680851064,3.877551020408163,4.191489361702128,4.06018518518519,0,4.188293747453261,0.0,LOW
NG-STU-0807,Elect & Elect Engineering,3.425531914893617,3.122448979591837,3.5098039215686274,3.52702702702703,0,3.329082956760614,0.0,LOW
NG-STU-0808,Elect & Elect Engineering,4.680851063829787,4.285714285714286,4.212765957446808,4.19266055045872,0,4.326952273716573,0.0,LOW
NG-STU-0809,Elect & Elect Engineering,4.0212765957446805,2.5806451612903225,2.7872340425531914,2.77099236641221,0,3.0316164561600867,0.0,LOW
NG-STU-0810,Elect & Elect Engineering,4.23404255319149,2.7758620689655173,2.135593220338983,2.78810408921933,0,2.843769180193124,0.0,LOW
NG-STU-0811,Elect & Elect Engineering,3.9148936170212765,2.9642857142857144,2.7857142857142856,3.3063829787234,0,3.1930132447672617,0.0,LOW
NG-STU-0812,Elect & Elect Engineering,3.0851063829787235,3.1132075471698113,3.52,3.41255605381166,0,3.31372009599424,0.0,LOW
NG-STU-0813,Elect & Elect Engineering,4.574468085106383,3.938775510204082,3.64,3.74235807860262,0,3.918658090922109,0.0,LOW
NG-STU-0814,Elect & Elect Engineering,3.3617021276595747,2.440677966101695,2.5,2.5,0,2.7280176794706086,0.0,LOW
NG-STU-0815,Elect & Elect Engineering,4.042553191489362,2.9454545454545453,3.2127659574468086,3.36480686695279,0,3.3400197179701707,0.0,LOW
NG-STU-0816,Elect & Elect Engineering,4.382978723404255,3.4693877551020407,3.9574468085106385,3.87330316742081,0,3.9051253682708396,0.0,LOW
NG-STU-0817,Elect & Elect Engineering,4.851063829787234,4.571428571428571,4.9361702127659575,4.76851851851852,0,4.753260447586848,0.0,LOW
NG-STU-0818,Elect & Elect Engineering,4.319148936170213,3.0980392156862746,3.25,3.21285140562249,0,3.446038753611967,0.0,LOW
NG-STU-0819,Elect & Elect Engineering,3.8085106382978724,2.532258064516129,2.6491228070175437,3.12396694214876,0,2.920110242833368,0.0,LOW
NG-STU-0820,Elect & Elect Engineering,3.9148936170212765,4.0,4.723404255319149,4.27314814814815,0,4.302902639011537,0.0,LOW
NG-STU-0821,Elect & Elect Engineering,3.7872340425531914,3.1785714285714284,3.173076923076923,3.27467811158798,0,3.3828728139247946,0.0,LOW
NG-STU-0822,Elect & Elect Engineering,4.25531914893617,3.3773584905660377,3.693877551020408,3.7972972972973,0,3.7539082976942444,0.0,LOW
NG-STU-0823,Elect & Elect Engineering,4.25531914893617,4.040816326530612,3.9361702127659575,3.90222222222222,0,4.038925141452901,0.0,LOW
NG-STU-0824,Elect & Elect Engineering,4.0212765957446805,2.9814814814814814,3.6808510638297873,3.34782608695652,0,3.527716747747451,0.0,LOW
NG-STU-0825,Elect & Elect Engineering,4.0212765957446805,3.607142857142857,3.207547169811321,3.5974025974026,0,3.508557663542572,0.0,LOW
NG-STU-0826,Elect & Elect Engineering,4.191489361702128,3.58,3.3461538461538463,3.61135371179039,0,3.6215841070205594,0.0,LOW
NG-STU-0827,Elect & Elect Engineering,4.659574468085107,3.1228070175438596,4.0212765957446805,3.96,0,3.859478267916885,0.0,LOW
NG-STU-0828,Elect & Elect Engineering,4.170212765957447,3.3962264150943398,3.404255319148936,3.54625550660793,0,3.597101615264289,0.0,LOW
NG-STU-0829,Elect & Elect Engineering,4.127659574468085,3.6792452830188678,4.0,3.84259259259259,0,3.9052040840559137,0.0,LOW
NG-STU-0830,Elect & Elect Engineering,4.127659574468085,2.8,4.382978723404255,3.82666666666667,0,3.7577470713584598,0.0,LOW
NG-STU-0831,Elect & Elect Engineering,3.893617021276596,4.1020408163265305,4.531914893617022,4.23148148148148,0,4.259878152376629,0.0,LOW
NG-STU-0832,Elect & Elect Engineering,4.276595744680851,4.081632653061225,4.276595744680851,4.06849315068493,0,4.193090422435052,0.0,LOW
NG-STU-0833,Elect & Elect Engineering,4.212765957446808,2.9056603773584904,2.4693877551020407,3.32217573221757,0,3.0594013875514388,0.0,LOW
NG-STU-0834,Elect & Elect Engineering,4.638297872340425,3.7755102040816326,4.127659574468085,4.11111111111111,0,4.147595757699475,0.0,LOW
NG-STU-0835,Elect & Elect Engineering,2.851063829787234,2.1621621621621623,1.878787878787879,2.22147651006711,0,2.2169237046044636,0.24666666666666667,LOW
NG-STU-0836,Elect & Elect Engineering,4.042553191489362,3.627450980392157,3.9791666666666665,3.7737556561086,0,3.828054837785003,0.0,LOW
NG-STU-0837,Elect & Elect Engineering,4.404255319148936,3.9591836734693877,4.531914893617022,4.39351851851852,0,4.35407033798947,0.0,LOW
NG-STU-0838,Elect & Elect Engineering,3.74468085106383,3.150943396226415,2.5789473684210527,3.09243697478992,0,2.981760734296545,0.0,LOW
NG-STU-0839,Elect & Elect Engineering,4.446808510638298,4.0,4.191489361702128,4.05504587155963,0,4.203804132300609,0.0,LOW
NG-STU-0840,Elect & Elect Engineering,4.638297872340425,4.63265306122449,4.531914893617022,4.57407407407407,0,4.558598953114689,0.0,LOW
NG-STU-0841,Elect & Elect Engineering,4.088888888888889,3.3333333333333335,4.0638297872340425,3.82743362831858,0,3.8339848544560935,0.0,LOW
NG-STU-0842,Elect & Elect Engineering,4.488888888888889,3.6862745098039214,3.836734693877551,4.05963302752294,0,3.8948299521592427,0.0,LOW
NG-STU-0843,Elect & Elect Engineering,3.7777777777777777,1.9655172413793103,2.2615384615384615,2.58270676691729,0,2.539907344327632,0.0,LOW
NG-STU-0844,Elect & Elect Engineering,3.8,2.4642857142857144,1.859375,2.64777327935223,0,2.5476342995667194,0.006666666666666667,LOW
NG-STU-0845,Elect & Elect Engineering,4.2,3.418181818181818,2.4655172413793105,3.28879310344828,0,3.189426886058173,0.0,LOW
NG-STU-0846,Elect & Elect Engineering,3.688888888888889,2.4035087719298245,2.5689655172413794,2.744,0,2.783705234322934,0.0,LOW
NG-STU-0847,Elect & Elect Engineering,4.177777777777778,3.5660377358490565,3.6595744680851063,3.46396396396396,0,3.7250612155219684,0.0,LOW
NG-STU-0848,Elect & Elect Engineering,4.266666666666667,3.69811320754717,3.0392156862745097,3.64285714285714,0,3.4909444545325496,0.0,LOW
NG-STU-0849,Elect & Elect Engineering,4.222222222222222,2.689655172413793,1.9423076923076923,2.72834645669291,0,2.7032527598071057,0.0,LOW
NG-STU-0850,Elect & Elect Engineering,4.2444444444444445,4.1020408163265305,3.9148936170212765,3.87383177570093,0,4.0160725912132715,0.0,LOW
NG-STU-0851,Elect & Elect Engineering,3.8,2.7966101694915255,2.382978723404255,2.70750988142292,0,2.8222040857657853,0.0,LOW
NG-STU-0852,Elect & Elect Engineering,4.688888888888889,3.8627450980392157,4.1063829787234045,4.14351851851852,0,4.128005484624317,0.0,LOW
NG-STU-0853,Elect & Elect Engineering,4.2444444444444445,3.4901960784313726,3.306122448979592,3.51363636363636,0,3.6215841070205594,0.0,LOW
NG-STU-0854,Elect & Elect Engineering,4.288888888888889,3.811320754716981,4.148936170212766,4.1743119266055,0,4.065023377608935,0.0,LOW
NG-STU-0855,Elect & Elect Engineering,4.044444444444444,3.795918367346939,4.1063829787234045,4.0,0,3.953475191698303,0.0,LOW
NG-STU-0856,Elect & Elect Engineering,4.5777777777777775,3.4615384615384617,3.06,3.69090909090909,0,3.4869252033988842,0.0,LOW
NG-STU-0857,Elect & Elect Engineering,4.466666666666667,4.142857142857143,4.085106382978723,4.15420560747664,0,4.1345479511860646,0.0,LOW
NG-STU-0858,Elect & Elect Engineering,4.066666666666666,3.803921568627451,3.9361702127659575,3.91666666666667,0,3.893791250412968,0.0,LOW
NG-STU-0859,Elect & Elect Engineering,4.555555555555555,3.5918367346938775,2.7636363636363637,3.29411764705882,0,3.4004363273660805,0.0,LOW
NG-STU-0860,Elect & Elect Engineering,4.066666666666666,2.9444444444444446,3.1914893617021276,3.23076923076923,0,3.325715831649264,0.0,LOW
NG-STU-0861,Elect & Elect Engineering,4.088888888888889,3.5510204081632653,3.3404255319148937,3.56018518518519,0,3.566620294625969,0.0,LOW
NG-STU-0862,Elect & Elect Engineering,4.666666666666667,4.061224489795919,3.5106382978723403,3.82407407407407,0,3.9041100657861554,0.0,LOW
NG-STU-0863,Elect & Elect Engineering,3.4444444444444446,3.1020408163265305,3.020408163265306,2.77215189873418,0,3.0906637968103565,0.0,LOW
NG-STU-0864,Elect & Elect Engineering,3.7777777777777777,2.8363636363636364,1.826086956521739,2.51094890510949,0,2.608678941700965,0.0,LOW
NG-STU-0865,Elect & Elect Engineering,4.155555555555556,2.938775510204082,3.076923076923077,3.55855855855856,0,3.3236159848500675,0.0,LOW
NG-STU-0866,Elect & Elect Engineering,4.2,2.7547169811320753,1.873015873015873,2.6984126984127,0,2.6991315692462505,0.0,LOW
NG-STU-0867,Elect & Elect Engineering,3.7111111111111112,2.672727272727273,2.732142857142857,2.95435684647303,0,2.9602695424862504,0.0,LOW
NG-STU-0868,Elect & Elect Engineering,4.888888888888889,3.816326530612245,3.6808510638297873,4.00925925925926,0,3.9378941145793034,0.0,LOW
NG-STU-0869,Elect & Elect Engineering,4.022222222222222,2.9454545454545453,2.3559322033898304,2.82730923694779,0,2.892082058606283,0.0,LOW
NG-STU-0870,Elect & Elect Engineering,4.644444444444445,3.784313725490196,3.723404255319149,4.08333333333333,0,3.913628393024322,0.0,LOW
NG-STU-0871,Elect & Elect Engineering,4.133333333333334,2.7288135593220337,3.0,3.01626016260163,0,3.141451362013616,0.0,LOW
NG-STU-0872,Elect & Elect Engineering,4.688888888888889,3.9183673469387754,4.531914893617022,4.33177570093458,0,4.3505507961986085,0.0,LOW
NG-STU-0873,Elect & Elect Engineering,4.622222222222222,4.673469387755102,4.787234042553192,4.71028037383178,0,4.679134908354738,0.0,LOW
NG-STU-0874,Elect & Elect Engineering,3.7555555555555555,3.1666666666666665,3.5319148936170213,3.55707762557078,0,3.460029334514625,0.0,LOW
NG-STU-0875,Elect & Elect Engineering,4.7555555555555555,3.693877551020408,4.0212765957446805,4.17289719626168,0,4.1155465106524804,0.0,LOW
NG-STU-0876,Elect & Elect Engineering,3.7333333333333334,3.2264150943396226,3.32,3.28,0,3.4039130357546483,0.0,LOW
NG-STU-0877,Elect & Elect Engineering,4.466666666666667,4.142857142857143,4.148936170212766,4.25233644859813,0,4.242857575999607,0.0,LOW
NG-STU-0878,Elect & Elect Engineering,4.533333333333333,4.244897959183674,4.28,4.33640552995392,0,4.348543257878744,0.0,LOW
NG-STU-0879,Elect & Elect Engineering,4.0,3.450980392156863,3.6595744680851063,3.75462962962963,0,3.688803525780269,0.0,LOW
NG-STU-0880,Elect & Elect Engineering,4.711111111111111,4.36734693877551,4.191489361702128,4.25233644859813,0,4.332412559750929,0.0,LOW
NG-STU-0881,Elect & Elect Engineering,3.4444444444444446,3.0517241379310347,1.6666666666666667,2.47569444444444,0,2.4887918660266606,0.01,LOW
NG-STU-0882,Elect & Elect Engineering,4.933333333333334,4.6938775510204085,4.787234042553192,4.80841121495327,0,4.759071927891879,0.0,LOW
NG-STU-0883,Elect & Elect Engineering,3.577777777777778,2.4827586206896552,2.9464285714285716,3.05555555555556,0,2.9974486637879107,0.0,LOW
NG-STU-0884,Elect & Elect Engineering,3.2222222222222223,3.418181818181818,3.5106382978723403,3.32272727272727,0,3.4434855066419723,0.0,LOW
NG-STU-0885,Elect & Elect Engineering,4.288888888888889,3.795918367346939,3.7872340425531914,3.7037037037037,0,3.8842988614443272,0.0,LOW
NG-STU-0886,Elect & Elect Engineering,4.622222222222222,4.326530612244898,4.74468085106383,4.65420560747664,0,4.591223877623354,0.0,LOW
NG-STU-0887,Elect & Elect Engineering,4.888888888888889,4.755102040816326,4.829787234042553,4.63084112149533,0,4.729188751624923,0.0,LOW
NG-STU-0888,Elect & Elect Engineering,4.777777777777778,4.204081632653061,4.8936170212765955,4.58411214953271,0,4.6148390869280895,0.0,LOW
NG-STU-0889,Elect & Elect Engineering,4.311111111111111,3.4081632653061225,3.9361702127659575,3.77102803738318,0,3.8450527560954977,0.0,LOW
NG-STU-0890,Elect & Elect Engineering,3.466666666666667,2.909090909090909,2.2586206896551726,2.63529411764706,0,2.7335439318482466,0.0,LOW
NG-STU-0891,Elect & Elect Engineering,4.7555555555555555,3.5306122448979593,3.3333333333333335,3.72685185185185,0,3.6737091036620577,0.0,LOW
NG-STU-0892,Elect & Elect Engineering,3.422222222222222,3.061224489795918,2.43859649122807,3.03896103896104,0,2.8493242429689523,0.0,LOW
NG-STU-0893,Elect & Elect Engineering,4.2,3.4705882352941178,3.72,3.76255707762557,0,3.789281107172236,0.0,LOW
NG-STU-0894,Elect & Elect Engineering,4.844444444444444,4.591836734693878,4.702127659574468,4.73364485981308,0,4.704322442549319,0.0,LOW
NG-STU-0895,Elect & Elect Engineering,4.844444444444444,4.510204081632653,4.680851063829787,4.67289719626168,0,4.660412368666652,0.0,LOW
NG-STU-0896,Elect & Elect Engineering,4.4222222222222225,4.040816326530612,4.23404255319149,4.10280373831776,0,4.239559038115151,0.0,LOW
NG-STU-0897,Elect & Elect Engineering,4.822222222222222,4.510204081632653,4.702127659574468,4.72429906542056,0,4.690815126518004,0.0,LOW
NG-STU-0898,Elect & Elect Engineering,4.822222222222222,4.3061224489795915,4.404255319148936,4.33177570093458,0,4.4457711613116855,0.0,LOW
NG-STU-0899,Elect & Elect Engineering,4.377777777777778,3.510204081632653,3.0851063829787235,3.40888888888889,0,3.5763872598324777,0.0,LOW
NG-STU-0900,Elect & Elect Engineering,4.066666666666666,3.5714285714285716,2.857142857142857,3.41333333333333,0,3.372019896912734,0.0,LOW
NG-STU-0901,Elect & Elect Engineering,4.266666666666667,3.309090909090909,3.9574468085106385,3.79545454545455,0,3.833810513068597,0.0,LOW
NG-STU-0902,Elect & Elect Engineering,4.377777777777778,4.510204081632653,4.680851063829787,4.53738317757009,0,4.553386408999832,0.0,LOW
NG-STU-0903,Elect & Elect Engineering,3.511111111111111,2.9655172413793105,2.0806451612903225,2.6455223880597,0,2.681331883984669,0.0,LOW
NG-STU-0904,Elect & Elect Engineering,3.1777777777777776,3.607843137254902,2.7777777777777777,3.17796610169492,0,3.151349562114507,0.0,LOW
NG-STU-0905,Elect & Elect Engineering,3.8666666666666667,3.43859649122807,3.169811320754717,3.3695652173913,0,3.4546624464087228,0.0,LOW
NG-STU-0906,Elect & Elect Engineering,4.511111111111111,3.381818181818182,3.127659574468085,3.56828193832599,0,3.547446739108387,0.0,LOW
NG-STU-0907,Elect & Elect Engineering,4.5777777777777775,4.428571428571429,4.702127659574468,4.58796296296296,0,4.597272590944409,0.0,LOW
NG-STU-0908,Elect & Elect Engineering,4.822222222222222,4.612244897959184,4.659574468085107,4.70093457943925,0,4.670519362173148,0.0,LOW
NG-STU-0909,Elect & Elect Engineering,4.688888888888889,3.5306122448979593,4.235294117647059,4.20183486238532,0,4.148925679509735,0.0,LOW
NG-STU-0910,Elect & Elect Engineering,3.466666666666667,2.795918367346939,1.9193548387096775,2.43065693430657,0,2.5399580704547264,0.0,LOW
NG-STU-0911,Elect & Elect Engineering,4.222222222222222,3.2264150943396226,4.638297872340425,4.24770642201835,0,3.964838578011919,0.0,LOW
NG-STU-0912,Elect & Elect Engineering,4.2,3.673469387755102,3.595744680851064,3.72685185185185,0,3.782463056023676,0.0,LOW
NG-STU-0913,Elect & Elect Engineering,4.177777777777778,2.7755102040816326,2.090909090909091,2.95061728395062,0,2.7697400689283462,0.0,LOW
NG-STU-0914,Elect & Elect Engineering,3.8444444444444446,2.7586206896551726,3.1470588235294117,3.1255230125523,0,3.202103780054144,0.0,LOW
NG-STU-0915,Elect & Elect Engineering,4.866666666666666,4.6938775510204085,4.702127659574468,4.65420560747664,0,4.709918143020423,0.0,LOW
NG-STU-0916,Elect & Elect Engineering,4.311111111111111,4.1568627450980395,3.6595744680851063,3.88636363636364,0,3.962412839547934,0.0,LOW
NG-STU-0917,Elect & Elect Engineering,3.511111111111111,3.196078431372549,2.1475409836065573,2.59022556390977,0,2.7552448338250324,0.0,LOW
NG-STU-0918,Elect & Elect Engineering,3.9555555555555557,3.7346938775510203,4.212765957446808,4.11214953271028,0,4.031315347927733,0.0,LOW
NG-STU-0919,Elect & Elect Engineering,4.111111111111111,3.2745098039215685,2.72,3.38565022421525,0,3.2844401378865857,0.0,LOW
NG-STU-0920,Elect & Elect Engineering,4.4222222222222225,3.4901960784313726,3.3617021276595747,3.65909090909091,0,3.6833420095808576,0.0,LOW
NG-STU-0921,Elect & Elect Engineering,4.2444444444444445,3.641509433962264,2.8076923076923075,3.50446428571429,0,3.4215517763921963,0.0,LOW
NG-STU-0922,Elect & Elect Engineering,4.355555555555555,4.215686274509804,3.7872340425531914,4.06018518518519,0,4.016695097468205,0.0,LOW
NG-STU-0923,Elect & Elect Engineering,3.533333333333333,2.272727272727273,1.8088235294117647,2.43589743589744,0,2.369288236544361,0.0033333333333333335,LOW
NG-STU-0924,Elect & Elect Engineering,3.2444444444444445,2.0833333333333335,2.15,2.4176245210728,0,2.4241425333226205,0.016666666666666666,LOW
NG-STU-0925,Elect & Elect Engineering,3.869565217391304,3.3877551020408165,3.3529411764705883,3.47963800904977,0,3.5056514367534697,0.0,LOW
NG-STU-0926,Elect & Elect Engineering,2.717391304347826,1.901639344262295,1.8529411764705883,2.24666666666667,0,2.19104159712802,0.14666666666666667,LOW
NG-STU-0927,Elect & Elect Engineering,4.239130434782608,4.215686274509804,4.108695652173913,4.14883720930233,0,4.18083494984326,0.0,LOW
NG-STU-0928,Elect & Elect Engineering,4.239130434782608,3.7755102040816326,3.5,3.81395348837209,0,3.7730073602097938,0.0,LOW
NG-STU-0929,Elect & Elect Engineering,2.9565217391304346,2.9047619047619047,2.3333333333333335,2.68401486988848,0,2.6130005404481382,0.01,LOW
NG-STU-0930,Elect & Elect Engineering,3.3191489361702127,1.7755102040816326,2.010869565217391,2.91735537190083,0,2.545443025327894,0.006666666666666667,LOW
NG-STU-0931,Elect & Elect Engineering,2.872340425531915,1.588235294117647,2.4237288135593222,2.59615384615385,0,2.5041491089170447,0.023333333333333334,LOW
NG-STU-0932,Elect & Elect Engineering,4.217391304347826,3.63265306122449,3.7551020408163267,3.8348623853211,0,3.800074034753644,0.0,LOW
NG-STU-0933,Elect & Elect Engineering,4.695652173913044,4.591836734693878,4.630434782608695,4.70892018779343,0,4.624275893581053,0.0,LOW
NG-STU-0934,Elect & Elect Engineering,4.195652173913044,3.549019607843137,3.8260869565217392,3.68493150684932,0,3.789281107172236,0.0,LOW
NG-STU-0935,Elect & Elect Engineering,4.326086956521739,4.224489795918367,4.239130434782608,4.35211267605634,0,4.257705958119808,0.0,LOW
NG-STU-0936,Elect & Elect Engineering,4.282608695652174,3.230769230769231,2.459016393442623,3.0078125,0,3.094106307645941,0.0,LOW
NG-STU-0937,Elect & Elect Engineering,3.3260869565217392,3.4166666666666665,2.509433962264151,2.82572614107884,0,2.9590104836258244,0.0,LOW
NG-STU-0938,Elect & Elect Engineering,4.913043478260869,4.775510204081633,4.891304347826087,4.85446009389671,0,4.8039204154913175,0.0,LOW
NG-STU-0939,Elect & Elect Engineering,4.173913043478261,2.9166666666666665,2.338235294117647,2.92015209125475,0,2.9142542073685638,0.0,LOW
NG-STU-0940,Elect & Elect Engineering,4.326086956521739,3.6041666666666665,3.0392156862745097,3.4025974025974,0,3.4918003341943984,0.0,LOW
NG-STU-0941,Elect & Elect Engineering,3.4130434782608696,3.2549019607843137,3.0961538461538463,3.28318584070796,0,3.246211214046356,0.0,LOW
NG-STU-0942,Elect & Elect Engineering,3.760869565217391,2.7115384615384617,2.021276595744681,2.66541353383459,0,2.6812819532346186,0.0,LOW
NG-STU-0943,Elect & Elect Engineering,3.3260869565217392,3.1923076923076925,2.5555555555555554,2.89029535864979,0,2.8854109093555462,0.0,LOW
NG-STU-0944,Elect & Elect Engineering,4.021739130434782,3.1,2.7288135593220337,3.16803278688525,0,3.1785433831095857,0.0,LOW
NG-STU-0945,Elect & Elect Engineering,4.217391304347826,4.3061224489795915,4.326086956521739,4.24882629107981,0,4.2736437293401375,0.0,LOW
NG-STU-0946,Elect & Elect Engineering,4.130434782608695,3.7916666666666665,3.4782608695652173,3.55803571428571,0,3.6962277080274433,0.0,LOW
NG-STU-0947,Elect & Elect Engineering,3.6956521739130435,3.2291666666666665,2.980392156862745,3.42543859649123,0,3.2491259285762126,0.0,LOW
NG-STU-0948,Elect & Elect Engineering,4.195652173913044,3.5918367346938775,3.74,3.82110091743119,0,3.789281107172236,0.0,LOW
NG-STU-0949,Elect & Elect Engineering,3.369565217391304,2.7083333333333335,2.3181818181818183,2.59191176470588,0,2.716600440567132,0.0,LOW
NG-STU-0950,Elect & Elect Engineering,3.9347826086956523,3.314814814814815,3.125,3.49771689497717,0,3.426567062173195,0.0,LOW
NG-STU-0951,Elect & Elect Engineering,4.913043478260869,4.530612244897959,4.717391304347826,4.72300469483568,0,4.728288848368165,0.0,LOW
NG-STU-0952,Elect & Elect Engineering,4.456521739130435,4.3061224489795915,4.6521739130434785,4.47417840375587,0,4.499997717274154,0.0,LOW
NG-STU-0953,Elect & Elect Engineering,3.891304347826087,3.076923076923077,2.076923076923077,2.6865671641791,0,2.7702078187823687,0.0,LOW
NG-STU-0954,Elect & Elect Engineering,4.695652173913044,4.081632653061225,4.5,4.40845070422535,0,4.390437483564983,0.0,LOW
NG-STU-0955,Elect & Elect Engineering,4.521739130434782,3.7755102040816326,3.5652173913043477,3.95927601809955,0,3.8060497511134237,0.0,LOW
NG-STU-0956,Elect & Elect Engineering,3.347826086956522,2.807017543859649,3.6041666666666665,3.26872246696035,0,3.3037171033420836,0.0,LOW
NG-STU-0957,Elect & Elect Engineering,4.673913043478261,4.244897959183674,4.717391304347826,4.64319248826291,0,4.579543814602059,0.0,LOW
NG-STU-0958,Elect & Elect Engineering,4.304347826086956,3.4489795918367347,3.8260869565217392,3.96728971962617,0,3.8128091352568916,0.0,LOW
NG-STU-0959,Elect & Elect Engineering,4.130434782608695,3.6041666666666665,3.375,3.64055299539171,0,3.6133656114490162,0.0,LOW
NG-STU-0960,Elect & Elect Engineering,3.5217391304347827,3.625,3.6,3.4646017699115,0,3.5627007523301724,0.0,LOW
NG-STU-0961,Elect & Elect Engineering,4.111111111111111,3.4,4.1063829787234045,3.72687224669604,0,3.839366484997058,0.0,LOW
NG-STU-0962,Elect & Elect Engineering,3.8666666666666667,3.326530612244898,3.9574468085106385,3.78181818181818,0,3.750611509091331,0.0,LOW
NG-STU-0963,Elect & Elect Engineering,4.511111111111111,3.769230769230769,4.51063829787234,4.33181818181818,0,4.205716123365257,0.0,LOW
NG-STU-0964,Elect & Elect Engineering,3.3333333333333335,2.5762711864406778,3.7083333333333335,3.24561403508772,0,3.3277321740967474,0.0,LOW
NG-STU-0965,Elect & Elect Engineering,4.177777777777778,3.3958333333333335,4.183673469387755,3.79452054794521,0,3.887326285030326,0.0,LOW
NG-STU-0966,Elect & Elect Engineering,4.266666666666667,3.0,3.6136363636363638,3.56306306306306,0,3.5467543176556133,0.0,LOW
NG-STU-0967,Elect & Elect Engineering,4.822222222222222,4.0,4.574468085106383,4.52534562211982,0,4.435012096963267,0.0,LOW
NG-STU-0968,Elect & Elect Engineering,4.644444444444445,4.081632653061225,4.446808510638298,4.2073732718894,0,4.346661106702485,0.0,LOW
NG-STU-0969,Elect & Elect Engineering,4.0,2.709090909090909,3.4468085106382977,3.2780269058296,0,3.3838103328893387,0.0,LOW
NG-STU-0970,Elect & Elect Engineering,3.8666666666666667,3.784313725490196,4.3478260869565215,4.09954751131222,0,4.043316806060499,0.0,LOW
NG-STU-0971,Elect & Elect Engineering,4.222222222222222,2.857142857142857,2.893617021276596,3.31981981981982,0,3.225515668681285,0.0,LOW
NG-STU-0972,Elect & Elect Engineering,4.177777777777778,3.5918367346938775,4.1063829787234045,3.8675799086758,0,3.891989309981155,0.0,LOW
NG-STU-0973,Elect & Elect Engineering,3.8222222222222224,2.9019607843137254,3.6363636363636362,3.44394618834081,0,3.428295940593436,0.0,LOW
NG-STU-0974,Elect & Elect Engineering,4.377777777777778,3.816326530612245,4.574468085106383,4.35023041474654,0,4.196738589611477,0.0,LOW
NG-STU-0975,Elect & Elect Engineering,4.733333333333333,3.673469387755102,4.085106382978723,4.21198156682028,0,4.082179011044477,0.0,LOW
NG-STU-0976,Elect & Elect Engineering,4.644444444444445,3.6470588235294117,4.702127659574468,4.34246575342466,0,4.287824714533764,0.0,LOW
NG-STU-0977,Elect & Elect Engineering,3.8666666666666667,2.6379310344827585,3.9148936170212765,3.71052631578947,0,3.5199366714831766,0.0,LOW
NG-STU-0978,Elect & Elect Engineering,4.533333333333333,3.7551020408163267,4.148936170212766,3.99086757990868,0,4.122374318691883,0.0,LOW
NG-STU-0979,Elect & Elect Engineering,4.088888888888889,2.5714285714285716,2.9347826086956523,3.19409282700422,0,3.0584958019886312,0.0,LOW
NG-STU-0980,Elect & Elect Engineering,4.222222222222222,3.061224489795918,4.404255319148936,3.97235023041475,0,3.864197728035692,0.0,LOW
NG-STU-0981,Elect & Elect Engineering,4.111111111111111,3.2222222222222223,4.148936170212766,3.77130044843049,0,3.830753140266609,0.0,LOW
NG-STU-0982,Elect & Elect Engineering,4.644444444444445,4.1568627450980395,4.468085106382978,4.38812785388128,0,4.385714550401484,0.0,LOW
NG-STU-0983,Elect & Elect Engineering,3.2222222222222223,2.389830508474576,3.574468085106383,3.26293103448276,0,3.199459317181451,0.0,LOW
NG-STU-0984,Elect & Elect Engineering,4.466666666666667,3.938775510204082,4.0638297872340425,4.11981566820277,0,4.091638339048803,0.0,LOW
NG-STU-0985,Elect & Elect Engineering,3.3555555555555556,2.721311475409836,3.28,3.27916666666667,0,3.1533255329207837,0.0,LOW
NG-STU-0986,Elect & Elect Engineering,3.688888888888889,3.2745098039215685,4.5,3.81735159817352,0,3.88945657035893,0.0,LOW
NG-STU-0987,Elect & Elect Engineering,3.6,2.8545454545454545,4.0625,3.68122270742358,0,3.5412897657013875,0.0,LOW
NG-STU-0988,Elect & Elect Engineering,3.2666666666666666,2.0655737704918034,3.2549019607843137,2.96341463414634,0,2.9701372886786057,0.0,LOW
NG-STU-0989,Elect & Elect Engineering,3.8,2.8771929824561404,3.8333333333333335,3.53947368421053,0,3.4591904025405467,0.0,LOW
NG-STU-0990,Elect & Elect Engineering,2.888888888888889,2.3448275862068964,3.52,3.08786610878661,0,3.164393238209225,0.016666666666666666,LOW
NG-STU-0991,Elect & Elect Engineering,3.6222222222222222,2.611111111111111,3.3404255319148937,3.23451327433628,0,3.228681201849558,0.0,LOW
NG-STU-0992,Elect & Elect Engineering,4.044444444444444,3.5714285714285716,4.361702127659575,4.05529953917051,0,3.99310120868543,0.0,LOW
NG-STU-0993,Elect & Elect Engineering,4.044444444444444,3.2037037037037037,4.148936170212766,3.67567567567568,0,3.8142295994876876,0.0,LOW
NG-STU-0994,Elect & Elect Engineering,3.2,2.5172413793103448,3.86,3.34782608695652,0,3.3277001209190353,0.0,LOW
NG-STU-0995,Elect & Elect Engineering,3.5555555555555554,3.0,3.9591836734693877,3.71300448430493,0,3.510394783766909,0.0,LOW
NG-STU-0996,Elect & Elect Engineering,3.7555555555555555,2.811320754716981,3.276595744680851,3.23451327433628,0,3.2480451515724287,0.0,LOW
NG-STU-0997,Elect & Elect Engineering,4.6,3.6122448979591835,4.355555555555555,4.10045662100457,0,4.13857077407838,0.0,LOW
NG-STU-0998,Elect & Elect Engineering,4.711111111111111,4.1020408163265305,4.74468085106383,4.55299539170507,0,4.550026882504031,0.0,LOW
NG-STU-0999,Elect & Elect Engineering,3.488888888888889,3.215686274509804,3.3617021276595747,3.34070796460177,0,3.3248588369035863,0.0,LOW
NG-STU-1000,Elect & Elect Engineering,3.9555555555555557,3.269230769230769,4.122448979591836,3.86486486486486,0,3.8259618191956353,0.0,LOW
NG-STU-1001,Elect & Elect Engineering,4.888888888888889,4.63265306122449,4.595744680851064,4.55299539170507,0,4.621468275374048,0.0,LOW
NG-STU-1002,Elect & Elect Engineering,4.133333333333334,3.392156862745098,4.191489361702128,3.88127853881279,0,3.8823620545819755,0.0,LOW
NG-STU-1003,Elect & Elect Engineering,3.3333333333333335,2.5,3.8085106382978724,3.26106194690265,0,3.305225156097048,0.0,LOW
NG-STU-1004,Elect & Elect Engineering,4.311111111111111,3.314814814814815,4.0,3.90990990990991,0,3.884451458805482,0.0,LOW
NG-STU-1005,Elect & Elect Engineering,3.6444444444444444,2.4035087719298245,3.2127659574468086,3.21834061135371,0,3.151257354246785,0.0,LOW
NG-STU-1006,Elect & Elect Engineering,4.311111111111111,3.1538461538461537,3.6382978723404253,3.63513513513514,0,3.610198922940004,0.0,LOW
NG-STU-1007,Elect & Elect Engineering,3.977777777777778,3.326923076923077,4.553191489361702,4.02727272727273,0,3.970308101041165,0.0,LOW
NG-STU-1008,Elect & Elect Engineering,4.6,3.4489795918367347,4.5227272727272725,4.14285714285714,0,4.157776670978456,0.0,LOW
NG-STU-1009,Elect & Elect Engineering,4.644444444444445,4.224489795918367,4.446808510638298,4.35294117647059,0,4.405416029901305,0.0,LOW
NG-STU-1010,Elect & Elect Engineering,3.888888888888889,2.3620689655172415,3.7872340425531914,3.27631578947368,0,3.3623215111246165,0.0,LOW
NG-STU-1011,Elect & Elect Engineering,4.066666666666666,3.36734693877551,3.7291666666666665,3.86995515695067,0,3.6893590837744683,0.0,LOW
NG-STU-1012,Elect & Elect Engineering,3.3333333333333335,2.2363636363636363,3.0625,2.9957805907173,0,2.8882766965434743,0.0,LOW
NG-STU-1013,Elect & Elect Engineering,4.733333333333333,4.204081632653061,4.708333333333333,4.65296803652968,0,4.558048298982557,0.0,LOW
NG-STU-1014,Elect & Elect Engineering,4.666666666666667,3.6122448979591835,4.311111111111111,4.37155963302752,0,4.13857077407838,0.0,LOW
NG-STU-1015,Elect & Elect Engineering,3.7777777777777777,2.823529411764706,4.3125,3.64545454545455,0,3.70662915624799,0.0,LOW
NG-STU-1016,Elect & Elect Engineering,4.555555555555555,3.8653846153846154,4.425531914893617,4.17117117117117,0,4.262091817586935,0.0,LOW
NG-STU-1017,Elect & Elect Engineering,4.488888888888889,3.4615384615384617,4.042553191489362,4.07727272727273,0,3.9864935682140996,0.0,LOW
NG-STU-1018,Elect & Elect Engineering,4.533333333333333,3.510204081632653,3.9361702127659575,3.77130044843049,0,3.9042802317822765,0.0,LOW
NG-STU-1019,Elect & Elect Engineering,3.888888888888889,3.2884615384615383,3.978723404255319,3.69090909090909,0,3.750611509091331,0.0,LOW
NG-STU-1020,Elect & Elect Engineering,4.555555555555555,3.0816326530612246,3.9183673469387754,3.79372197309417,0,3.708264996627569,0.0,LOW
NG-STU-1021,Elect & Elect Engineering,4.288888888888889,2.843137254901961,4.0212765957446805,3.81081081081081,0,3.6848587005238937,0.0,LOW
NG-STU-1022,Elect & Elect Engineering,2.7142857142857144,2.490566037735849,3.42,3.15789473684211,0,3.1299894111329922,0.023333333333333334,LOW
NG-STU-1023,Elect & Elect Engineering,4.311111111111111,2.706896551724138,3.5714285714285716,3.4,0,3.4386937253129073,0.0,LOW
NG-STU-1024,Elect & Elect Engineering,4.333333333333333,3.3260869565217392,3.574468085106383,3.57918552036199,0,3.676534962313114,0.0,LOW
NG-STU-1025,Elect & Elect Engineering,3.511111111111111,2.3508771929824563,3.25,3.01731601731602,0,3.042707301768174,0.0,LOW
NG-STU-1026,Elect & Elect Engineering,4.133333333333334,3.0925925925925926,3.9574468085106385,3.50660792951542,0,3.6392915922840214,0.0,LOW
NG-STU-1027,Elect & Elect Engineering,4.133333333333334,3.62,4.468085106382978,3.97247706422018,0,4.038932574770252,0.0,LOW
NG-STU-1028,Elect & Elect Engineering,3.8444444444444446,3.1320754716981134,3.9583333333333335,3.75,0,3.6714287829991594,0.0,LOW
NG-STU-1029,Elect & Elect Engineering,4.488888888888889,2.7586206896551726,3.7551020408163267,3.60869565217391,0,3.544966179262098,0.0,LOW
NG-STU-1030,Elect & Elect Engineering,3.888888888888889,2.3684210526315788,3.4705882352941178,3.21702127659574,0,3.2943445871921155,0.0,LOW
NG-STU-1031,Elect & Elect Engineering,3.2666666666666666,2.7241379310344827,3.2857142857142856,3.19148936170213,0,3.1533255329207837,0.0,LOW
NG-STU-1032,Elect & Elect Engineering,4.386363636363637,4.270833333333333,4.448979591836735,4.37383177570093,0,4.368744026126349,0.0,LOW
NG-STU-1033,Elect & Elect Engineering,3.977272727272727,2.4262295081967213,2.2653061224489797,2.59139784946237,0,2.739093773367098,0.01,LOW
NG-STU-1034,Elect & Elect Engineering,3.727272727272727,4.608695652173913,4.469387755102041,4.31603773584906,0,4.307088601765437,0.0,LOW
NG-STU-1035,Elect & Elect Engineering,3.909090909090909,4.782608695652174,4.673469387755102,4.52358490566038,0,4.449950930464216,0.0,LOW
NG-STU-1036,Elect & Elect Engineering,3.1818181818181817,2.764705882352941,3.26,3.18918918918919,0,3.1228787017357136,0.0,LOW
NG-STU-1037,Elect & Elect Engineering,4.318181818181818,4.260869565217392,4.142857142857143,4.16981132075472,0,4.237849336603904,0.0,LOW
NG-STU-1038,Elect & Elect Engineering,3.1818181818181817,3.0208333333333335,3.7450980392156863,3.39555555555556,0,3.3833623945554976,0.0,LOW
NG-STU-1039,Elect & Elect Engineering,4.386363636363637,4.5,4.408163265306122,4.30841121495327,0,4.413148916344935,0.0,LOW
NG-STU-1040,Elect & Elect Engineering,3.022222222222222,3.34,3.018181818181818,3.10483870967742,0,3.1140736848972352,0.0,LOW
NG-STU-1041,Elect & Elect Engineering,3.1818181818181817,2.3636363636363638,2.980392156862745,2.86166007905138,0,2.85300543587746,0.0,LOW
NG-STU-1042,Elect & Elect Engineering,3.2045454545454546,3.282608695652174,3.0408163265306123,3.35321100917431,0,3.18705933104358,0.0,LOW
NG-STU-1043,Elect & Elect Engineering,4.159090909090909,4.130434782608695,4.26530612244898,4.24056603773585,0,4.202504752904239,0.0,LOW
NG-STU-1044,Elect & Elect Engineering,4.4772727272727275,4.608695652173913,4.591836734693878,4.52358490566038,0,4.5602243756391445,0.0,LOW
NG-STU-1045,Elect & Elect Engineering,4.590909090909091,4.760869565217392,4.755102040816326,4.7122641509434,0,4.692321154409047,0.0,LOW
NG-STU-1046,Elect & Elect Engineering,2.772727272727273,2.262295081967213,2.42,2.43939393939394,0,2.439072203617767,0.023333333333333334,LOW
NG-STU-1047,Elect & Elect Engineering,3.272727272727273,2.909090909090909,3.1176470588235294,3.08583690987124,0,3.1342753594239197,0.0,LOW
NG-STU-1048,Elect & Elect Engineering,4.75,4.673913043478261,4.714285714285714,4.61320754716981,0,4.679445688389929,0.0,LOW
NG-STU-1049,Elect & Elect Engineering,4.840909090909091,4.782608695652174,5.0,4.87735849056604,0,4.798957470186759,0.0,LOW
NG-STU-1050,Elect & Elect Engineering,2.8181818181818183,2.316666666666667,3.7450980392156863,3.14102564102564,0,3.198320209468558,0.02,LOW
NG-STU-1051,Elect & Elect Engineering,4.5,4.108695652173913,4.020408163265306,3.74429223744292,0,4.11074384522197,0.0,LOW
NG-STU-1052,Elect & Elect Engineering,3.4,1.7580645161290323,2.0277777777777777,2.46875,0,2.4605268751219707,0.0033333333333333335,LOW
NG-STU-1053,Elect & Elect Engineering,4.795454545454546,4.304347826086956,4.26530612244898,4.41981132075472,0,4.404334284245905,0.0,LOW
NG-STU-1054,Elect & Elect Engineering,3.8863636363636362,4.326086956521739,4.163265306122449,4.18867924528302,0,4.129404507709335,0.0,LOW
NG-STU-1055,Elect & Elect Engineering,3.6444444444444444,2.7719298245614037,1.9423076923076923,2.38629283489097,0,2.584281781793863,0.0,LOW
NG-STU-1056,Elect & Elect Engineering,2.6136363636363638,3.1320754716981134,3.2745098039215685,3.0,0,3.2359082293359176,0.0,LOW
NG-STU-1057,Elect & Elect Engineering,4.7272727272727275,4.673913043478261,4.673469387755102,4.60377358490566,0,4.649042930538577,0.0,LOW
NG-STU-1058,Elect & Elect Engineering,4.25,4.239130434782608,4.408163265306122,4.32863849765258,0,4.300603570993585,0.0,LOW
NG-STU-1059,Elect & Elect Engineering,2.8222222222222224,1.8428571428571427,2.176470588235294,2.06329113924051,0,2.2764996383047174,0.14666666666666667,LOW
NG-STU-1060,Elect & Elect Engineering,4.818181818181818,4.608695652173913,4.755102040816326,4.75,0,4.716002505570614,0.0,LOW
NG-STU-1061,Elect & Elect Engineering,4.340909090909091,3.826086956521779,3%9020488163263,3.7962π<2960963,1,s/8068949p/&119815.0,NWMäNG-STU%10$Ulect$&hElek4En'cneeÚ)og<4.59092900909091,5*465≤1wc91:0&34<,4,≥∂736y39775uq,<.617;428≥0189)0,4.62≥942267+8±0#¨ .0¨LMWMNOmSTU%1r6®Elegu&$OxecT"E~gi~Âering,2.=54µ4545454µ4=46,3.645832313323335<1.224$8939π1q≥654,3*∂713256327652,¨3Æ5$9555∂73=4657,.p,LoW
N'-S\U-10>6,ElÁat% Elecu ElÊ)j%ering,.861616363&"23238l2*80w017e4#(5964¨2Æ5102 40:!6326=ó,2,73p:236)455	3(∞l.7546763r311;7,0&0031333;3ª73333s≥5,LgW*NTmWuU-165.E,ect ' D|ect MngInee2in',≥.45t%4•4544¥4566$.22,≥.732098?75550203,2Æ5167v3663>10-0>3Æ44476602904?72,0.0,LNU
NW-S]u-1064,EnecÙ&6 |ecu En'ijeez˘nc,4h7727272∑23273#25(t,?39120445y660:,4.967≥469;8771!,4.5°88778342¨30,4.296724539023($0.0<LOGç
L”TU-1467$DleCt§. Ï%cp EfgInÂerhn',4.w"=2∑27272%07¢1,4ß=969%?52173)11$.036334;3855551,6,6æ98513≤8140<0,0/691!:751$19334¨0,LOWänG≠STU-5068,E,ecÙ ' ELekt"ÖnemneerinG,.5,#.629066666>&∂6765,3.751/54P70?y646 !:,9,361721v0≤9=3=6=,º. <\ME
NE-STU,1069,Dlect!& ELec4 Enomneupyng,3&5333333∑21333;3l2n03<v15284>15#9#.349387755102p426,3.s060744827586"0,;.3124858801252#56,0.,\OWçNG/STU-1070,EJ}ct & Eteku D~minFmr}ng,&616µ=57406(084%3.7∑1585905∂&03w,3.45‚81 18x6_2t5l7&5Ê3<v406956,03.4232u01907065976,0.1∞373≥32;333#2#37≤5,FOW NG≠RTU/9031$Emgct$& Am%ct E*gYneeviÆe<3n5'777'5777778,3.68,7u31=q489417023-3.¥5045845045045¨0l3.µ80973;94§6±72∑.0*1(LOU
N-‘U-107∞,lect(& Eleat CÓgÈfderi*g,3/2260x2956521∑03.34,1n8>88525y4062925<2*6581818!81808 , ,2.649361649475426,4n4,LOWKFO-SPQ-!073,Alect & Elecp EngIneein,≥.5+b6+8297<721413,3.25,3.12≥07&923 76=3µ,3.17103s03≥10!4,0,3/7p 40=500≤34'7.80,DOW-
^C-”Te-1074,Elect & ≈,ect GnÁIneEr]ng,2Æ797>∂664v626vvµº2.15<1.6011w46071'6603≥1.8=20111=2<3<q,".078535959259∫4):?2¨CRITA√AL
NE-STU!!0'%,Mlekt & Elmct nCineering,2.97)˘18367≥4614,2.54)6>664644v6V65(2,r%,0/936&8v2±7 0:8,q,2/34371?#32?451547(1.0CRItÕCAlM
N«Ω[VT-076¨E<%„t"&0Eddct Enoindering,4.02202222206322,3.q,2.70203?&957546:,3"42021;≤07007<0,2™∏6465917v7$9603.1.0,LOGäNg-s\’-1077¨≈heCt†¶ Elect ngineeÚinc,&4880088∏:888889¨3.28,3,8q6326µs612:%5l3l∂4941182t4:¥0¥0,3.%4070378r58978•,0-0$Lo˜	NO,S}’103∏<Dl%'t & Elect0Mn#h~eerINg,d.3747777'77'7770,3.∑®s*0:510≤38zπ?872;5,3.2013x11ñ591928,20s.6ª92635 0763,∞,0,LOW
NG-—TU-±07=,≈,uct ß El%ct Enghneeri.w,3,977777772µ7779,3.q4,2.50t33yv≤2∂$551,:.947{9:380Ω628$0,3.0290353033206∞,0.$LMw<NG-STU-ë0:0$EdmCv($"Dleat Dngineering,3/41; 44782'0(;6,3.0µ84sÒ#6v5480±π8(2.$40275862pñ892u≥,".89626U=6r165)8,0,2.849321:296:9123,p.0,LO*^G=SUm101,EdecT n ≈legd Unga.edring,3.0z14093617021"7%3.48.2.19461u04611284ñ)0>91368801"92776$02>8711<,72s	21037¨0n0,\Mv
L'-STU-°082,Elect"& Gldkp E&gi‰elring,3.274042=5#y!49,2.2156187450=x24,2.433s331s333332.y5st<872097,4,2*901p456π4992579-ê,LGW	NG}ST%Ò0<3Ehmcv & Elect Engkleerio'(¥.u1∞33q81111±11,4*645t8xr37:1412,<.4s75$4,65∂22#911678,04>5¯149199¥30q08v$0*0MU
Œ-STU-1084<≈lecv &(≈leCt!Eo'ifeevane,±.862∂∂66&v66&46>7,6.18,4n08?18278297833,4.09s888888(:89/4(4/1137{1277 64p),8>0¨LOW
NG-CTU~1085,≈jebte' elect EngioeePing,4.6l4.00,4Æx78$13∑254π0±8.t.31>72081¥0396,,ºn174983s5$w59p81,8.0,moW+
nG,SPU-108∂,DlmcT!& E,ekvElgIneei~',4.?6∂≤666ˆ6646vw7|6.44<14 π5714287536#,>.;059368'tQ826(0,.3459461±0%055w<0.0,LO7JN«STE-908∑,DDe#t`&†E|ect!Evg)nearine,4/22022222220:2≤:,4.04,4>19q4893>13021"<4Æ89#32ïu8139u40<4.1220829"$64w441,4.8,DOWnG-SUG-1089,EÏect & Elec\ ELgiÓGurin,2;78:2084953521771.621(1.5862868=65553242,2.1526491349481.4,2Ø0<π21<x34912107,∞,4,MODERATU
NG-SU-1089,Elmct &!Elect@ENÁxneering,4&4&6666'6>6667,4.34,4.44680:51t>;x:98,4.07441<≤∞465!1∑l4,4n518032(1727055≥, .0,LOW
NW-STU-0094,ÕlecU $elect E+gilaerhng,7.77w77g7w75777377,3o6±5194415µ8$65=4º,¥986&566v∂6665,1.)478269:695652,0l3,49π2479328200d0.0LOW	
NG-CT’-±08Q,Elm„t & Ule„t ENganeeÚijg$7.836>26662666667¨3.63.≤64±501¥3;162:64,3&5927621(085t:,p.3.74453q∑4∏57050uµ,0Æx,HM
N_-”VW?±(9lElekt`$0Dlgct Ungi.eeRing,4/ ,7.94,ì:6≥0297(723404243,3.<73<6'47747750,3¨894975q9=3"609650p,LKWäNO-S≈U-1193.Elmbt`" dlact Unoi~eering,4.3s3≥;3;#333337,4.644>p2551195t893617,<.9s12≥255813)=,0$6,$14242214726>51,0.0‹OW
NG-STW-3ê94,Edect ."el%ct Glgk^$eryng4.444¥4444∂4º¥445¨4.86<4659564<∂º08107,4n5202255∏139=4,0,6.22246q788Ù=2553,0/,LOW
Ng-RTU/104,Elıat . Elesv E~ginE-zing,4>84$44444t444<4rl4n;(t.82978w2350425%3,4n82490∂97674429,v¨5.76721333440038;.0.0,LOS
NG-CPU-1p6,≈le#6 & Glect0Engineebkng,4.57'77777±777(.4.9,4.9≤9?85:24r4:553,&.866∑136279p698=047442$135:∑05,0.1(DOW
Ng-STT%!097Aluct`& Elect EnoinuerIng,7,43'021276595˜45, .6p384213'255=02,2.36<2.∑0≤702702737,0,r*74 2862528'451ê3,0.∞$LOSF«-SU](0098§≈heat`& Elect E.%inÂeryng,7.)%±1111111111,4n22l≥.9!409∂97021"665,3.931182660750v<0,3.950844>π02300126$0*0<\ORMG-STU-1099,Elect & Elect†Encine%sÈnÁ,4.64544¥440$444454.7:0n:2970∑234∞42713,4.71>767µ45864¨0,4/v79q3$908354≥38m0.0,LOW
GoS\U)01"0,Edg# & Edecı Enfioeering,4.7555555=55554u55,4>'2,4.∂5857006808$ı07µ.ñq3957$<<3809,0-4/4u1238308485862,0/0,DOW
NG/”TU=1101,EldÛT & EleCt Sngine%Úing4,57555%545±555=5,4.36,4.3'2107%y574t?,n178139-34®<37,0,4.20U7379394220µ,0.0,L__*NG-€TUm110r¨Alect & Elect EnbiNe%Ring5.7133≥3s;3≥3;33,4.32,4&0,¥.6790697∂'441x6,∞,449258;01196∞ø73-0.0,ŒOU
HF-SUU-1!±#,Ehect"$ E|act$E~giÓeering(4Æ2&∂6666&66666wÆ.123.∏29787234 4255c0,v&038r0>v=s1>279,0,3.991#33p05¥z"412&0.0,ÃœW
NG-SUUi1q04,Elecp"& eÏdct!Engioeeringl3l8:978721 0425%14å3.6.7.4125,2.<125,2,2.7713t08µ184"56$0.º,LOW
NO-STU)±91%,Ede#T∞ Elect(EnÁinedpino,;.041666664&66665=3.r4,3.431;7254Ω01960w6.3.7¨p,3.;7137377001192∏)1.∞,LNW
mST’-1146,Elec~†&`EleJ‰ Unghneering,t.26666∂6666vv:4u,3.96,3.£59411w6705∏∏s*7.6277µ62774763,0,3.693ª574691348'77º0.0,LO◊
OG-SVU-112'Alectp& Elect EjgineeˆyJÁ<420t∂46444¥4444u(4.52,1*8163≤652 6122$5,1.9≤6840992>=41,0(3.9'34r55898(37334,p&0,|OWNG≠STU-110∏=Ulect & lec|$UnO)neerlng,3.u106:401636vµ33.2,3.>66>6667676>6665-;.$u526207929515,0,7.60972≥y831t40,0.0,LOW*FG-ZU-11∞)<Elect ' EleÁt`Engineer)ng.s.,56u23'39π30ts4&,3.9≤,292v0&51737#4$94,2.8rq09"∑56454,0,.au71320t4934{3¨0.∞.LOSJNF5STW-9!10Electb& El!Ct`EngiNÂd2ijg-∞.111113!111!111(4,0(3£8≤987234<255.#.80009089 149l∞,3.ó05Ω3)04r75705.1,0|LOW
O-SƒU-111q®Ule„t(. Eheg‘ Efgineetilgl3.95|545415tt46,3>v372.31714:85?!87857,3/<561?370%1'9:80¨2.8902081976046∂∂d1.0-LOW	
NG%STU/1112,Elevt & A|asp(EngiÊEeriLg,?.82:20222≤2"62224,3*¥8,3.081>s265{062246,3.6π5454%4u5u407,8.w4µ47694864 9722<¨1n0,LOW
Ng-STU-1113,ELact)&@DlÂcd$EngiÓEering,0.77337557767778,4.2,2.46y8513~382787,3.0256880733944,∞,3.(49<1512289838<0>0¨mMWNG-QTU-!954(Mhecp 7 dect EnbineeranG<3.977773775777∑8,;.7"3*833≥33333333#33µ,1,05253477261598,0,3.820160306&18145(0.0,LOåGmSTU-911(Glegt &`GlecTEngineejig¨4.52333s33733333;,4n¥4≠4.174:!276595667l4.0/4874075 7407.1-8.120481?≤0:2925%,:.0¨lNW
NN,StU-0136,Elect(& Pmect"Engmlderings.91!±±11±1±51151.4.12¨0.531914893z17002,4N13(23251∏1≥504,0,4.r5;8?815r3∑6>:y)0.0¨MOR
NG-SFw-317,elegT & EnebT EnfijeÂryNg,4.0<$4445444$44¥,3>>2.4.276595740∏51$5,0±;953488s720), ,4.0"3∏941362>6∏3¥$0,0\OWi
NG-STW-910x,≈nEct & EluÎt EnginderÈnG,4.31113110111051,5>72¨4.541∂>467V666467,4.5:7149348158!5=1,<.4<1622a77¥9}254,4>0,NOS
NF-QTU-1319-EÏe#4 & MlecÙ®ngileerifG,&33∂520652≤44898.3>2=4897)79183v73s¨.π(w5062 6886552,2.257470830565,0,≤.&;4678q2066573,0.0,LMWÕ
NG-STQ-1370,Elect &†U|ect(Enfinde:inc,3Æ)58333+#3#1333352/66,2.1,2.653143703096∂1(0$2.$94599217?ô103±$±.133331333333333<LO◊MäŒE-sTU(9101,E~uct†% ElÂcu Enoh.eeRing.4/3111!9q1111±q1,t.64<t.319"4(q361∑0:57,4.40y;427055814¨(0.32191:986041659,0.0<ÃOWNG≠SDU≠1!2",ElÂ#t†&jÏact eÓeing%rync,4.088888y8<8889$$.;8(3.;17446085106385l4.01f8370370360<,0,4.41y898'#551009∏,`.0,nOW
NG,S’-±>3,Aldct!&†Ele!| EnÁanwering,3.2666667"66&6666>,ªÆ:,;.11254716981134,3.2t122870155¥(0,≥.247 8v7(65)v908,0. ¨EOWG-CTUm±92ñ,E,ecp(. leC| EÓwaneeËinel4.91111=1111±111<4&∏8.4.:297873<06255#-º.36664186042512,0(78092821U479601,0.0,LOW
NG-RTE-1925,EÊecl & Ehact∞G*g)led2inÔ,6.60≤2223228"223(4Æ7,6.<%1063829787614,4./34x83w609302,0l4.'071306157#591l0,$ÃOWNG-STU/!2v,EÏest$& Öluat EnÁ≠ÓaeziNg,3.555555745755556¨3.7∂,3.48803z6530412u-3.795078493108(∞.3.t2¥5238y341481,0*0,LOW
NG-STT%1137,AlecP&`Eldc‘ EngiNedrÈkcl5.31!911±5±!11!,3.16,0.8&7=45283018873Æ48:∂π565213)1¨8,3.38932207121171Ï0&0lLOW
NG-TW-1138,lecvÄ$ Dfgcv E~g9neurino".7t4>885°06s:5,3¶2l".6666746&6666&6"5(2/9:9162666∂767,,2.992†25624979,0.0LNW
JG=WT◊-11z9EleCt* E,ecv Angineur)Óg,3.#s333;3:3≥33335,*.5,2.523076=230769"7,2.&211#17r∏1•8:1,0¨.730;46966u8648,0.0NLOWOG-STU-10ì2¨E$ect & AleCT(Engineeryog-2,47727¶527≤7≤72'-2*7542∫7342857$4,1, 45,u4545.E¥1%g4,2.•2©8¥07µ626866-0-24066?8611201±076(P.14hLOW
NGÌSTU113q,E~ec|0&(E,ug4 mnÊiNeevij',3.72s44420%2u919+3n50l2.:032218864536.8270&66915293,0,2&881∏#r3336)37120, .0(DOW
ŒG-R’U-1132,MNfo`& COmm Enghn!ering<2,1392#7∂:636<5297..325,2.205r020uq2x"0%3.2.5142x57152857%0¨25≥1790811±:3771l.122>66266v6666663-LO
^G-STU-q13s,Invo & Ckmh ƒnwij%ering,Û.w9!12345827/<63,13878x7776993545,2l3466646666¶æ66∂?,2."365%)1≥y7x4;%,02Æ260006)0;380978,0.0431333s33#133333%,LNW
NGlSTU(113,‰Ÿnf f CoMo Mnginıerin1.9¥4w639q6721904w,3.$6875,4.∞166∂&6∂66663<$.009q74311u24¥q,0,3.;4&33070505979,0.0,LOW
FG=STE-1135-I~fm $(CnmM ~fineerÔng,2,53033;3#332335,2*375,1/'174460u88235293-2/"7#0607s062731, 2.372t3678s039<6∑6,0*047q3333≥373333#5,HM_ãnG-_DU-113Ê&infg &!Comi`eÓok~eÂRÈng-2.y26 "6=55≤17392(1.8407u,6/∏0555=555515554,2.9)58v76093<48,0.2.84422435s&80045-8.,LOW
NW-RU-1137$Y.fo &(Comm EngilgErk&',2.3∏775510"¥09!5.1.821428=ó1485614,2Æ3v111111±11111l2&47701036v4π22l4≠2.4?4≥38<9359s6,∞>00≥3≥333≥33ss33:33µ,NMW	
NG-RUU-113(,In&o &$Cmmm Engil%eri.g,2.904?¶±πpp'619047l2n1773.4#0369230669306,2."1524&632370s,0<3.18?0t8406∑3196, 0,LOW
nG-L’a1!39,IÏFo . CoMm Engimg%rinw,1>450%054741<5451,1j98,0.242720ë50819674<2>1Ω416356<3732,0,2js#557734:48247p4 0.00{3333333#3ì≥335¨LOW
NG,STU-1140$IÓÊo Ê&cool E.gkoeering,s.681;1058181<3817,3,;6:w5,;.76∂6v66676664&7&,3.(3636363234s∂4.4,3>916π2≤6{<_008798,0.0lLMW^G-STu-%14=,Inbo` Comm Engyjgering,9n640625,6.21>21721625$212,2.2712?p2∑02∑ 27$*Sv86131868613,,3.2;:?59xvT08<=,0173≥3s3337333;3;,OW
G/STU-1±4:Iofo &!Cnmm,Unci.e$ring,2.1≥∂30s7≥6;>12362-2&066666∂∂6&66667Ï1>97#33!2333;#33$l46124∞310 7752,6,r*342162t9ˆ59≤46,0.18,LçW
Ná-WTUm1143,Ijfo ¶0Com- EnfilemsiÆg,2.7∏≤23>1857¥4∂8,3Æ0125,3.092909 929q9091,3/34/¥3362831z,0,3¨1426 412#3u22267,0.0¨lNWNG%[UU%1164(IffÔ ' Co-m UngifmarinG,3&π23ÿ29521:0953æ,3.3¥2713*8,.86435336∂5±6l0,3Æp0283862≤1w9¨0.0lLNwM
FE≠‘U-1145Infn f Komi mÓgËneÂbyfg,2.094339?226415096.2.25,2.6y7∂47 u8831ı2=6l6.¥979)1y672y48<,2>578x42Ò119#u14,2.:,LOW
NG-S\W+±1t6,Info0&`CgMm*EngyJeerinG,2/2)∑8723$0435532:.3?142(5w142=7,1n8&306<9675U7≤t1;≠.398∞709219)583,4,∂.367!04!91335:6-0.09,LO_äNUeS4’-1147,Il&m &(Cm-l`E˛gindeping¨2.71w3π030434726,2.6337±3333s73134-3n1428=71t08%7∏43,3.q6$50≤14¥u0016,<3.077}81=5100a001;,p.0,LHW
L«-SL’≠1148,In&o &`Co}m Enfineerijg-9Æ8793107440í75863,1.x0635%2Æ550?2<637&911u9,2.5Ù-4,∫?2443879Ù7341v4-0.216v66v6v2v6666&¶lLOW
JG-SUU-18¥;	ngÔ &$CoEm e~oifegRing¨27619∞¨771π0466;,3&25,3n83033'337332335-3.7201<34∏62≤85s,0,;.6∞114783u369658,pÆ0,LOW*O-STU≠1150(Ylfg"" Como"EfgiÊee2ing,≥8<4657384634786Æ2.0≤9411764705883≤,3.53±4085716":5714,2.321375464794,p,608958%:35∞!92c97-∞*38313s6333≥323v,MMDERatENG/STU-1171Infk!& Como GnF)jeepINg4.13956¥<837009305,".'s1r<,≥.9666462666∂∂2≤,4.2740?60740740,0,3.9519s[6µ74196423,2.p,LOVMäNG)qDU-1112K~f-0& Cmmm jghnÌering,s.0$2Æ>2%l3.#<y202#49202≥493,3Æ45814)57973568,4.£*26060't286Y22'6¨ n4(LOW*F«-STU,1153,Info &(CommbEÓgineÂrkng.2.77991473;0<76≤¨:.;35,3.7538<t143846516,3.64547¥454%455¨0,.44u7`09912464{8,8
0,LoV
NC-Q‹U1154,Info f AOmm`Enginmdring,;>465116079p6)64l2.∂<96=5072p1379≥,#.•285714285w142∞4,3.3~191950226"4.0,.3421980≥>ør67'#,0.0¨L«◊	
NGmSÙu-1±5%,Ijfo & Iomo EncineeÛ!og&2n1617146(Ω'±42p5∂.1,78125,1.904;#63418w0442,2.2)3723"930v29,0.2Æ:712v7475≤5 7542,4.02,LO_Ná-SPU-y15>LInfo 6(CÔml EnfinueziÓg≥>7255∏17953488373,3.0625,3.453125,3.51363636363636,0,3.4274812639420933,0.0,LOW
NG-STU-1157,Info & Comm Engineering,4.642857142857143,4.3125,4.683333333333334,4.70232558139535,0,4.638394004781657,0.0,LOW
NG-STU-1158,Info & Comm Engineering,2.62,2.625,3.4833333333333334,3.16814159292035,0,3.322727925864777,0.0,LOW
NG-STU-1159,Info & Comm Engineering,4.285714285714286,4.46875,4.8,4.62325581395349,0,4.62790019359795,0.0,LOW
NG-STU-1160,Info & Comm Engineering,3.5714285714285716,3.4375,3.7,3.93953488372093,0,3.774584065986559,0.0,LOW
NG-STU-1161,Info & Comm Engineering,1.7543859649122806,1.5925925925925926,1.4772727272727273,1.91891891891892,1,1.946905128490622,1.0,CRITICAL
NG-STU-1162,Info & Comm Engineering,2.3958333333333335,2.75,3.532258064516129,3.31838565022422,0,3.341892070525661,0.0,LOW
NG-STU-1163,Info & Comm Engineering,2.4782608695652173,2.71875,2.142857142857143,2.75303643724696,0,2.6432442429680907,0.0033333333333333335,LOW
NG-STU-1164,Info & Comm Engineering,2.611111111111111,2.90625,3.306451612903226,3.34913793103448,0,3.265428654372127,0.0,LOW
NG-STU-1165,Info & Comm Engineering,2.7567567567567566,1.7674418604651163,2.0923076923076924,2.41825095057034,0,2.397816158709928,0.02,LOW
NG-STU-1166,Info & Comm Engineering,2.2972972972972974,2.269230769230769,2.4285714285714284,2.55371900826446,0,2.542741739224494,0.0,LOW
NG-STU-1167,Info & Comm Engineering,2.972972972972973,3.217391304347826,3.6862745098039214,3.51904761904762,0,3.55880971788964,0.0,LOW
NG-STU-1168,Info & Comm Engineering,2.7027027027027026,1.6,1.7313432835820894,2.36032388663968,0,2.241890555540007,0.11666666666666667,LOW
NG-STU-1169,Info & Comm Engineering,2.72972972972973,2.782608695652174,3.1538461538461537,3.25,0,3.1812719528145865,0.0,LOW
NG-STU-1170,Info & Comm Engineering,3.4864864864864864,2.8260869565217392,4.04,3.72169811320755,0,3.6029032600537567,0.0,LOW
NG-STU-1171,Info & Comm Engineering,2.945945945945946,2.422222222222222,3.0689655172413794,3.19444444444444,0,3.069787404418128,0.01,LOW
NG-STU-1172,Info & Comm Engineering,2.7027027027027026,1.9583333333333333,2.171875,2.44313725490196,0,2.425980941605944,0.013333333333333334,LOW
NG-STU-1173,Info & Comm Engineering,4.54054054054054,4.6,4.574468085106383,4.61951219512195,0,4.627930888266849,0.0,LOW
NG-STU-1174,Info & Comm Engineering,3.4594594594594597,3.466666666666667,3.36,3.57211538461538,0,3.5610983796005398,0.0,LOW
NG-STU-1175,Info & Comm Engineering,3.972972972972973,4.044444444444444,4.51063829787234,4.30243902439024,0,4.327251621016476,0.0,LOW
NG-STU-1176,Info & Comm Engineering,3.108108108108108,3.688888888888889,4.333333333333333,3.94761904761905,0,4.0345993725913525,0.0,LOW
NG-STU-1177,Info & Comm Engineering,3.2162162162162162,3.4,3.7142857142857144,3.77142857142857,0,3.679858074503556,0.0,LOW
NG-STU-1178,Info & Comm Engineering,4.135135135135135,3.911111111111111,3.3404255319148937,3.74271844660194,0,3.7626441134976467,0.0,LOW
NG-STU-1179,Info & Comm Engineering,3.4285714285714284,3.2222222222222223,3.156862745098039,3.45714285714286,0,3.3980008568518842,0.0,LOW
NG-STU-1180,Info & Comm Engineering,2.324324324324324,2.6595744680851063,2.19672131147541,2.69396551724138,0,2.60046263910325,0.006666666666666667,LOW
NG-STU-1181,Info & Comm Engineering,2.7027027027027026,1.5333333333333334,1.4788732394366197,2.03821656050955,0,2.064317085688432,0.43333333333333335,MODERATE
NG-STU-1182,Info & Comm Engineering,2.5675675675675675,2.1578947368421053,2.5833333333333335,2.60416666666667,0,2.6009737154274584,0.0033333333333333335,LOW
NG-STU-1183,Info & Comm Engineering,2.810810810810811,2.7708333333333335,3.34,3.36792452830189,0,3.209853461350101,0.0,LOW
NG-STU-1184,Info & Comm Engineering,1.8421052631578947,1.8695652173913044,1.452054794520548,1.83076923076923,1,1.881390477605257,1.0,CRITICAL
NG-STU-1185,Info & Comm Engineering,3.189189189189189,2.6444444444444444,2.9,3.2511013215859,0,3.0891111414901293,0.0,LOW
NG-STU-1186,Info & Comm Engineering,3.4324324324324325,3.311111111111111,3.1176470588235294,3.62200956937799,0,3.4277047311426303,0.0,LOW
NG-STU-1187,Info & Comm Engineering,2.3783783783783785,2.1555555555555554,2.5081967213114753,2.58050847457627,0,2.5765561954471656,0.0,LOW
NG-STU-1188,Info & Comm Engineering,3.27027027027027,2.111111111111111,2.456140350877193,2.82553191489362,0,2.7147523985941433,0.0,LOW
NG-STU-1189,Info & Comm Engineering,4.8108108108108105,4.822222222222222,4.9361702127659575,4.80487804878049,0,4.820341476635954,0.0,LOW
NG-STU-1190,Info & Comm Engineering,2.891891891891892,3.4,3.0784313725490198,3.43601895734597,0,3.3392783361501013,0.0,LOW
NG-STU-1191,Info & Comm Engineering,2.7142857142857144,2.511111111111111,3.142857142857143,3.11627906976744,0,3.1223042128617253,0.0033333333333333335,LOW
NG-STU-1192,Info & Comm Engineering,3.4054054054054053,2.6,2.6607142857142856,3.15652173913043,0,3.040512419132878,0.0,LOW
NG-STU-1193,Info & Comm Engineering,2.972972972972973,2.7333333333333334,1.9242424242424243,2.5,0,2.527966606202761,0.013333333333333334,LOW
NG-STU-1194,Info & Comm Engineering,4.243243243243243,4.333333333333333,4.25531914893617,4.35609756097561,0,4.342201751663444,0.0,LOW
NG-STU-1195,Info & Comm Engineering,2.7837837837837838,2.577777777777778,2.8666666666666667,2.77272727272727,0,2.9130910233020177,0.006666666666666667,LOW
NG-STU-1196,Info & Comm Engineering,3.135135135135135,2.7111111111111112,2.75,3.18981481481481,0,3.044003264793881,0.0,LOW
NG-STU-1197,Info & Comm Engineering,3.0,2.8666666666666667,3.4375,3.42380952380952,0,3.364908033529872,0.0,LOW
NG-STU-1198,Info & Comm Engineering,3.7837837837837838,4.177777777777778,4.340425531914893,4.35121951219512,0,4.238877824923273,0.0,LOW
NG-STU-1199,Info & Comm Engineering,2.710526315789474,1.6595744680851063,1.2258064516129032,1.94295302013423,1,2.003179834562791,1.0,CRITICAL
NG-STU-1200,Info & Comm Engineering,3.7027027027027026,3.466666666666667,3.28,3.73557692307692,0,3.6084281305631705,0.0,LOW
NG-STU-1201,Info & Comm Engineering,3.081081081081081,3.7555555555555555,3.872340425531915,3.86829268292683,0,3.8283522956470124,0.0,LOW
NG-STU-1202,Info & Comm Engineering,2.4324324324324325,2.7916666666666665,2.625,2.85152838427948,0,2.8931296660073067,0.0,LOW
NG-STU-1203,Info & Comm Engineering,3.27027027027027,2.977777777777778,2.877551020408163,3.10267857142857,0,3.2111300536410896,0.0,LOW
NG-STU-1204,Info & Comm Engineering,2.4594594594594597,1.934782608695652,2.2857142857142856,2.2911877394636,0,2.4376711668998547,0.0033333333333333335,LOW
NG-STU-1205,Info & Comm Engineering,2.5945945945945947,2.6875,3.0,2.88744588744589,0,3.004272782293043,0.0,LOW
NG-STU-1206,Info & Comm Engineering,3.189189189189189,2.9347826086956523,3.04,3.18224299065421,0,3.254988535632028,0.0,LOW
NG-STU-1207,Info & Comm Engineering,3.27027027027027,3.1555555555555554,2.392857142857143,2.93013100436681,0,3.002436112705791,0.0,LOW
NG-STU-1208,Info & Comm Engineering,3.7027027027027026,3.2888888888888888,3.7291666666666665,3.85446009389671,0,3.7014130845391984,0.0,LOW
NG-STU-1209,Info & Comm Engineering,3.108108108108108,2.688888888888889,2.706896551724138,3.07692307692308,0,3.0186098351198143,0.0,LOW
NG-STU-1210,Info & Comm Engineering,3.7837837837837838,4.177777777777778,4.170212765957447,4.10243902439024,0,4.178963933189231,0.0,LOW
NG-STU-1211,Info & Comm Engineering,3.5405405405405403,3.5217391304347827,3.7708333333333335,3.89855072463768,0,3.7513573414177257,0.0,LOW
NG-STU-1212,Info & Comm Engineering,3.0,3.3333333333333335,3.18,3.35238095238095,0,3.398219281710897,0.0,LOW
NG-STU-1213,Info & Comm Engineering,3.3783783783783785,3.2,2.792452830188679,3.06511627906977,0,3.2557340835779303,0.0,LOW
NG-STU-1214,Info & Comm Engineering,3.27027027027027,3.3777777777777778,3.46,3.41706161137441,0,3.544263254950721,0.0,LOW
NG-STU-1215,Info & Comm Engineering,3.945945945945946,3.511111111111111,3.163265306122449,3.83574879227053,0,3.5784401645892343,0.0,LOW
NG-STU-1216,Info & Comm Engineering,4.702702702702703,4.644444444444445,4.625,4.68932038834951,0,4.671430502608551,0.0,LOW
NG-STU-1217,Info & Comm Engineering,3.324324324324324,3.441860465116279,2.6607142857142856,3.33796296296296,0,3.282133189772812,0.0,LOW
NG-STU-1218,Info & Comm Engineering,3.4594594594594597,3.066666666666667,3.0185185185185186,3.32258064516129,0,3.259479478897764,0.0,LOW
NG-STU-1219,Info & Comm Engineering,4.108108108108108,4.044444444444444,4.361702127659575,4.39024390243902,0,4.250829046233363,0.0,LOW
NG-STU-1220,Info & Comm Engineering,3.4864864864864864,4.088888888888889,4.276595744680851,4.17073170731707,0,4.156371883466154,0.0,LOW
NG-STU-1221,Info & Comm Engineering,2.6578947368421053,1.9333333333333333,1.7384615384615385,2.04180064308682,0,2.235000372605586,0.11333333333333333,LOW
NG-STU-1222,Info & Comm Engineering,4.378378378378378,4.688888888888889,3.30188679245283,4.2085308056872,0,4.02807896705629,0.0,LOW
NG-STU-1223,Info & Comm Engineering,3.918918918918919,3.6,2.723404255319149,3.33018867924528,0,3.3659926174682133,0.0,LOW
NG-STU-1224,Info & Comm Engineering,3.135135135135135,2.977777777777778,3.82,3.75961538461538,0,3.526301033992835,0.0,LOW
NG-STU-1225,Info & Comm Engineering,3.2432432432432434,3.022222222222222,3.0555555555555554,3.30373831775701,0,3.2825165953535502,0.0,LOW
NG-STU-1226,Info & Comm Engineering,2.4324324324324325,1.9787234042553192,1.9491525423728813,2.38372093023256,0,2.338896147635998,0.08,LOW
NG-STU-1227,Info & Comm Engineering,4.4324324324324325,4.534883720930233,3.9615384615384617,4.39423076923077,0,4.2405603497941575,0.0,LOW
NG-STU-1228,Info & Comm Engineering,3.1621621621621623,3.021276595744681,3.269230769230769,3.49769585253456,0,3.340111751737379,0.0,LOW
NG-STU-1229,Info & Comm Engineering,3.2972972972972974,3.558139534883721,3.510204081632653,3.60287081339713,0,3.6500648166323404,0.0,LOW
NG-STU-1230,Info & Comm Engineering,4.378378378378378,4.266666666666667,3.9574468085106385,4.31219512195122,0,4.18680394518365,0.0,LOW
NG-STU-1231,Info & Comm Engineering,3.2972972972972974,2.888888888888889,2.48,2.97757847533632,0,2.98701613003168,0.0,LOW
NG-STU-1232,Info & Comm Engineering,3.3191489361702127,3.0357142857142856,2.816326530612245,3.08583690987124,0,3.2251533235007117,0.0,LOW
NG-STU-1233,Info & Comm Engineering,4.553191489361702,4.591836734693878,4.74468085106383,4.67592592592593,0,4.722465118463415,0.0,LOW
NG-STU-1234,Info & Comm Engineering,2.893617021276596,2.6724137931034484,3.25531914893617,3.32894736842105,0,3.1939680897347498,0.0,LOW
NG-STU-1235,Info & Comm Engineering,3.6382978723404253,3.056603773584906,2.5686274509803924,3.27433628318584,0,3.087803739964045,0.0,LOW
NG-STU-1236,Info & Comm Engineering,3.0638297872340425,2.2758620689655173,2.0677966101694913,2.50740740740741,0,2.4701328787260564,0.006666666666666667,LOW
NG-STU-1237,Info & Comm Engineering,4.0212765957446805,3.5918367346938775,3.9148936170212765,3.84403669724771,0,3.895982212202743,0.0,LOW
NG-STU-1238,Info & Comm Engineering,3.6808510638297873,3.0816326530612246,3.489795918367347,3.56422018348624,0,3.543861776719934,0.0,LOW
NG-STU-1239,Info & Comm Engineering,3.4893617021276597,2.4,2.737704918032787,3.10655737704918,0,3.015761790764912,0.0,LOW
NG-STU-1240,Info & Comm Engineering,4.574468085106383,3.9411764705882355,4.319148936170213,4.34259259259259,0,4.349004666343455,0.0,LOW
NG-STU-1241,Info & Comm Engineering,3.851063829787234,3.7755102040816326,3.836734693877551,3.87614678899083,0,3.9117235470741285,0.0,LOW
NG-STU-1242,Info & Comm Engineering,3.872340425531915,3.306122448979592,3.7346938775510203,3.79816513761468,0,3.7750436334527446,0.0,LOW
NG-STU-1243,Info & Comm Engineering,3.3404255319148937,2.8275862068965516,3.4081632653061225,3.39148936170213,0,3.3477825970466144,0.0,LOW
NG-STU-1244,Info & Comm Engineering,2.74468085106383,2.721311475409836,3.0638297872340425,3.16379310344828,0,3.1115244032415057,0.0,LOW
NG-STU-1245,Info & Comm Engineering,3.574468085106383,3.1020408163265305,3.4,3.5296803652968,0,3.5225734397521498,0.0,LOW
NG-STU-1246,Info & Comm Engineering,3.978723404255319,3.7547169811320753,3.872340425531915,3.97222222222222,0,3.9531253913502225,0.0,LOW
NG-STU-1247,Info & Comm Engineering,4.297872340425532,3.8461538461538463,3.8767123287671232,4.11926605504587,0,4.042993434341716,0.0,LOW
NG-STU-1248,Info & Comm Engineering,4.25531914893617,3.7755102040816326,4.244897959183674,4.21559633027523,0,4.1946707739145115,0.0,LOW
NG-STU-1249,Info & Comm Engineering,3.5106382978723403,3.2777777777777777,3.765957446808511,3.87782805429864,0,3.678090691393647,0.0,LOW
NG-STU-1250,Info & Comm Engineering,3.276595744680851,2.693548387096774,3.2708333333333335,3.26521739130435,0,3.298309605348772,0.0,LOW
NG-STU-1251,Info & Comm Engineering,3.574468085106383,3.0,2.5084745762711864,2.96470588235294,0,3.0751809019783276,0.0,LOW
NG-STU-1252,Info & Comm Engineering,4.0638297872340425,3.2941176470588234,3.872340425531915,3.87155963302752,0,3.85242642752395,0.0,LOW
NG-STU-1253,Info & Comm Engineering,3.425531914893617,3.1607142857142856,3.4893617021276597,3.54260089686099,0,3.4774018461343834,0.0,LOW
NG-STU-1254,Info & Comm Engineering,3.297872340425532,2.618181818181818,3.206896551724138,3.39,0,3.2521707716059822,0.0,LOW
NG-STU-1255,Info & Comm Engineering,3.3191489361702127,2.2419354838709675,2.8461538461538463,3.06808510638298,0,3.0053232336773625,0.0,LOW
NG-STU-1256,Info & Comm Engineering,2.8085106382978724,2.4754098360655736,2.5517241379310347,2.60754716981132,0,2.7481785153989273,0.0,LOW
NG-STU-1257,Info & Comm Engineering,3.5106382978723403,2.759259259259259,2.457627118644068,2.859375,0,2.991926676155656,0.0,LOW
NG-STU-1258,Info & Comm Engineering,3.5106382978723403,2.2419354838709675,3.0,3.07203389830508,0,3.0455938248400507,0.0,LOW
NG-STU-1259,Info & Comm Engineering,4.446808510638298,3.509433962264151,3.6808510638297873,4.03211009174312,0,3.9356534400477083,0.0,LOW
NG-STU-1260,Info & Comm Engineering,4.1063829787234045,3.0555555555555554,3.723404255319149,3.72850678733032,0,3.6654572728588155,0.0,LOW
NG-STU-1261,Info & Comm Engineering,3.6808510638297873,3.150943396226415,2.240740740740741,2.96442687747036,0,2.984823536270517,0.0,LOW
NG-STU-1262,Info & Comm Engineering,4.042553191489362,3.6530612244897958,3.5531914893617023,3.68981481481481,0,3.8139009773002712,0.0,LOW
NG-STU-1263,Info & Comm Engineering,4.340425531914893,3.5306122448979593,3.4468085106382977,3.99082568807339,0,3.833519363826723,0.0,LOW
NG-STU-1264,Info & Comm Engineering,3.5531914893617023,3.3461538461538463,3.8297872340425534,3.73059360730594,0,3.699328558586869,0.0,LOW
NG-STU-1265,Info & Comm Engineering,4.553191489361702,4.142857142857143,4.617021276595745,4.50462962962963,0,4.509861626527288,0.0,LOW
NG-STU-1266,Info & Comm Engineering,3.404255319148936,3.0576923076923075,3.7872340425531914,3.29955947136564,0,3.526301033992835,0.0,LOW
NG-STU-1267,Info & Comm Engineering,2.3191489361702127,2.2058823529411766,2.4,2.48897058823529,0,2.537281359208123,0.01,LOW
NG-STU-1268,Info & Comm Engineering,2.851063829787234,2.564516129032258,2.6842105263157894,2.82936507936508,0,2.869162638405219,0.01,LOW
NG-STU-1269,Info & Comm Engineering,4.0638297872340425,3.784313725490196,4.1063829787234045,4.12844036697248,0,4.055692161531925,0.0,LOW
NG-STU-1270,Info & Comm Engineering,4.553191489361702,3.5294117647058822,3.5106382978723403,3.69026548672566,0,3.862572081199454,0.0,LOW
NG-STU-1271,Info & Comm Engineering,3.297872340425532,2.435483870967742,3.36734693877551,3.15384615384615,0,3.3155536816184967,0.0,LOW
NG-STU-1272,Info & Comm Engineering,4.51063829787234,4.450980392156863,4.723404255319149,4.61926605504587,0,4.66497063455062,0.0,LOW
NG-STU-1273,Info & Comm Engineering,4.1063829787234045,3.1296296296296298,3.702127659574468,3.72888888888889,0,3.728901878143206,0.0,LOW
NG-STU-1274,Info & Comm Engineering,3.4680851063829787,3.2941176470588234,3.382978723404255,3.57918552036199,0,3.531121289797849,0.0,LOW
NG-STU-1275,Info & Comm Engineering,3.382978723404255,2.1666666666666665,1.8275862068965518,2.56716417910448,0,2.4214313494581834,0.0,LOW
NG-STU-1276,Info & Comm Engineering,3.4680851063829787,2.896551724137931,3.0384615384615383,3.40434782608696,0,3.2321844225794254,0.0,LOW
NG-STU-1277,Info & Comm Engineering,3.5106382978723403,2.8461538461538463,3.5714285714285716,3.43111111111111,0,3.4434546615116064,0.0,LOW
NG-STU-1278,Info & Comm Engineering,3.25531914893617,2.7037037037037037,3.150943396226415,3.37444933920705,0,3.2214430769237197,0.0,LOW
NG-STU-1279,Info & Comm Engineering,4.595744680851064,4.020408163265306,4.531914893617022,4.29680365296804,0,4.452025271020028,0.0,LOW
NG-STU-1280,Info & Comm Engineering,3.74468085106383,3.036363636363636,2.9649122807017543,3.55172413793103,0,3.368999180990462,0.0,LOW
NG-STU-1281,Info & Comm Engineering,3.723404255319149,2.661290322580645,3.0925925925925926,3.38114754098361,0,3.3097947157315053,0.0,LOW
NG-STU-1282,Info & Comm Engineering,3.4680851063829787,2.6166666666666667,2.4237288135593222,2.90438247011952,0,2.9000810868093043,0.0,LOW
NG-STU-1283,Info & Comm Engineering,3.2,3.175438596491228,2.076923076923077,2.65,0,2.7950114597779447,0.0,LOW
NG-STU-1284,Info & Comm Engineering,4.288888888888889,3.2549019607843137,2.830188679245283,3.52252252252252,0,3.5001061697288356,0.0,LOW
NG-STU-1285,Info & Comm Engineering,3.4,3.0545454545454547,2.388888888888889,2.92703862660944,0,2.988290823201698,0.0,LOW
NG-STU-1286,Info & Comm Engineering,4.8,4.551020408163265,4.382978723404255,4.50934579439252,0,4.561007340329118,0.0,LOW
NG-STU-1287,Info & Comm Engineering,4.0,3.2280701754385963,3.74468085106383,3.70089285714286,0,3.709984833963251,0.0,LOW
NG-STU-1288,Info & Comm Engineering,3.422222222222222,3.3529411764705883,3.3191489361702127,3.50462962962963,0,3.5082729798392425,0.0,LOW
NG-STU-1289,Info & Comm Engineering,4.622222222222222,4.1020408163265305,4.23404255319149,4.3411214953271,0,4.381402803179924,0.0,LOW
NG-STU-1290,Info & Comm Engineering,4.2,3.4814814814814814,3.617021276595745,4.01369863013699,0,3.8658286053554094,0.0,LOW
NG-STU-1291,Info & Comm Engineering,4.622222222222222,4.591836734693878,4.702127659574468,4.71028037383178,0,4.7168824346217235,0.0,LOW
NG-STU-1292,Info & Comm Engineering,4.155555555555556,2.8679245283018866,2.5272727272727273,2.91358024691358,0,3.115774980227784,0.0,LOW
NG-STU-1293,Info & Comm Engineering,3.488888888888889,3.176470588235294,2.92,3.27149321266968,0,3.3142006272438382,0.0,LOW
NG-STU-1294,Info & Comm Engineering,3.8666666666666667,2.3934426229508197,2.4210526315789473,2.90283400809717,0,2.8963385251039946,0.0,LOW
NG-STU-1295,Info & Comm Engineering,2.7555555555555555,2.4716981132075473,1.7758620689655173,2.4,0,2.439332490389857,0.03,LOW
NG-STU-1296,Info & Comm Engineering,3.7333333333333334,3.189655172413793,3.3529411764705883,3.49339207048458,0,3.532338274010534,0.0,LOW
NG-STU-1297,Info & Comm Engineering,3.488888888888889,2.593220338983051,2.5925925925925926,3.00836820083682,0,2.944261584352865,0.0,LOW
NG-STU-1298,Info & Comm Engineering,3.8,3.018181818181818,3.34,3.60986547085202,0,3.4764390314090385,0.0,LOW
NG-STU-1299,Info & Comm Engineering,3.911111111111111,3.150943396226415,3.1020408163265305,3.51339285714286,0,3.532185169318789,0.0,LOW
NG-STU-1300,Info & Comm Engineering,3.688888888888889,2.4655172413793105,1.8923076923076922,2.69721115537849,0,2.688093595874677,0.0033333333333333335,LOW
NG-STU-1301,Info & Comm Engineering,3.8,3.0377358490566038,3.617021276595745,3.58636363636364,0,3.592294846511573,0.0,LOW
NG-STU-1302,Info & Comm Engineering,3.933333333333333,2.803921568627451,1.8070175438596492,2.82113821138211,0,2.68428895741987,0.0,LOW
NG-STU-1303,Info & Comm Engineering,3.8666666666666667,3.290909090909091,3.404255319148936,3.76818181818182,0,3.660859838762764,0.0,LOW
NG-STU-1304,Info & Comm Engineering,4.066666666666666,3.510204081632653,3.24,3.70967741935484,0,3.638084956092099,0.0,LOW
NG-STU-1305,Info & Comm Engineering,4.288888888888889,3.2941176470588234,2.826923076923077,3.46188340807175,0,3.5560703080049634,0.0,LOW
NG-STU-1306,Info & Comm Engineering,4.066666666666666,2.406779661016949,3.0185185185185186,3.13362068965517,0,3.188044004056618,0.0,LOW
NG-STU-1307,Info & Comm Engineering,3.3333333333333335,3.4444444444444446,3.6808510638297873,3.74429223744292,0,3.7275166690393027,0.0,LOW
NG-STU-1308,Info & Comm Engineering,3.488888888888889,2.888888888888889,3.489795918367347,3.19457013574661,0,3.4250076000754266,0.0,LOW
NG-STU-1309,Info & Comm Engineering,4.4222222222222225,3.9591836734693877,4.0,4.26635514018692,0,4.210860675936585,0.0,LOW
NG-STU-1310,Info & Comm Engineering,3.488888888888889,3.061224489795918,2.4285714285714284,3.00429184549356,0,2.9937867761999164,0.0,LOW
NG-STU-1311,Info & Comm Engineering,3.2,2.262295081967213,1.6065573770491803,2.67527675276753,0,2.3808922374795625,0.02,LOW
NG-STU-1312,Info & Comm Engineering,4.133333333333334,2.509433962264151,2.2857142857142856,2.69685039370079,0,2.886371238993,0.0,LOW
NG-STU-1313,Info & Comm Engineering,3.977777777777778,2.6610169491525424,1.7391304347826086,2.30479452054795,0,2.5920710528276367,0.0,LOW
NG-STU-1314,Info & Comm Engineering,4.4222222222222225,4.163265306122449,3.9361702127659575,4.23364485981308,0,4.1472231132841575,0.0,LOW
NG-STU-1315,Info & Comm Engineering,4.444444444444445,4.1020408163265305,3.595744680851064,4.1214953271028,0,4.068329073860381,0.0,LOW
NG-STU-1316,Info & Comm Engineering,3.3333333333333335,2.5686274509803924,2.015625,2.636,0,2.7119403575057293,0.01,LOW
NG-STU-1317,Info & Comm Engineering,3.9555555555555557,3.4693877551020407,3.617021276595745,3.75700934579439,0,3.7987227749742645,0.0,LOW
NG-STU-1318,Info & Comm Engineering,3.422222222222222,2.721311475409836,3.0727272727272728,3.12605042016807,0,3.2062969856026386,0.0,LOW
NG-STU-1319,Info & Comm Engineering,4.955555555555556,4.877551020408164,4.808510638297872,4.88785046728972,0,4.843144025947748,0.0,LOW
NG-STU-1320,Info & Comm Engineering,4.355555555555555,3.142857142857143,3.4791666666666665,3.76851851851852,0,3.681798166801375,0.0,LOW
NG-STU-1321,Info & Comm Engineering,4.155555555555556,3.2037037037037037,2.450980392156863,3.3215859030837,0,3.181206616796189,0.0,LOW
NG-STU-1322,Info & Comm Engineering,4.777777777777778,4.489795918367347,4.446808510638298,4.5981308411215,0,4.587945520539414,0.0,LOW
NG-STU-1323,Info & Comm Engineering,3.8,3.1666666666666665,3.02,3.45535714285714,0,3.4012949814978333,0.0,LOW
NG-STU-1324,Info & Comm Engineering,4.2444444444444445,3.2244897959183674,3.0,3.50900900900901,0,3.4973908477972624,0.0,LOW
NG-STU-1325,Info & Comm Engineering,4.133333333333334,3.3461538461538463,2.9607843137254903,3.54708520179372,0,3.4773959070950307,0.0,LOW
NG-STU-1326,Info & Comm Engineering,3.422222222222222,2.2413793103448274,1.6428571428571428,2.16558441558442,0,2.3738925377556255,0.006666666666666667,LOW
NG-STU-1327,Info & Comm Engineering,4.266666666666667,3.4081632653061225,3.36734693877551,3.75,0,3.778250174391013,0.0,LOW
NG-STU-1328,Info & Comm Engineering,4.533333333333333,3.980392156862745,4.361702127659575,4.11111111111111,0,4.338467004603559,0.0,LOW
NG-STU-1329,Info & Comm Engineering,4.0,3.5384615384615383,3.723404255319149,3.84792626728111,0,3.8326055639423124,0.0,LOW
NG-STU-1330,Info & Comm Engineering,3.933333333333333,2.727272727272727,2.292307692307692,2.9031007751938,0,2.912944505608654,0.0,LOW
NG-STU-1331,Info & Comm Engineering,4.066666666666666,4.122448979591836,4.680851063829787,4.45327102803738,0,4.454428662689812,0.0,LOW
NG-STU-1332,Info & Comm Engineering,4.133333333333334,3.2941176470588234,2.9148936170212765,3.28508771929825,0,3.4773959070950307,0.0,LOW
NG-STU-1333,Info & Comm Engineering,4.355555555555555,3.5918367346938775,3.574468085106383,3.75462962962963,0,3.863417217688017,0.0,LOW
NG-STU-1334,Info & Comm Engineering,4.4,4.1020408163265305,3.3137254901960786,3.96788990825688,0,3.819016740013688,0.0,LOW
NG-STU-1335,Info & Comm Engineering,2.5555555555555554,2.2131147540983607,1.6231884057971016,1.99672131147541,1,2.1899677051729767,1.0,CRITICAL
NG-STU-1336,Info & Comm Engineering,4.022222222222222,2.963636363636364,1.9787234042553192,3.10878661087866,0,2.921593332859702,0.0,LOW
NG-STU-1337,Info & Comm Engineering,3.977777777777778,2.938775510204082,2.9714285714285715,3.292,0,3.3503497877111945,0.0,LOW
NG-STU-1338,Info & Comm Engineering,4.777777777777778,4.163265306122449,4.1063829787234045,4.25454545454545,0,4.251224597843167,0.0,LOW
NG-STU-1339,Info & Comm Engineering,4.488888888888889,2.5128205128205128,3.5319148936170213,3.80630630630631,0,3.6304517001060916,0.0,LOW
NG-STU-1340,Info & Comm Engineering,4.4222222222222225,4.3061224489795915,4.468085106382978,4.54672897196262,0,4.483084108381571,0.0,LOW
NG-STU-1341,Info & Comm Engineering,4.021739130434782,3.8823529411764706,2.938775510204082,3.50909090909091,0,3.4942332259823226,0.0,LOW
NG-STU-1342,Info & Comm Engineering,3.891304347826087,3.5294117647058822,3.3207547169811322,3.64125560538117,0,3.6548845393238154,0.0,LOW
NG-STU-1343,Info & Comm Engineering,3.5217391304347827,3.3207547169811322,3.9565217391304346,3.69124423963134,0,3.748924161355638,0.0,LOW
NG-STU-1344,Info & Comm Engineering,3.282608695652174,2.4363636363636365,2.2,2.79446640316206,0,2.7879371257073053,0.0,LOW
NG-STU-1345,Info & Comm Engineering,2.347826086956522,2.3076923076923075,2.4262295081967213,2.75298804780877,0,2.6787422870955697,0.0,LOW
NG-STU-1346,Info & Comm Engineering,3.4782608695652173,1.7169811320754718,1.6233766233766234,2.1183800623053,0,2.3126311825094716,0.02666666666666667,LOW
NG-STU-1347,Info & Comm Engineering,3.595744680851064,2.3620689655172415,1.8703703703703705,2.84230769230769,0,2.6776015570004374,0.0033333333333333335,LOW
NG-STU-1348,Info & Comm Engineering,3.5217391304347827,3.2549019607843137,2.9782608695652173,3.35483870967742,0,3.3494063876027296,0.0,LOW
NG-STU-1349,Info & Comm Engineering,4.6521739130434785,4.408163265306122,4.5,4.50704225352113,0,4.53065954661852,0.0,LOW
NG-STU-1350,Info & Comm Engineering,3.5652173913043477,2.4754098360655736,1.8970588235294117,2.64459930313589,0,2.669020048771346,0.0033333333333333335,LOW
NG-STU-1351,Info & Comm Engineering,4.369565217391305,4.204081632653061,4.5,4.3849765258216,0,4.435601223579679,0.0,LOW
NG-STU-1352,Info & Comm Engineering,3.5652173913043477,2.183333333333333,1.828125,2.27331189710611,0,2.443881718022848,0.0,LOW
NG-STU-1353,Info & Comm Engineering,3.869565217391304,3.375,2.76,3.34529147982063,0,3.3657642364167777,0.0,LOW
NG-STU-1354,Info & Comm Engineering,4.695652173913044,4.489795918367347,4.978260869565218,4.76056338028169,0,4.755205227850801,0.0,LOW
NG-STU-1355,Info & Comm Engineering,3.5434782608695654,3.4285714285714284,3.0208333333333335,3.39449541284404,0,3.417373648498628,0.0,LOW
NG-STU-1356,Info & Comm Engineering,3.260869565217391,3.2452830188679247,3.2708333333333335,3.52511415525114,0,3.442535998472352,0.0,LOW
NG-STU-1357,Info & Comm Engineering,3.608695652173913,3.510204081632653,2.9166666666666665,3.53881278538813,0,3.4363959158228217,0.0,LOW
NG-STU-1358,Info & Comm Engineering,4.086956521739131,3.9591836734693877,4.065217391304348,4.13615023474178,0,4.136276838652088,0.0,LOW
NG-STU-1359,Info & Comm Engineering,3.8,2.9056603773584904,3.84,3.62114537444934,0,3.614883211358759,0.0,LOW
NG-STU-1360,Info & Comm Engineering,3.533333333333333,2.6724137931034484,3.297872340425532,3.29694323144105,0,3.325043425540213,0.0,LOW
NG-STU-1361,Info & Comm Engineering,4.088888888888889,3.183673469387755,4.081632653061225,3.7027027027027,0,3.8353665988433012,0.0,LOW
NG-STU-1362,Info & Comm Engineering,3.8444444444444446,3.3529411764705883,3.9361702127659575,3.86301369863014,0,3.8466283411249718,0.0,LOW
NG-STU-1363,Info & Comm Engineering,3.8,3.0727272727272728,3.7291666666666665,3.75892857142857,0,3.6470433194031804,0.0,LOW
NG-STU-1364,Info & Comm Engineering,3.7555555555555555,2.4827586206896552,3.74468085106383,3.3056768558952,0,3.5038972577720022,0.0,LOW
NG-STU-1365,Info & Comm Engineering,3.2,2.6140350877192984,3.3541666666666665,3.19213973799127,0,3.2819853628290616,0.0,LOW
NG-STU-1366,Info & Comm Engineering,3.7555555555555555,2.5964912280701755,2.877551020408163,3.13191489361702,0,3.1781875074953176,0.0,LOW
NG-STU-1367,Info & Comm Engineering,4.555555555555555,3.4693877551020407,4.16,4.04545454545455,0,4.153634713470362,0.0,LOW
NG-STU-1368,Info & Comm Engineering,4.4222222222222225,3.6538461538461537,4.531914893617022,4.33181818181818,0,4.263987083319934,0.0,LOW
NG-STU-1369,Info & Comm Engineering,4.466666666666667,3.36734693877551,3.574468085106383,3.61290322580645,0,3.7857815333495797,0.0,LOW
NG-STU-1370,Info & Comm Engineering,3.7333333333333334,3.1666666666666665,4.170212765957447,3.97747747747748,0,3.8903975888892144,0.0,LOW
NG-STU-1371,Info & Comm Engineering,4.377777777777778,4.0,4.51063829787234,4.19354838709677,0,4.390453306657174,0.0,LOW
NG-STU-1372,Info & Comm Engineering,3.2,2.6315789473684212,3.4791666666666665,3.23788546255507,0,3.3665358171214566,0.0,LOW
NG-STU-1373,Info & Comm Engineering,4.2444444444444445,3.489795918367347,4.382978723404255,4.13824884792627,0,4.120121237276324,0.0,LOW
NG-STU-1374,Info & Comm Engineering,3.022222222222222,2.1481481481481484,3.02,3.10878661087866,0,2.9558929241564167,0.0,LOW
NG-STU-1375,Info & Comm Engineering,4.488888888888889,4.0,4.595744680851064,4.48387096774194,0,4.468158602683471,0.0,LOW
NG-STU-1376,Info & Comm Engineering,3.7777777777777777,3.2857142857142856,3.857142857142857,3.70776255707763,0,3.7573004595190005,0.0,LOW
NG-STU-1377,Info & Comm Engineering,4.111111111111111,3.480769230769231,4.617021276595745,4.26363636363636,0,4.150822859539147,0.0,LOW
NG-STU-1378,Info & Comm Engineering,3.511111111111111,2.3620689655172415,3.625,3.34334763948498,0,3.38323851276929,0.0,LOW
NG-STU-1379,Info & Comm Engineering,3.911111111111111,3.4693877551020407,3.893617021276596,3.7716894977169,0,3.8933422123570494,0.0,LOW
NG-STU-1380,Info & Comm Engineering,4.533333333333333,3.803921568627451,4.723404255319149,4.53881278538813,0,4.406448479704908,0.0,LOW
NG-STU-1381,Info & Comm Engineering,3.533333333333333,2.6379310344827585,3.851063829787234,3.51101321585903,0,3.506960439768577,0.0,LOW
NG-STU-1382,Info & Comm Engineering,4.6,4.285714285714286,4.659574468085107,4.61751152073733,0,4.6045909244054855,0.0,LOW
NG-STU-1383,Info & Comm Engineering,4.733333333333333,4.081632653061225,4.872340425531915,4.59447004608295,0,4.597698967871198,0.0,LOW
NG-STU-1384,Info & Comm Engineering,3.8444444444444446,3.314814814814815,4.3061224489795915,3.98214285714286,0,4.001696445752849,0.0,LOW
NG-STU-1385,Info & Comm Engineering,4.022222222222222,3.4693877551020407,4.319148936170213,4.11520737327189,0,4.0786755048753145,0.0,LOW
NG-STU-1386,Info & Comm Engineering,4.555555555555555,3.693877551020408,4.446808510638298,4.3778801843318,0,4.298418813704775,0.0,LOW
NG-STU-1387,Info & Comm Engineering,3.911111111111111,3.1964285714285716,4.1063829787234045,3.70535714285714,0,3.812225948283749,0.0,LOW
NG-STU-1388,Info & Comm Engineering,3.2222222222222223,3.036363636363636,3.8333333333333335,3.57456140350877,0,3.54258293706643,0.0,LOW
NG-STU-1389,Info & Comm Engineering,3.022222222222222,2.6315789473684212,3.061224489795918,3.16521739130435,0,3.0867496664708605,0.0,LOW
NG-STU-1390,Info & Comm Engineering,3.9555555555555557,3.2962962962962963,3.851063829787234,3.78666666666667,0,3.802838622177079,0.0,LOW
NG-STU-1391,Info & Comm Engineering,3.2444444444444445,2.6166666666666667,4.224489795918367,3.59565217391304,0,3.693039030005039,0.0,LOW
NG-STU-1392,Info & Comm Engineering,4.666666666666667,4.346938775510204,4.723404255319149,4.66820276497696,0,4.638394004781657,0.0,LOW
NG-STU-1393,Info & Comm Engineering,3.911111111111111,3.2264150943396226,3.851063829787234,3.67873303167421,0,3.732499822996198,0.0,LOW
NG-STU-1394,Info & Comm Engineering,4.066666666666666,3.450980392156863,4.297872340425532,4.04109589041096,0,4.095694832475014,0.0,LOW
NG-STU-1395,Info & Comm Engineering,4.311111111111111,4.081632653061225,4.595744680851064,4.49769585253456,0,4.402919580005444,0.0,LOW
NG-STU-1396,Info & Comm Engineering,4.555555555555555,4.081632653061225,4.617021276595745,4.46543778801843,0,4.470808182828289,0.0,LOW
NG-STU-1397,Info & Comm Engineering,4.0,2.9827586206896552,4.1063829787234045,3.80088495575221,0,3.7916672390812556,0.0,LOW
NG-STU-1398,Info & Comm Engineering,3.8444444444444446,2.925925925925926,4.319148936170213,3.66071428571429,0,3.867431744376224,0.0,LOW
NG-STU-1399,Info & Comm Engineering,2.6,2.6724137931034484,3.1666666666666665,3.14042553191489,0,3.14718835448197,0.0,LOW
NG-STU-1400,Info & Comm Engineering,4.177777777777778,4.163265306122449,4.787234042553192,4.52995391705069,0,4.49411525822857,0.0,LOW
NG-STU-1401,Info & Comm Engineering,3.2,2.45,3.38,3.25531914893617,0,3.299229439098786,0.0,LOW
NG-STU-1402,Info & Comm Engineering,3.9555555555555557,3.176470588235294,4.340425531914893,4.0365296803653,0,3.927964746892344,0.0,LOW
NG-STU-1403,Info & Comm Engineering,4.066666666666666,3.0588235294117645,3.765957446808511,3.69406392694064,0,3.6654572728588155,0.0,LOW
NG-STU-1404,Info & Comm Engineering,3.6444444444444444,2.716666666666667,3.75,3.45338983050847,0,3.509333542094689,0.0,LOW
NG-STU-1405,Info & Comm Engineering,4.159090909090909,3.9565217391304346,4.612244897959184,4.32547169811321,0,4.377596793166549,0.0,LOW
NG-STU-1406,Info & Comm Engineering,4.5,4.391304347826087,4.183673469387755,4.16037735849057,0,4.353299486283276,0.0,LOW
NG-STU-1407,Info & Comm Engineering,3.8636363636363638,3.122448979591837,3.2857142857142856,3.26008968609865,0,3.547648165098478,0.0,LOW
NG-STU-1408,Info & Comm Engineering,3.6363636363636362,3.5652173913043477,3.979591836734694,3.9622641509434,0,3.8360415709501092,0.0,LOW
NG-STU-1409,Info & Comm Engineering,4.886363636363637,4.586956521739131,4.795918367346939,4.7311320754717,0,4.755050698595241,0.0,LOW
NG-STU-1410,Info & Comm Engineering,4.090909090909091,4.130434782608695,4.551020408163265,4.37264150943396,0,4.386805715429332,0.0,LOW
NG-STU-1411,Info & Comm Engineering,2.5681818181818183,2.4545454545454546,2.2641509433962264,2.5843137254902,0,2.6025544201883886,0.02,LOW
NG-STU-1412,Info & Comm Engineering,4.136363636363637,3.8085106382978724,3.836734693877551,4.0,0,3.961781572522313,0.0,LOW
NG-STU-1413,Info & Comm Engineering,3.8181818181818183,4.326086956521739,4.428571428571429,4.37264150943396,0,4.340241188627297,0.0,LOW
NG-STU-1414,Info & Comm Engineering,4.045454545454546,4.326086956521739,4.0,4.20283018867925,0,4.147249398296423,0.0,LOW
NG-STU-1415,Info & Comm Engineering,2.7954545454545454,1.5512820512820513,1.1636363636363636,2.04854368932039,0,2.01043149473272,0.5666666666666667,MODERATE
NG-STU-1416,Info & Comm Engineering,3.977272727272727,4.217391304347826,4.326530612244898,4.22169811320755,0,4.2718809185945075,0.0,LOW
NG-STU-1417,Info & Comm Engineering,4.068181818181818,3.14,2.63265306122449,3.37229437229437,0,3.3793944368864546,0.0,LOW
NG-STU-1418,Info & Comm Engineering,2.3863636363636362,3.3207547169811322,2.509433962264151,2.80694980694981,0,2.9839354514805705,0.0,LOW
NG-STU-1419,Info & Comm Engineering,4.909090909090909,4.804347826086956,4.8979591836734695,4.84905660377358,0,4.847140562880991,0.0,LOW
NG-STU-1420,Info & Comm Engineering,3.3181818181818183,3.723404255319149,3.2857142857142856,3.6,0,3.5840532047446243,0.0,LOW
NG-STU-1421,Info & Comm Engineering,2.8666666666666667,1.5342465753424657,1.087719298245614,1.80058651026393,1,1.944976454137829,1.0,CRITICAL
NG-STU-1422,Info & Comm Engineering,4.2727272727272725,4.48936170212766,4.081632653061225,4.28169014084507,0,4.260438981041415,0.0,LOW
NG-STU-1423,Info & Comm Engineering,3.0,2.581818181818182,2.7346938775510203,2.9698275862069,0,2.8990786933368913,0.016666666666666666,LOW
NG-STU-1424,Info & Comm Engineering,2.7954545454545454,3.326923076923077,3.0784313725490198,3.08016877637131,0,3.292913500763602,0.0,LOW
NG-STU-1425,Info & Comm Engineering,3.25,3.372549019607843,3.795918367346939,3.6221198156682,0,3.6725947383954285,0.0,LOW
NG-STU-1426,Info & Comm Engineering,4.0,3.8958333333333335,3.3877551020408165,3.53363228699552,0,3.7914861065280663,0.0,LOW
NG-STU-1427,Info & Comm Engineering,2.5,2.4754098360655736,2.5384615384615383,2.62592592592593,0,2.7529266821891447,0.0,LOW
NG-STU-1428,Info & Comm Engineering,3.4318181818181817,3.5833333333333335,3.8,3.55251141552511,0,3.724623521226285,0.0,LOW
NG-STU-1429,Info & Comm Engineering,4.181818181818182,3.8043478260869565,3.36734693877551,3.8302752293578,0,3.790514488665752,0.0,LOW
NG-STU-1430,Info & Comm Engineering,2.9545454545454546,2.262295081967213,1.7058823529411764,2.22372881355932,0,2.249171127401333,0.09333333333333334,LOW
NG-STU-1431,Info & Comm Engineering,4.0227272727272727410869565217#9±3,.5±102050∏16;2>µ,<.39110943c=626h4l4Æ76:437431#816,0.4,\O
JG-QTE1432lINfk(& CmM`mngkne$rmng,3Æ22%"?2727270?27§2>7333s#≥3≥333#3%,p.10; :¢%<064516,Ú.694e<4981237,0,2.7"9y94x;z∏72&2¨Æ0lLOSJNO-STU-1433Info$& omm engmjaerYng,2.i1181<±04x183∏±',3.1;&∞51724±37-310347<s.:41220617544,0,3.049q34#9(2(891-0.t,Lo◊	
NG≠STD-553>(IÊf.$& Co=m engi*aering,3.µ4≥47<26869565î,4.1,2.1932313#S1333;,1
23874015≥¥:0"1.8,3.0r&973219&1794,2.0lLOW
NG=TU-3434=info('0Koi} Angmfeerinc,r.7∂286956121∑391,2n83#3;≥33#33333#u,q,53906h667$41865¨0.$46619216019,0,2&8060646∑85w55-.4333ì33333333#33%,HOW
NM-STU%!5∂-Info`$`W/]i eÓgAogerqjg(4™288889x88(88809,5:2l¥.570212≥6µ957447,4&105990≥8341050,2(4.":170w443476967$0.0†NOG-JG≠S\U-547%Info & Comm Eng)neer9lg,2.>2!42•79v28526dr.16,54158301µh5#216,2>65486s05;22∏%∑,0,2n890394241∑72412,0.0,LOW
nO-QW)#39¨Info &$Comm EngÎjeerkÓgl÷.8888<988(89)889,r*<#9214287605`97,1/<412&=841268x07,".s∂25p3597)2∫3,0,2295232423◊(p4695-0?<6464466267>6477,MOW-
L«-STU%1439,In&n # C/ml Enoinderihg,¥.33s;3273333±#33$4.22,3.72,4.21∞0081ó<311π3,0,4*±083063367!935.0.0,LNW
nW-SDU$1440,Hnfo ∂†GoÌ-`AŒgi~eering,3.!±10!1115111q3,2.48,≥.5490>·702127&63.1'5663=1(1<#-0d345303≤6#w0057,0.0,NO_â*FG-STu-14<!<Indo &†Co}} ngiÓd%sins,4155=%µ5555<5576,4.5",6Æ563:297<727¥1¥∫5,4.26044511627903,0l4/62#70981r89737>0Æ0,OväNO-ST-±t4"Enfo &$olÌ Engin%Âv)ng)4*%#7333#3{333≥33$6.74,5.31914:x361':;,4.5530837b"932|0,4.S087559=60y6î3ˆ,∞.0,lOW
NG-STU-14ª,IfÊg ' Eke} ¡ng…feerilg¨6*qs3r3333333≥3∂,4*1-3/489w14;∞832794∑,3l∂6265?0776%570¨3n9352©04a34ø2, Æ0,LOU
LGSTP-!:64,Ineo $ Coom Enfineerine.5h713331333{3133,5Æ24,3.4254s134883653,3.796380192¥9774,p3*ª1359686229571∏,0> ,LOWZg-S\S-1<$5,Inb†& omM E™Ê)je%ÛIæg3.£61702±2%>59u667¨6.3,¥. 5003<03784≤3<3.π519170506π1p4,1,6.033748;187<6896, .0-HNW
NO-S\E-9¥44,HÏf/ &"Comm0Ejga~geryn#,#.31914<932±;02127-;.:,3?9148)1>370212765,3&710ªó07305)¥, å3.8rıµ726¥1m1043xf(0Æ3,LOV.NG-STU-144w,IffO & Com\†ElGynEeriNg,2.7551024408)63207,3>4u93 ;01325806%,9.770∏3337s733323≥n≤,4448=2941176$7,4l2Æ47;3325903898µ/l0p"66626∂626vv≤4?,ÃO
NG-“TU=14∞,ILno 6 Ggmm EngineDrIfg,n1?777'377777?77∂¨3&¥4 2.7932240424ï319$3N232214857q43,0,,3s(6u9(8646π4l0.0,LOWM
HGTU%1≤5x,Anfo & CkÌl EngioeerYn',2.¥9 9 909090q0;06,3.92172>07458;,7.w5(".8324991589027,pl3Æ62701<07ws947916,0.8,LO˜OS=WTQ%14}2,Yffo!& √gmm ngineerifÁ,2,>122∂489w)431(35,1.622944x18&72131,!.57w575545'555w,;.2 77464#88334,∏$2Ó3π31(?6904∏482≥7, &493#3;s#33q333337.IO@E“aTE	
NG/STU-14'(Hnno ¶ Cnm=∞EnganearhnG,s*13051°51111111,3.23076923076=231,≤.0,2*&34652846353<,0,2&30131u74161;57l0,∞,LOV
N«-ST-1452.Iffm0&bClmm$Ungineering(".q57<∂8810635,2.607:4#13ó2<92,1.;µ3q25,2*5711818181<2. ,2.5<3s8240¥60118,40vv>66∂∂66"∂<v4$Oï
^≠|]/145∑,	~bo%$ Coio UÓghnEeriNg¨4.3!111±11159111,4/54,4.446(08110238:98,4.5255∏13˘534884,0,4.49013198185583,0.0 LOW
NG-WDT,455,Ingk &`Comm†EjghnÂeRang,3/34p9 92Ÿ09±9,3.p81>72û53062≤5v(2.350649306<923¥6,3.25,0,:&95*0275973816005,2. ,OW	NGΩCTu-1=5,Hngo & Comm†En'yÓaering,4.%}545=555u55%15,4.72( .70966∂6$267v&7<4"v57u07¥∞'0?t1,P,4/96#X0U5=x3v2t,4.,LO	
N«,sT}≠34=6(InÁo . COmS(Ez'inee2ing,#.≤":32"2262202≤3,&8$3.3µg1428u714r0wL0.2)203=#98B7009<0-3.06≤r8p78a616,4.0,^ÌWNG-STWe14%w$Info"&†Cnmm Enfineering,3.2z888x∏880888π:8,3.8,¢,Ω≥=164766>6&6665¨3.4%,8<3,ì3¥6π0021;917,0Æ1<OW
g-STU-1458&I.Fo ∂(Comm$EngMoee2ing$3Æ493613 21277597,3N94¨7.173∞76)r≥∑6923l2.¥0,0,3.5µ2047337722$71,0. ,Ãow
N«-SU,159,Info$" CkÌm0UÓo)ne%zitg.2&?77;37775777778l2.7,2.0-20∑35=&067492<3.288>02)288702±,1,3,01504547t6979qd,0/0$lOWNG'QTU-14&0,info &"CoÌy E.ni.eering,1.4666666666666,3.36,3.0t25531=!4xy≥pu,#.2u1909166<&!3∫,1,s.360>:1730659016,0Ó0¨LOV
≠STU-1t65,YnFo(&"Com} Fneinee2hjG,3.w3Û3332;33#37334,uÆ0<,3.z485127;x2978764,2.0325581395349,0,3.t7>506|∏∞20$9,0.8,NOWNG-SVUo1462-inbo & Åomm EÊgi~AeR)*g,3. r¨2.40$±x7361¥#6>3$3r4,r*µ63<3>363vs36,0,2&68200∑146870?:6, .053≥333;33#≥3333∞lOWMNG=STQ-1443,Indm &0COmM nÁhnemrinc<3.q>12244897)5918,3n35294117647&58833.¥50#s33≥723w3#5,ì.48≤3008:4)%775,4.3.ï#89003;408t35,0*0,HOV
NG-STU1464,Info & COmm Eng`neesiog,3¨06s82q∑07030045,2nv-≥.653æ12244()∑)µ8,.4 1?(=7428570,∞L3.47232957p2î78?,4&0,LOW
NG-EU-9425,Info &$Comm Gnwi~dermn',4.$66>26∂6667v4?,4¶38|%,5}560,>808306,4.1303∫54811)55,Ï0.1#8749933!755405,0.,LOW
NmSTU-1666,a*fO)&!Com$ngIÓeÂrinÊ,¥.4¨0.50,4*7595?$0680>51p7,4.55æ¥::3%20930:-4.65=046971†20<185<0.0,L/WJNG-S\U%±467,…nbn$" Cmlm Gnwinee2ing,3>6,3µ¨3.56!710465578661?l3*71!89i18181818l0,3.670325118164835,1,lLOWMJNG≠STU(16w9>Info°. C/mm AnGyn%%rioÂ<3&&)1436190076!907,s/0625,.39646131768≥377,3.484444045t4444,0<3.40˘70633z337¥5%,0&0,\OWNG-StU-q468$Info 6 Eom- Engin'ery|e-5>5763≥6;6363237,3.785,4,8,3.9>47 06:2969,0®4.2282436±∏43;34(0.0,DœWäNEmStT≠1070(Iffo & Comm ÓgiJeering,3&869µ6µ2q7;91304-3.1875,#58333≥Û31#;33#35)3.635w9=2∏67579y,0-3.5404r0r7332%5!7,0.0,LFW
NG-WTQ1471,Qndo`&`Gnmm EngineeringÏ3(u476198&7619447<,2.18s%nr.82&08297652±64n&9244-0196∞78$7,0l3 r∏3v668"46>367,0.∞,LOW^N-STU!07r,AnfO &!„nmm0≈.wiOeermnG,2.0-1.93-".15,.±&1764705x824,0,2.214#0555362;41",8.0366466666646v&∑,LO_
NG-RTU,1¥7,Ilg. &`CoMm Engin%eping-1.92,2n21875,3.7583098515¥9295,3./6±u0637615073.p<.733w43408"X28µ2µ,0.01.LMU=
NG-STU•374,Iono &$Cgmm"MgHnuepalg,S.909090π090π49≥π-sÆr1,3.562667.6666∂666l3/v122∫676<110>m0,.669v3¥6)'7%7936, .8,LOS
NO-STU1<71Y.fo &$Co}m EÓgi~e%rinw,3.3488≥7209302305(-2.285µ,2.222127>78576478,2.0x5;315893536,0,2.7278024312085∂3,00-LOWç
JG%RTU-46,InTÔ¢& KOÌm!≈Nganegring,3.257u$28571t381w$3é<8625,3.6=2w476)23 7425,∑~'725?2727:627-0¨3.67985:0∑45037µv,2.0(LMw
NF-STUm1473,Info & Cooo ENGioEEzing,030952380=5238084.25,4Æ5:31s3s3≥3333ss(T>4186142516279l0¨4.4<a%u3855v0w937,0.0,L_◊E*NG≠SU≠143,Invo ' como$DngiÓguring,3.57!4285514081616,≤n9687u,q?%161284325:0?45,3™65π4<700470p3,0,3&%738361v7p79%∂Ú-0.p,M_W
JGSTU-1579,Info0&*CÔmm Engijearing.≥>2≥80;µ2sx∞95“383n52!25,3n10ì4486'5(32068,3&41&31924<8s63,0,3,4%666215(2363555,1.0,LOU
NF-S\E)149†,Info . cgmm E.chÓue3ang,2.496666>66>6?6µ-r15625,2/73284210?27#178$2/571¨0,2.802452959<11990'-0.0,Lœ”
NG%SPE%q§80,MekËanical $ngknamping,.68623404255319,2.π"35686:245†9800¨3.8l3.63#04761)84762,0,3.413661071<900=l0.0llGCNG(STE-q483,EÂ„hanical$EndijEerang,2.97x77340t2u53!9,.9398364<3u58660>,2.52;41#7647∞78822,3*97u206$377†6µ,0.8n=746∏9560839065,0*0,LOW
nG-”Tw-1483,och`nical Eogkneebi~g,4."1t04255319149<3n∑3<693(7∑540003$3.'393∞03¥78≤608,1.π:7486%8640649,0-3.982735106003&¨0.0¨LOW
NO-ST]©1¥<4,Mesbank#al ≈ngineezing,3.6808906382)7873,3.07620373582906,≤.?,53160x51∞285~('&64∑=3(∏429752,0,3=366µ855099705:5,0.0*LOW
NGoSTU-1487,MechenkcaL(ngife5ring,.2<4¥444<44444541,3>45≤:30!8:6∑9243mÆ70<≥<7*260<615∂5<3.5<6st3692;348,0.3.462287πµ36˘3¥366,∞.0|LOW
NG-STU-30z&,Mechanicao0Enginee#ifg,3&;617021276595∑¥7,2(u4635s8461%3x463,2n3"32272627057.3.14r857±428%754,9,3.03;x356$25<;,4,4H[W
NG-STE-0<87,MeChanicel"EngineeriFg,1.938v:3$04:=5399.2>2767"32707"∑27,r.t113647058823=5,2.3783"33333733,0,3z84{12∏114<2185(0.8,LOGMNGm”U-1488,IegxaniCal†E~gÈ.eerinf,4.0-7.489789583>33$w,2.5,7Æ7213us8230089,0$3676<554w5517197,p.04LO:OG-SPU1¥∏9,MEcinhca, n'iNe•ring,¥&08710670091<7#3,3Æ6$705842152=4±a7$;.12)6ª92296296298l3.7377∑77u7?67?8,0,s.27"98∂≥5099218=,>∞(lOWNG$Sv’/1490&EechaÓÈaa| Inginemring*377777∑57777660716:8%7552852,q.8,.76811594202819,0<2.72074'38y4q4766"å0.0,LMW*NF-SUU-591Mgchanmcan E~'i~ee∂iNg$4.0 1276=9d36ê45,3Æ6938675µ1p20<08,t&0,†/3036p360360t-0(4. 4≤3>v05%67848±$p.,LœW
N«)STU-1492.Nechafikqn UÓckoeeri~g,1.885116380y787235,24206896551725137-2.!2,2.846?7|11334839,0,2.706257457169814 .6,L_WKJG/R∆E1$92,Mec`ajhaal Ejci~eÁryÓg-;.706808µ1063∏;,2*5,2.0≥44827∑8606|95,2.890v8x2=1∞;;1,0,2.8174628190µv944 0:<LMU
NG-SPU-1494,MekhQnicam(Engineeping,3.$543593$º97617,3.236363236336363∂137:7∂276'2?232,3™311¶0330950107,0¨1.333350p8;$1063,0.r,]FWç~G-S‘UÌ149µ,MeChAnical!ngIneEring,t.808µ14:392978",4.s663079276551$4,43∑5,<,ub27&?:?652667,2<4&u3≥59∞5569226$0>0,LK◊
Nœ-SU-149,Iacj%nacah Engi~gmrine,2.9762s50t255319,2/965%u7r4137y3107,2.586206896551∑≤./99!4947w651h0,2>9<789%48390675-0.0lLOWMNœ-CTU-1487lMibhaficaÏ EngÈn%%ri.g,3.872740425571;5µ,2*8667=72982s92353,1.80357!46:5?!4686¨2.∑22r76"107492,0-2.785743679µ∞9Q61¨0.0,LO◊NGSTU-!498,Edchani©af DngaÏe5ring,3.u5¥6y28=406383,3.5818S7;4=;87w5(3/#9s24ªv782618',3.655972303'3221,8.3.666155968º28576,0.-H«W
NE,RTQ169+,MecËanice| Ej&inedrk˛g,4.862;542551914,4.24t89795!10474,4>100=462173913,∞.2027ï≤29su7698¨0,4*4:673X7244593,p/0¨LOWM
NG-ST]-1µp0<MebhaÓ	„al En'in%erHng-3.9488;6!∑0210766,2&93902456105588v,2.¢$2,9$2,4,2*82267<49380790x,p.2¨\S-
NG!SDU=1505,Mech!nacan Mfgineermnf,4.51574¥&(871060,4.v122=48871=91∏\(t*43<3(261x68µ4724.¶0 91?¥3359266¨0,¥.5932)5523207747(1≠0,LﬂW	JŒGmRDU-1=4",ImChanigal Ungiogdrin',3.82400≤7=≥1915,2.8888898898888:),2.7∂585714:8514∑,2.270x3ª3333£≥33,0,3.3851081=21y428,1&∞,LœW
NG-KTu/1%03,MecjiniW!L Engin%Âzing¨<æ14893>1721r7v∂,36s2653∞612449<s.%49803y1566*v4(#894732841t72&,0<3.=5µ54814200162Æ0.ê,LœWäJC-StE-3524¨M$#haÓiaaÏ EnGIÓueÚ+n«,$.7031:66ïy764468l3y791983263469¥,.>049565217912,4&52r)3?7ß981651,∞,t.d;9580366731p925,0.1,LNS
G)ST’-10µ,Mec`anÈcal@EncInee2ing$1.≥§0425531∏1<∏9≥¨2.127$07407$pw∞277®2.6275,3.21577773$8%555,4,3,p3:48601310043,0.0,L_W
^_msTU=156,MmcH!.acah$Mnvmmuerin#,3.425u;191489365w.rn08w7192882%1=,1*75,2.%?6220•32319,ê,2.%08093;157166&3n0,4066t7∂66>666v66>7,LOW
NG-RTQ-1407lMa„lalic!l Cn#ineÂsing,s.75555t54555155=,222413793q∞14082,1.5zq385514p03q62,2.39"58"088u522..2&$95"0585"&40834l0.0!v6∂66g666v&66666,LOU-
NgSDU-15p<,Oec`anicAl EngineerÈnf,3n)•1063437872≥4Æ1.:9417643050274,1.08695617#91s0$,#*;08416≤885π2?v,0-7.502$8009∏919023,p.p,LO«-
-wTU/55±9,Eec`A~ic!l %ngijaexing,2.933373323333s3,2&6935483h709677p,2.36=565217s)13∞4≠2.8y46825y1 9≥1,4,2/7˜447960±048=920,0.0¨NOGäNG}”V]-!µ1 >Iea`anica‰ Enginemrmfw,$&80(5006382Y7872(<.10>2244(9795)1µ(6.r448=795938367$,<.5≤ 3619595223d0$4.¥73°814408q2290.∞,LMWJG)SDu-155,MgcxaÓiCal Ungindez)ng,3,"089888<88<x898(,.1818189x1<18817,2* ë37931 740¯2763n71779¥6768p608,∞,2*7∂889t9%p3293,0/,D_◊ŒG)SuU-152ÆMec‡‡nib!l!ElGingÂring4.0,3.6153<4v153x4150,3.6739130434?8#609ls.9)500t4288∏79º0,#,8734?45q¢231≤4,0.8TC÷M
NF-—DU/171;,Mechavica|†EN&mne5rmnv,v.1276U5744&x485,≥/85U9<2857140x47,3,u757s913p437x27-3.4936303/#336\,0,3.8443829s74x≥874,1.0,LOW
NG-WTU-1514-M%ãhaZÈcaN EngineE2mn'l;.65y44.8pp51 63,4,05µ175ï5555uu5µ,3.6304;<782609692,3/92444464445<4,03/11765p5>69≥71u9∑,0.0,HIW
^G=S^U-q%15,MechaNical"E.g)ndmring,3.!03297872340<,.4wp∂±98;60&5536,1.5,".343617510v7016,4,2/41500?752)22815,0Æ0 33#3!733;?23335dNO_
NO-WTU-1516,Mebhani#al0Elgi.edrynÁd3/23424257q9q48π,2.%6852.74545t545T545417,3.∞07809t19632,0,2
917'01723>7251,2.2,lOW
NG≠WUt/1517,MechalËcan ElWÈfuer)nc$.96023276u{5767<0"ì4&1387755±"44,4*;&956-21∑3913 7.4.3s;75;2);578,8,4/3;157128506'!4, .0,D_W
ŒC-STm141:,Oechanyca- ≈fgÈneerifg,t.4442µ53191<8=36,s¨10"0408∞632657¨#.354564766∂4>265,3/8l0.38;≥v17149945S37l0.1,LOWçàNG-ST]-151;,MechaÓia·| Tng)neering,3Æ|36160127'%y4-3&431373µ490197076|2+391:0t247r26 87-3.;04<105y*2¥π34≠0,3,.00>777∂407?0,8.0
LGU
N-SUU-1520lMeÁhcnicaË"Enwinear-Óg,.V888898∏8889,2.0657±612903:258,2.6851==1518518u-2Æy0;09190y0}891,080
9w7312275:2958-0.∞,LGW*ŒWC‘U--21,Mekhanical ’owm~eering,4424%31=1$826≤7h0<264489951836?¨¥.248869="5277392,4/54954128¥403∂7,0,$.3ªvµ89;47475ª,0.,LOWNÊSTU=12r¨Uechanibah0EngÈNamring,cÆ(085146382979720,&6=,≤.92,#.184&2268=4756, ,3273990u0∏701<2#4,8.0,H_W
NW-STU-15ª3,Each`Óy#aÏ EngyneeRÈog,3.222*22≥30r2223(2|8≥33333333133<!.7513791≥0344<276.2,775q6578524), ,2"56'p86'12444125< .007>6v?¥∂6566∂677,LGWJ«-SVU-154,MkhinicÈH Enginuczin',4Æ5744600(51¥&s<#,4.6122$48995910,4.520739!3 4782$4.58873;944˘54$8,<.≤199694'68≥6154,0.0,mOSFG-RTU<1525,Mec(adia´, E~gi~edvhjg,4<127V5q57<068085,2n53t2w1!*624066?8,>36∞8695∂517≥9ë<3.025(<36233==19-2¨3.!3266371957;526,0.0,loSç
NG-STU-1526,MeChaÊHcal2EbgiNeering<;.21276µ=556448p<&`3n6862745898039214,3.6666666666666665,3.87111111111111,0,3.78329775123129,0.0,LOW
NG-STU-1527,Mechanical Engineering,4.48936170212766,3.5510204081632653,4.083333333333333,3.95495495495496,0,4.08203925208821,0.0,LOW
NG-STU-1528,Mechanical Engineering,3.066666666666667,2.2941176470588234,2.28,2.5830258302583,0,2.6834076716595248,0.0,LOW
NG-STU-1529,Mechanical Engineering,3.3191489361702127,3.0,2.5357142857142856,3.0,0,3.0673515310065107,0.0,LOW
NG-STU-1530,Mechanical Engineering,4.276595744680851,3.7551020408163267,3.608695652173913,3.88990825688073,0,3.961579397948658,0.0,LOW
NG-STU-1531,Mechanical Engineering,4.680851063829787,4.448979591836735,4.065217391304348,4.31192660550459,0,4.328486210824315,0.0,LOW
NG-STU-1532,Mechanical Engineering,2.466666666666667,2.1940298507462686,2.1272727272727274,2.61216730038023,0,2.465234432304399,0.2633333333333333,LOW
NG-STU-1533,Mechanical Engineering,3.978723404255319,3.44,3.4565217391304346,3.76146788990826,0,3.7691878300315373,0.0,LOW
NG-STU-1534,Mechanical Engineering,3.723404255319149,2.4833333333333334,2.878787878787879,2.93951612903226,0,3.176771456852726,0.0,LOW
NG-STU-1535,Mechanical Engineering,4.2444444444444445,3.7142857142857144,2.25,2.66333333333333,0,3.1616946067081364,0.0033333333333333335,LOW
NG-STU-1536,Mechanical Engineering,4.688888888888889,4.244897959183674,4.391304347826087,4.55504587155963,0,4.491549993054225,0.0,LOW
NG-STU-1537,Mechanical Engineering,4.066666666666666,2.7017543859649122,2.7115384615384617,3.20083682008368,0,3.232602845928599,0.0,LOW
NG-STU-1538,Mechanical Engineering,3.933333333333333,3.3469387755102042,3.6875,3.79279279279279,0,3.8060247374254095,0.0,LOW
NG-STU-1539,Mechanical Engineering,4.666666666666667,3.823529411764706,3.369565217391304,3.95454545454545,0,3.8737975282221377,0.0,LOW
NG-STU-1540,Mechanical Engineering,4.622222222222222,4.1020408163265305,4.0,4.36238532110092,0,4.260774407697017,0.0,LOW
NG-STU-1541,Mechanical Engineering,3.2666666666666666,3.3684210526315788,2.8,3.37130801687764,0,3.3482075101555804,0.0,LOW
NG-STU-1542,Mechanical Engineering,4.111111111111111,2.8867924528301887,2.5081967213114753,3.17573221757322,0,3.1567311278691608,0.0,LOW
NG-STU-1543,Mechanical Engineering,4.7555555555555555,4.653061224489796,4.217391304347826,4.58715596330275,0,4.526047072464923,0.0,LOW
NG-STU-1544,Mechanical Engineering,3.911111111111111,2.69811320754717,2.418181818181818,3.08016877637131,0,3.0242189556821564,0.0,LOW
NG-STU-1545,Mechanical Engineering,3.2444444444444445,2.462962962962963,1.8448275862068966,2.46360153256705,0,2.601023855711241,0.0033333333333333335,LOW
NG-STU-1546,Mechanical Engineering,4.288888888888889,3.979591836734694,4.217391304347826,4.1743119266055,0,4.2761941852351315,0.0,LOW
NG-STU-1547,Mechanical Engineering,2.7111111111111112,2.377049180327869,2.480769230769231,2.60754716981132,0,2.773785925057053,0.0033333333333333335,LOW
NG-STU-1548,Mechanical Engineering,3.688888888888889,3.109090909090909,2.857142857142857,3.34188034188034,0,3.3967662699487713,0.0,LOW
NG-STU-1549,Mechanical Engineering,4.0,3.9183673469387754,3.4347826086956523,3.88532110091743,0,3.8738702470724142,0.0,LOW
NG-STU-1550,Mechanical Engineering,4.2444444444444445,2.288135593220339,1.5596330275229358,3.34913793103448,0,3.105796347822186,0.0,LOW
NG-STU-1551,Mechanical Engineering,4.222222222222222,3.2549019607843137,3.630434782608696,3.80454545454545,0,3.803624351787751,0.0,LOW
NG-STU-1552,Mechanical Engineering,4.088888888888889,3.8979591836734695,3.0,3.60810810810811,0,3.5291822216278823,0.0,LOW
NG-STU-1553,Mechanical Engineering,4.644444444444445,4.714285714285714,4.5,4.65137614678899,0,4.6306627564848615,0.0,LOW
NG-STU-1554,Mechanical Engineering,3.8,3.109090909090909,3.04,3.51931330472103,0,3.4587811337106453,0.0,LOW
NG-STU-1555,Mechanical Engineering,4.666666666666667,4.122448979591836,4.456521739130435,4.30733944954128,0,4.471312057645946,0.0,LOW
NG-STU-1556,Mechanical Engineering,4.688888888888889,3.3333333333333335,3.68,4.05357142857143,0,3.9440427161516287,0.0,LOW
NG-STU-1557,Mechanical Engineering,4.022222222222222,3.411764705882353,3.375,3.68918918918919,0,3.7336200755034583,0.0,LOW
NG-STU-1558,Mechanical Engineering,4.822222222222222,4.571428571428571,4.5,4.6697247706422,0,4.652493322160543,0.0,LOW
NG-STU-1559,Mechanical Engineering,3.6222222222222222,2.981132075471698,1.967741935483871,2.94047619047619,0,2.9239496006400794,0.0,LOW
NG-STU-1560,Mechanical Engineering,3.933333333333333,3.4285714285714284,4.065217391304348,4.06880733944954,0,3.9886012664051176,0.0,LOW
NG-STU-1561,Mechanical Engineering,3.9555555555555557,2.980392156862745,3.0416666666666665,3.54054054054054,0,3.4235959732210204,0.0,LOW
NG-STU-1562,Mechanical Engineering,4.177777777777778,3.150943396226415,2.9565217391304346,3.46724890829694,0,3.5109631350445425,0.0,LOW
NG-STU-1563,Mechanical Engineering,4.333333333333333,3.2641509433962264,3.9565217391304346,3.95495495495496,0,3.890717756041728,0.0,LOW
NG-STU-1564,Mechanical Engineering,4.133333333333334,3.2142857142857144,2.6363636363636362,3.4504132231405,0,3.426188445296853,0.0,LOW
NG-STU-1565,Mechanical Engineering,4.111111111111111,2.9607843137254903,2.9565217391304346,3.15859030837004,0,3.4262840476318166,0.0,LOW
NG-STU-1566,Mechanical Engineering,3.8222222222222224,2.740740740740741,2.1777777777777776,2.92916666666667,0,2.9320997056095734,0.0,LOW
NG-STU-1567,Mechanical Engineering,3.8444444444444446,3.2037037037037037,2.84,3.36909871244635,0,3.4322648047731255,0.0,LOW
NG-STU-1568,Mechanical Engineering,4.266666666666667,3.4489795918367347,2.811320754716981,3.57205240174673,0,3.6153605749978635,0.0,LOW
NG-STU-1569,Mechanical Engineering,4.2444444444444445,3.0588235294117645,2.338709677419355,3.26639344262295,0,3.153546359354253,0.0,LOW
NG-STU-1570,Mechanical Engineering,4.377777777777778,3.176470588235294,3.875,3.7488986784141,0,3.8324115632016844,0.0,LOW
NG-STU-1571,Mechanical Engineering,4.133333333333334,2.559322033898305,1.8181818181818181,2.62365591397849,0,2.736691691320844,0.016666666666666666,LOW
NG-STU-1572,Mechanical Engineering,4.555555555555555,3.1372549019607843,3.130434782608696,3.61946902654867,0,3.6500028332165906,0.0,LOW
NG-STU-1573,Mechanical Engineering,4.377777777777778,3.7058823529411766,3.549019607843137,3.94666666666667,0,3.938318051424004,0.0,LOW
NG-STU-1574,Mechanical Engineering,4.311111111111111,3.310344827586207,3.1458333333333335,3.55793991416309,0,3.694200270611568,0.0,LOW
NG-STU-1575,Mechanical Engineering,3.0,2.0588235294117645,3.3125,3.29411764705882,0,3.1815085963137557,0.0033333333333333335,LOW
NG-STU-1576,Mechanical Engineering,3.8666666666666667,2.7142857142857144,2.017543859649123,2.53479853479853,0,2.8522227013659665,0.006666666666666667,LOW
NG-STU-1577,Mechanical Engineering,3.911111111111111,3.1176470588235294,2.557377049180328,3.02822580645161,0,3.1811585572048164,0.0,LOW
NG-STU-1578,Mechanical Engineering,4.446808510638298,4.596153846153846,4.020833333333333,4.37444933920705,0,4.337807933073282,0.0,LOW
NG-STU-1579,Mechanical Engineering,2.8,2.338709677419355,2.4375,2.48201438848921,0,2.718557455733057,0.0033333333333333335,LOW
NG-STU-1580,Mechanical Engineering,3.2666666666666666,3.4107142857142856,2.611111111111111,3.35897435897436,0,3.1527431320790402,0.0,LOW
NG-STU-1581,Mechanical Engineering,4.622222222222222,4.653846153846154,4.956521739130435,4.84474885844749,0,4.7782107207673326,0.0,LOW
NG-STU-1582,Mechanical Engineering,3.1777777777777776,2.3636363636363638,1.7428571428571429,2.64944649446494,0,2.6212879831440237,0.0033333333333333335,LOW
NG-STU-1583,Mechanical Engineering,4.688888888888889,4.865384615384615,4.978260869565218,4.88127853881279,0,4.842724668213152,0.0,LOW
NG-STU-1584,Mechanical Engineering,4.511111111111111,3.9038461538461537,4.434782608695652,4.3,0,4.375736885661073,0.0,LOW
NG-STU-1585,Mechanical Engineering,4.311111111111111,4.153846153846154,4.0,4.19634703196347,0,4.187420236652166,0.0,LOW
NG-STU-1586,Mechanical Engineering,3.8444444444444446,2.7777777777777777,2.130434782608696,3.07916666666667,0,2.9427878424592935,0.0,LOW
NG-STU-1587,Mechanical Engineering,4.333333333333333,3.795918367346939,3.608695652173913,4.06363636363636,0,3.9777995097421313,0.0,LOW
NG-STU-1588,Mechanical Engineering,4.866666666666666,4.73469387755102,4.673913043478261,4.79816513761468,0,4.731891924496342,0.0,LOW
NG-STU-1589,Mechanical Engineering,4.511111111111111,2.795918367346939,3.3,3.68995633187773,0,3.5115983930539985,0.0,LOW
NG-STU-1590,Mechanical Engineering,3.6444444444444444,2.8214285714285716,2.8043478260869565,3.45132743362832,0,3.3031336808601743,0.0,LOW
NG-STU-1591,Mechanical Engineering,4.533333333333333,3.673076923076923,3.782608695652174,4.14732142857143,0,4.007135577793256,0.0,LOW
NG-STU-1592,Mechanical Engineering,4.288888888888889,3.7755102040816326,4.021739130434782,4.04128440366972,0,4.111477402174547,0.0,LOW
NG-STU-1593,Mechanical Engineering,4.2,3.163265306122449,2.5,3.53777777777778,0,3.2717701797885272,0.0,LOW
NG-STU-1594,Mechanical Engineering,4.4222222222222225,3.693877551020408,3.0217391304347827,3.80542986425339,0,3.653101176591185,0.0,LOW
NG-STU-1595,Mechanical Engineering,4.022222222222222,2.736842105263158,2.8125,3.42978723404255,0,3.2708080215802484,0.0,LOW
NG-STU-1596,Mechanical Engineering,3.511111111111111,3.4693877551020407,3.130434782608696,3.65596330275229,0,3.5341386526558125,0.0,LOW
NG-STU-1597,Mechanical Engineering,4.5777777777777775,4.0,3.9130434782608696,4.23853211009174,0,4.182882936091018,0.0,LOW
NG-STU-1598,Mechanical Engineering,4.555555555555555,4.0,3.260869565217391,3.91743119266055,0,3.8415019401363235,0.0,LOW
NG-STU-1599,Mechanical Engineering,4.488888888888889,3.8979591836734695,4.086956521739131,4.25688073394495,0,4.197700577823087,0.0,LOW
NG-STU-1600,Mechanical Engineering,3.888888888888889,2.7017543859649122,2.6956521739130435,3.31004366812227,0,3.1938371933782053,0.0,LOW
NG-STU-1601,Mechanical Engineering,4.733333333333333,4.081632653061225,3.5208333333333335,4.02272727272727,0,4.039848728886864,0.0,LOW
NG-STU-1602,Mechanical Engineering,4.266666666666667,3.5918367346938775,3.0217391304347827,3.61261261261261,0,3.621528834863095,0.0,LOW
NG-STU-1603,Mechanical Engineering,4.111111111111111,2.923076923076923,2.8333333333333335,3.60515021459227,0,3.430557252563047,0.0,LOW
NG-STU-1604,Mechanical Engineering,3.6444444444444444,3.3461538461538463,3.108695652173913,3.57079646017699,0,3.5573416672107228,0.0,LOW
NG-STU-1605,Mechanical Engineering,2.911111111111111,2.111111111111111,2.42,2.7551867219917,0,2.606021152922953,0.006666666666666667,LOW
NG-STU-1606,Mechanical Engineering,4.266666666666667,2.7758620689655173,2.6666666666666665,3.44444444444444,0,3.300162889991869,0.0,LOW
NG-STU-1607,Mechanical Engineering,3.6222222222222222,3.090909090909091,2.891304347826087,3.44933920704846,0,3.3945367532991817,0.0,LOW
NG-STU-1608,Mechanical Engineering,3.888888888888889,3.2884615384615383,4.130434782608695,4.07239819004525,0,3.9820565358871254,0.0,LOW
NG-STU-1609,Mechanical Engineering,4.688888888888889,4.26530612244898,4.3478260869565215,4.55963302752294,0,4.456411125844751,0.0,LOW
NG-STU-1610,Mechanical Engineering,3.911111111111111,3.2857142857142856,3.5434782608695654,3.70044052863436,0,3.7188099997087005,0.0,LOW
NG-STU-1611,Mechanical Engineering,4.8,4.551020408163265,4.391304347826087,4.63761467889908,0,4.573964282256613,0.0,LOW
NG-STU-1612,Mechanical Engineering,4.288888888888889,3.9183673469387754,3.5217391304347827,3.95412844036697,0,4.004761458707046,0.0,LOW
NG-STU-1613,Mechanical Engineering,3.8222222222222224,2.982142857142857,2.630434782608696,3.37444933920705,0,3.3011475870916636,0.0,LOW
NG-STU-1614,Mechanical Engineering,4.311111111111111,3.6530612244897958,3.782608695652174,4.05504587155963,0,3.991378627665949,0.0,LOW
NG-STU-1615,Mechanical Engineering,4.266666666666667,3.979591836734694,3.088888888888889,3.84615384615385,0,3.7428545212748623,0.0,LOW
NG-STU-1616,Mechanical Engineering,3.8444444444444446,2.7962962962962963,2.5208333333333335,3.35775862068966,0,3.0939258516027457,0.0,LOW
NG-STU-1617,Mechanical Engineering,4.0,3.4693877551020407,2.5434782608695654,3.38222222222222,0,3.2764554755017197,0.0,LOW
NG-STU-1618,Mechanical Engineering,4.7555555555555555,3.877551020408163,3.5833333333333335,4.09545454545455,0,4.061159687297274,0.0,LOW
NG-STU-1619,Mechanical Engineering,3.8222222222222224,3.0925925925925926,3.652173913043478,3.72645739910314,0,3.656061021009846,0.0,LOW
NG-STU-1620,Mechanical Engineering,4.111111111111111,3.5510204081632653,4.0,3.94954128440367,0,3.991798694908346,0.0,LOW
NG-STU-1621,Mechanical Engineering,4.288888888888889,3.938775510204082,3.760869565217391,4.12385321100917,0,4.075786723091487,0.0,LOW
NG-STU-1622,Mechanical Engineering,3.5555555555555554,3.795918367346939,4.181818181818182,3.92201834862385,0,4.024222089191568,0.0,LOW
NG-STU-1623,Mechanical Engineering,4.7555555555555555,4.122448979591836,4.086956521739131,4.44954128440367,0,4.279095103100715,0.0,LOW
NG-STU-1624,Mechanical Engineering,4.6,4.183673469387755,3.5869565217391304,4.20361990950226,0,4.0982624116716115,0.0,LOW
NG-STU-1625,Mechanical Engineering,2.2888888888888888,2.2203389830508473,2.015151515151515,1.99346405228758,1,2.1760750079586852,1.0,CRITICAL
NG-STU-1626,Mechanical Engineering,2.227272727272727,2.274193548387097,2.156862745098039,2.30147058823529,0,2.3390066613681393,0.22666666666666666,LOW
NG-STU-1627,Mechanical Engineering,2.2045454545454546,2.5964912280701755,2.3846153846153846,2.44117647058824,0,2.5821999633300687,0.0033333333333333335,LOW
NG-STU-1628,Mechanical Engineering,3.772727272727273,3.6875,3.4347826086956523,3.6056338028169,0,3.738669019535999,0.0,LOW
NG-STU-1629,Mechanical Engineering,4.681818181818182,4.543478260869565,4.333333333333333,4.41148325358852,0,4.496363935974534,0.0,LOW
NG-STU-1630,Mechanical Engineering,3.357142857142857,3.9,4.62,4.14084507042254,0,4.2108692004499515,0.0,LOW
NG-STU-1631,Mechanical Engineering,3.6818181818181817,4.270833333333333,4.571428571428571,4.29245283018868,0,4.341561546989462,0.0,LOW
NG-STU-1632,Mechanical Engineering,2.9,2.36,1.8666666666666667,2.31294964028777,0,2.4527046800500556,0.16333333333333333,LOW
NG-STU-1633,Mechanical Engineering,3.6,2.8,1.8360655737704918,2.7406015037594,0,2.7067126497895746,0.0,LOW
NG-STU-1634,Mechanical Engineering,3.577777777777778,3.16,1.4375,2.690036900369,0,2.739295705524099,0.0,LOW
NG-STU-1635,Mechanical Engineering,2.795918367346939,2.2,1.7580645161290323,2.64453125,0,2.3236177626039565,0.24666666666666667,LOW
NG-STU-1636,Mechanical Engineering,2.953488372093023,2.14,1.78125,2.01898734177215,0,2.32001803422425,0.15,LOW
NG-STU-1637,Mechanical Engineering,4.044444444444444,4.54,4.16,4.12442396313364,0,4.282671705679827,0.0,LOW
NG-STU-1638,Mechanical Engineering,2.2037037037037037,2.4166666666666665,2.2096774193548385,2.45220588235294,0,2.4924713939490935,0.21333333333333335,LOW
NG-STU-1639,Mechanical Engineering,4.27906976744186,4.18,2.8333333333333335,3.14566929133858,0,3.5409330350819865,0.0,LOW
NG-STU-1640,Mechanical Engineering,3.1956521739130435,2.36,2.564516129032258,2.9349593495935,0,2.875149573952688,0.0,LOW
NG-STU-1641,Mechanical Engineering,3.7333333333333334,3.66,2.2333333333333334,3.14406779661017,0,3.110665506669744,0.0,LOW
NG-STU-1642,Mechanical Engineering,4.177777777777778,4.3,3.6041666666666665,3.99078341013825,0,4.05141806330057,0.0,LOW
NG-STU-1643,Mechanical Engineering,4.288888888888889,4.096153846153846,4.375,4.25570776255708,0,4.288946871277265,0.0,LOW
NG-STU-1644,Mechanical Engineering,4.0,3.76,1.6875,2.94163424124514,0,2.8954687693940095,0.0033333333333333335,LOW
NG-STU-1645,Mechanical Engineering,3.088888888888889,1.5466666666666666,1.631578947368421,2.52873563218391,0,2.3699388925117657,0.02666666666666667,LOW
NG-STU-1646,Mechanical Engineering,3.533333333333333,3.54,3.3137254901960786,3.67727272727273,0,3.6153773313633306,0.0,LOW
NG-STU-1647,Petroleum Engineering,3.125,2.305084745762712,2.2666666666666666,2.72161172161172,0,2.631341189021785,0.0,LOW
NG-STU-1648,Petroleum Engineering,4.113636363636363,3.022222222222222,3.1911764705882355,3.62857142857143,0,3.454612008416978,0.0,LOW
NG-STU-1649,Petroleum Engineering,4.212765957446808,3.9607843137254903,4.5,4.33796296296296,0,4.355726305806081,0.0,LOW
NG-STU-1650,Petroleum Engineering,3.74468085106383,3.4150943396226414,3.738095238095238,3.8348623853211,0,3.721353413881362,0.0,LOW
NG-STU-1651,Petroleum Engineering,4.468085106382978,4.09433962264151,4.119047619047619,4.14285714285714,0,4.274352178509885,0.0,LOW
NG-STU-1652,Petroleum Engineering,2.357142857142857,2.784313725490196,2.6,2.70682730923695,0,2.8182094250746474,0.0,LOW
NG-STU-1653,Petroleum Engineering,3.851063829787234,3.036363636363636,2.6470588235294117,2.99585062240664,0,3.265086964962378,0.0,LOW
NG-STU-1654,Petroleum Engineering,4.340425531914893,3.8181818181818183,4.238095238095238,4.15,0,4.184079015674885,0.0,LOW
NG-STU-1655,Petroleum Engineering,3.702127659574468,2.2903225806451615,3.422222222222222,2.97933884297521,0,3.3039203290228536,0.0,LOW
NG-STU-1656,Petroleum Engineering,3.4893617021276597,2.581818181818182,2.7872340425531914,2.89344262295082,0,3.060685398733731,0.0,LOW
NG-STU-1657,Petroleum Engineering,3.8085106382978724,2.7241379310344827,2.2857142857142856,2.63670411985019,0,2.879740696195869,0.0,LOW
NG-STU-1658,Petroleum Engineering,3.234042553191489,3.0,3.1956521739130435,3.19047619047619,0,3.262293450122266,0.0,LOW
NG-STU-1659,Petroleum Engineering,3.382978723404255,2.388888888888889,2.543859649122807,2.85774058577406,0,2.857140203153587,0.0,LOW
NG-STU-1660,Petroleum Engineering,3.574468085106383,2.9464285714285716,3.0408163265306123,3.48,0,3.3405745550470094,0.0,LOW
NG-STU-1661,Petroleum Engineering,3.4680851063829787,2.109375,2.739130434782609,2.77689243027888,0,2.9070021401904445,0.0,LOW
NG-STU-1662,Petroleum Engineering,2.978723404255319,2.2615384615384615,2.9375,2.8531746031746,0,2.9019705314384687,0.006666666666666667,LOW
NG-STU-1663,Petroleum Engineering,4.446808510638298,4.2745098039215685,4.571428571428571,4.50462962962963,0,4.522617012532275,0.0,LOW
NG-STU-1664,Petroleum Engineering,3.765957446808511,2.6226415094339623,3.34,3.58260869565217,0,3.347544749997632,0.0,LOW
NG-STU-1665,Petroleum Engineering,2.9574468085106385,2.019607843137255,1.9183673469387754,2.50579150579151,0,2.32446536847765,0.08,LOW
NG-STU-1666,Petroleum Engineering,3.595744680851064,2.1272727272727274,3.3076923076923075,3.14876033057851,0,3.2229309694555477,0.0,LOW
NG-STU-1667,Petroleum Engineering,3.4680851063829787,3.0727272727272728,3.7111111111111112,3.64125560538117,0,3.5272890289779113,0.0,LOW
NG-STU-1668,Petroleum Engineering,4.042553191489362,2.5606060606060606,2.9166666666666665,3.20833333333333,0,3.153451687129053,0.0,LOW
NG-STU-1669,Petroleum Engineering,3.8297872340425534,3.235294117647059,3.3333333333333335,3.38766519823789,0,3.558305471405241,0.0,LOW
NG-STU-1670,Petroleum Engineering,4.1063829787234045,3.452830188679245,3.6136363636363638,3.82727272727273,0,3.8007088537365417,0.0,LOW
NG-STU-1671,Petroleum Engineering,3.8297872340425534,3.125,3.4358974358974357,3.60176991150442,0,3.6062753983503053,0.0,LOW
NG-STU-1672,Petroleum Engineering,4.340425531914893,3.7254901960784315,4.523809523809524,4.16666666666667,0,4.214077840156367,0.0,LOW
NG-STU-1673,Petroleum Engineering,4.851063829787234,4.490196078431373,4.476190476190476,4.60185185185185,0,4.610514758670734,0.0,LOW
NG-STU-1674,Petroleum Engineering,4.127659574468085,3.3454545454545452,3.2790697674418605,3.42424242424242,0,3.639893027436633,0.0,LOW
NG-STU-1675,Petroleum Engineering,3.276595744680851,2.5762711864406778,2.6666666666666665,3.0635593220339,0,2.9657688015881503,0.0,LOW
NG-STU-1676,Petroleum Engineering,3.3617021276595747,2.140625,1.9259259259259258,2.42700729927007,0,2.4665572968817493,0.006666666666666667,LOW
NG-STU-1677,Petroleum Engineering,3.723404255319149,2.393939393939394,2.9347826086956523,3.29460580912863,0,3.132606369909953,0.0,LOW
NG-STU-1678,Petroleum Engineering,3.8085106382978724,3.0327868852459017,3.3095238095238093,3.36637931034483,0,3.4583836385419136,0.0,LOW
NG-STU-1679,Petroleum Engineering,2.5531914893617023,2.25,2.3125,2.50191570881226,0,2.464296487539973,0.0,LOW
NG-STU-1680,Petroleum Engineering,3.8444444444444446,2.9473684210526314,2.4705882352941178,3.3304347826087,0,3.0899005627578155,0.0,LOW
NG-STU-1681,Petroleum Engineering,3.595744680851064,1.9402985074626866,2.1296296296296298,2.5823754789272,0,2.622325879816457,0.0033333333333333335,LOW
NG-STU-1682,Petroleum Engineering,2.893617021276596,1.6923076923076923,2.1044776119402986,2.42142857142857,0,2.3819407226140212,0.02,LOW
NG-STU-1683,Petroleum Engineering,3.0425531914893615,2.234375,2.630434782608696,2.71031746031746,0,2.847071117653513,0.0,LOW
NG-STU-1684,Petroleum Engineering,4.51063829787234,4.470588235294118,4.5476190476190474,4.625,0,4.566453451604447,0.0,LOW
NG-STU-1685,Petroleum Engineering,4.085106382978723,3.6491228070175437,2.9069767441860463,3.5948275862069,0,3.4992856848214253,0.0,LOW
NG-STU-1686,Petroleum Engineering,4.595744680851064,4.098039215686274,3.6666666666666665,4.20091324200913,0,4.1065026255947705,0.0,LOW
NG-STU-1687,Petroleum Engineering,4.48936170212766,3.6226415094339623,4.119047619047619,4.1743119266055,0,4.125559658707528,0.0,LOW
NG-STU-1688,Petroleum Engineering,3.872340425531915,2.6451612903225805,3.357142857142857,3.27310924369748,0,3.366692379850385,0.0,LOW
NG-STU-1689,Petroleum Engineering,3.425531914893617,2.573529411764706,2.893617021276596,3.21991701244813,0,3.0589213419230807,0.0,LOW
NG-STU-1690,Petroleum Engineering,3.765957446808511,2.6862745098039214,2.240740740740741,2.94071146245059,0,2.860572934344294,0.0,LOW
NG-STU-1691,Petroleum Engineering,4.0212765957446805,3.339622641509434,3.880952380952381,3.84862385321101,0,3.823004888691744,0.0,LOW
NG-STU-1692,Petroleum Engineering,4.1063829787234045,2.8983050847457625,2.64,3.1875,0,3.2453779298436993,0.0,LOW
NG-STU-1693,Petroleum Engineering,4.191489361702128,3.3333333333333335,3.6904761904761907,3.85321100917431,0,3.826734070812458,0.0,LOW
NG-STU-1694,Petroleum Engineering,3.851063829787234,3.4444444444444446,2.9523809523809526,3.61261261261261,0,3.452016761708693,0.0,LOW
NG-STU-1695,Petroleum Engineering,4.23404255319149,3.4716981132075473,3.2857142857142856,3.79357798165138,0,3.7146569907570632,0.0,LOW
NG-STU-1696,Petroleum Engineering,3.1702127659574466,2.590909090909091,2.1666666666666665,2.61389961389961,0,2.690594739927147,0.01,LOW
NG-STU-1697,Petroleum Engineering,3.5319148936170213,3.3529411764705883,2.823529411764706,3.37333333333333,0,3.345750269287424,0.0,LOW
NG-STU-1698,Petroleum Engineering,4.787234042553192,4.392156862745098,3.9285714285714284,4.43518518518519,0,4.226351761005179,0.0,LOW
NG-STU-1699,Petroleum Engineering,4.25531914893617,4.333333333333333,4.0,4.40740740740741,0,4.185169302613784,0.0,LOW
NG-STU-1700,Petroleum Engineering,3.1914893617021276,3.0,2.7551020408163267,2.95020746887967,0,3.1153004691774973,0.0,LOW
NG-STU-1701,Petroleum Engineering,3.3617021276595747,2.8947368421052633,2.1875,2.75409836065574,0,2.8546938487407507,0.0,LOW
NG-STU-1702,Petroleum Engineering,3.1702127659574466,2.6333333333333333,3.0,3.0253164556962,0,3.0593707354255573,0.0,LOW
NG-STU-1703,Petroleum Engineering,4.148936170212766,3.0344827586206895,3.142857142857143,3.47787610619469,0,3.4676582529388624,0.0,LOW
NG-STU-1704,Petroleum Engineering,3.3617021276595747,1.7272727272727273,2.5,2.66030534351145,0,2.676285834479633,0.0,LOW
NG-STU-1705,Petroleum Engineering,2.9361702127659575,2.169811320754717,2.75,2.59839357429719,0,2.808080565810729,0.0,LOW
NG-STU-1706,Petroleum Engineering,3.5531914893617023,2.9166666666666665,3.3333333333333335,3.29310344827586,0,3.355903336539053,0.0,LOW
NG-STU-1707,Petroleum Engineering,3.6382978723404253,3.339622641509434,4.190476190476191,3.84862385321101,0,3.89747817992463,0.0,LOW
NG-STU-1708,Petroleum Engineering,3.723404255319149,3.2745098039215685,3.909090909090909,3.82110091743119,0,3.7666840090167564,0.0,LOW
NG-STU-1709,Petroleum Engineering,3.8085106382978724,2.981818181818182,2.8541666666666665,3.2198275862069,0,3.2908046134349154,0.0,LOW
NG-STU-1710,Petroleum Engineering,4.622222222222222,4.1568627450980395,4.410256410256411,4.51415094339623,0,4.412841985705969,0.0,LOW
NG-STU-1711,Petroleum Engineering,2.8222222222222224,1.9649122807017543,1.9285714285714286,2.49429657794677,0,2.306153683047064,0.05333333333333334,LOW
NG-STU-1712,Petroleum Engineering,4.555555555555555,3.9411764705882355,4.128205128205129,4.39150943396226,0,4.284044703761217,0.0,LOW
NG-STU-1713,Petroleum Engineering,4.688888888888889,4.411764705882353,4.82051282051282,4.71698113207547,0,4.662006401410009,0.0,LOW
NG-STU-1714,Petroleum Engineering,4.4,3.588235294117647,3.3333333333333335,3.7122641509434,0,3.7485445181492563,0.0,LOW
NG-STU-1715,Petroleum Engineering,4.488888888888889,4.30188679245283,4.410256410256411,4.56542056074766,0,4.443675858281041,0.0,LOW
NG-STU-1716,Petroleum Engineering,4.377777777777778,2.5901639344262297,2.891304347826087,3.15086206896552,0,3.22092147962287,0.0,LOW
NG-STU-1717,Petroleum Engineering,4.088888888888889,3.0377358490566038,2.731707317073171,3.50909090909091,0,3.3172342608500105,0.0,LOW
NG-STU-1718,Petroleum Engineering,4.311111111111111,4.433962264150943,4.538461538461538,4.53738317757009,0,4.483432864578973,0.0,LOW
NG-STU-1719,Petroleum Engineering,3.977777777777778,2.7454545454545456,2.2962962962962963,2.94214876033058,0,2.917564670188416,0.0,LOW
NG-STU-1720,Petroleum Engineering,4.488888888888889,3.3636363636363638,2.4634146341463414,3.42533936651584,0,3.396527313567362,0.0,LOW
NG-STU-1721,Petroleum Engineering,3.8444444444444446,2.8421052631578947,3.5609756097560976,3.56756756756757,0,3.511948522859742,0.0,LOW
NG-STU-1722,Petroleum Engineering,4.222222222222222,2.7,3.4565217391304346,3.55263157894737,0,3.4887011401572128,0.0,LOW
NG-STU-1723,Petroleum Engineering,4.333333333333333,3.0701754385964914,2.103448275862069,3.07317073170732,0,3.065109369755093,0.0,LOW
NG-STU-1724,Petroleum Engineering,3.488888888888889,2.288135593220339,2.037037037037037,2.66666666666667,0,2.6961954724174833,0.0,LOW
NG-STU-1725,Petroleum Engineering,4.644444444444445,4.433962264150943,4.666666666666667,4.5981308411215,0,4.631350224368387,0.0,LOW
NG-STU-1726,Petroleum Engineering,4.0,2.8679245283018866,2.3404255319148937,3.19823788546256,0,2.9858858803836066,0.0,LOW
NG-STU-1727,Petroleum Engineering,3.8666666666666667,3.327272727272727,3.128205128205128,3.59722222222222,0,3.527767682073725,0.0,LOW
NG-STU-1728,Petroleum Engineering,4.311111111111111,3.4901960784313726,3.883720930232558,4.12962962962963,0,3.9586603575783377,0.0,LOW
NG-STU-1729,Petroleum Engineering,4.377777777777778,3.3333333333333335,3.5384615384615383,3.77358490566038,0,3.7677261404824547,0.0,LOW
NG-STU-1730,Petroleum Engineering,3.8222222222222224,2.3934426229508197,2.0677966101694913,2.78210116731518,0,2.7670863138119395,0.0,LOW
NG-STU-1731,Petroleum Engineering,4.222222222222222,3.7636363636363637,3.923076923076923,3.93981481481481,0,4.003013035531502,0.0,LOW
NG-STU-1732,Petroleum Engineering,3.6444444444444444,3.6,3.7435897435897436,4.07305936073059,0,3.7522695281508787,0.0,LOW
NG-STU-1733,Petroleum Engineering,4.022222222222222,3.6862745098039214,3.5128205128205128,3.74528301886792,0,3.790991291066025,0.0,LOW
NG-STU-1734,Petroleum Engineering,4.022222222222222,3.7735849056603774,3.4358974358974357,3.92990654205607,0,3.7689488626684007,0.0,LOW
NG-STU-1735,Petroleum Engineering,3.7777777777777777,2.5357142857142856,2.116279069767442,2.83116883116883,0,2.811126705865446,0.006666666666666667,LOW
NG-STU-1736,Petroleum Engineering,4.355555555555555,3.5686274509803924,2.8974358974358974,3.52914798206278,0,3.5906003605808388,0.0,LOW
NG-STU-1737,Petroleum Engineering,4.6,3.823529411764706,3.2564102564102564,3.7906976744186,0,3.8031215209463856,0.0,LOW
NG-STU-1738,Petroleum Engineering,4.288888888888889,3.588235294117647,3.097560975609756,3.61214953271028,0,3.6694601435689815,0.0,LOW
NG-STU-1739,Petroleum Engineering,3.3555555555555556,2.2982456140350878,2.5283018867924527,2.91452991452991,0,2.857140203153587,0.0,LOW
NG-STU-1740,Petroleum Engineering,4.933333333333334,4.705882352941177,4.717948717948718,4.80188679245283,0,4.771588061766914,0.0,LOW
NG-STU-1741,Petroleum Engineering,4.266666666666667,3.2745098039215685,3.58974358974359,3.89622641509434,0,3.8001591981355927,0.0,LOW
NG-STU-1742,Petroleum Engineering,4.777777777777778,4.03921568627451,3.7948717948717947,4.1953488372093,0,4.118304091309773,0.0,LOW
NG-STU-1743,Petroleum Engineering,4.044444444444444,2.459016393442623,2.2708333333333335,2.83682008368201,0,2.8534939624955884,0.0,LOW
NG-STU-1744,Petroleum Engineering,4.222222222222222,3.5283018867924527,3.7435897435897436,3.88785046728972,0,3.8816560014563324,0.0,LOW
NG-STU-1745,Petroleum Engineering,4.444444444444445,4.0,3.6923076923076925,4.2122641509434,0,4.095150584971575,0.0,LOW
NG-STU-1746,Petroleum Engineering,4.4,2.639344262295082,1.8636363636363635,2.76383763837638,0,2.850057396009302,0.0,LOW
NG-STU-1747,Petroleum Engineering,3.6666666666666665,2.4166666666666665,2.0,3.0,0,2.721198479194997,0.0,LOW
NG-STU-1748,Petroleum Engineering,4.7555555555555555,4.352941176470588,4.3076923076923075,4.5,0,4.4279398783862565,0.0,LOW
NG-STU-1749,Petroleum Engineering,3.3555555555555556,2.9482758620689653,3.1666666666666665,3.12068965517241,0,3.2704359650172137,0.0,LOW
NG-STU-1750,Petroleum Engineering,4.155555555555556,3.7735849056603774,3.4871794871794872,3.86915887850467,0,3.813111195582427,0.0,LOW
NG-STU-1751,Petroleum Engineering,4.711111111111111,4.352941176470588,4.435897435897436,4.65566037735849,0,4.493077570077213,0.0,LOW
NG-STU-1752,Petroleum Engineering,3.7777777777777777,2.4918032786885247,1.7377049180327868,2.75095785440613,0,2.6097689705093816,0.0,LOW
NG-STU-1753,Petroleum Engineering,4.177777777777778,3.358490566037736,3.4615384615384617,3.80841121495327,0,3.706230066922388,0.0,LOW
NG-STU-1754,Petroleum Engineering,4.133333333333334,3.5090909090909093,3.1794871794871793,3.69907407407407,0,3.590785742659049,0.0,LOW
NG-STU-1755,Petroleum Engineering,4.127659574468085,3.7254901960784315,3.697674418604651,3.91469194312796,0,3.9128318480499473,0.0,LOW
NG-STU-1756,Petroleum Engineering,3.574468085106383,3.0,3.5121951219512195,3.29074889867841,0,3.5031184038578917,0.0,LOW
NG-STU-1757,Petroleum Engineering,4.446808510638298,4.352941176470588,3.441860465116279,4.11848341232227,0,3.9652304402345244,0.0,LOW
NG-STU-1758,Petroleum Engineering,3.872340425531915,3.5090909090909093,3.2127659574468086,3.3859649122807,0,3.586988592442341,0.0,LOW
NG-STU-1759,Petroleum Engineering,4.8936170212765955,4.450980392156863,4.512195121951219,4.65876777251185,0,4.619080941158832,0.0,LOW
NG-STU-1760,Petroleum Engineering,3.5319148936170213,3.8518518518518516,4.2727272727272725,4.03255813953488,0,4.067313318177703,0.0,LOW
NG-STU-1761,Petroleum Engineering,3.851063829787234,3.5454545454545454,2.8048780487804876,3.45945945945946,0,3.437170308142964,0.0,LOW
NG-STU-1762,Petroleum Engineering,3.872340425531915,3.7450980392156863,3.8536585365853657,3.74528301886792,0,3.895271176348567,0.0,LOW
NG-STU-1763,Petroleum Engineering,3.4893617021276597,3.2941176470588234,3.2888888888888888,3.36529680365297,0,3.512338305335158,0.0,LOW
NG-STU-1764,Petroleum Engineering,4.276595744680851,3.087719298245614,3.744186046511628,3.53363228699552,0,3.6926939687165614,0.0,LOW
NG-STU-1765,Petroleum Engineering,4.170212765957447,3.792452830188679,4.116279069767442,4.04694835680751,0,4.092581221380596,0.0,LOW
NG-STU-1766,Petroleum Engineering,2.893617021276596,2.2241379310344827,2.9574468085106385,2.648,0,2.8965101514220977,0.0,LOW
NG-STU-1767,Petroleum Engineering,4.177777777777778,3.1666666666666665,3.727272727272727,3.67713004484305,0,3.7158107157244316,0.0,LOW
NG-STU-1768,Petroleum Engineering,3.7777777777777777,2.8793103448275863,3.6818181818181817,3.58951965065502,0,3.5271996393641896,0.0,LOW
NG-STU-1769,Petroleum Engineering,4.488888888888889,3.7735849056603774,4.0,3.9041095890411,0,4.120866573197376,0.0,LOW
NG-STU-1770,Petroleum Engineering,3.7555555555555555,2.3833333333333333,2.5833333333333335,2.94142259414226,0,2.906458026816732,0.0,LOW
NG-STU-1771,Petroleum Engineering,4.733333333333333,4.450980392156863,4.5,4.57603686635945,0,4.56807477457169,0.0,LOW
NG-STU-1772,Petroleum Engineering,2.8222222222222224,3.0350877192982457,2.739130434782609,2.96610169491525,0,3.055914898715826,0.0,LOW
NG-STU-1773,Petroleum Engineering,4.4222222222222225,3.980392156862745,3.5,3.88940092165899,0,3.98765613258715,0.0,LOW
NG-STU-1774,Petroleum Engineering,4.355555555555555,3.4339622641509435,4.068181818181818,4.02262443438914,0,4.01931351765451,0.0,LOW
NG-STU-1775,Petroleum Engineering,3.8,3.1454545454545455,3.0454545454545454,3.27826086956522,0,3.404063916865368,0.0,LOW
NG-STU-1776,Petroleum Engineering,4.4222222222222225,2.8867924528301887,3.466666666666667,3.55405405405405,0,3.553501031713445,0.0,LOW
NG-STU-1777,Petroleum Engineering,4.2,3.176470588235294,3.5434782608695654,3.63013698630137,0,3.6718891457491623,0.0,LOW
NG-STU-1778,Petroleum Engineering,4.355555555555555,3.574074074074074,4.068181818181818,3.83181818181818,0,4.01931351765451,0.0,LOW
NG-STU-1779,Petroleum Engineering,3.2666666666666666,2.8627450980392157,3.0,3.2,0,3.1794120618600554,0.0,LOW
NG-STU-1780,Petroleum Engineering,3.7777777777777777,2.9310344827586206,3.227272727272727,3.375,0,3.393912658758463,0.0,LOW
NG-STU-1781,Petroleum Engineering,3.3777777777777778,2.9607843137254903,2.86,3.11203319502075,0,3.1777475748407067,0.0,LOW
NG-STU-1782,Petroleum Engineering,4.377777777777778,3.784313725490196,3.7045454545454546,4.00921658986175,0,3.9854787532184037,0.0,LOW
NG-STU-1783,Petroleum Engineering,3.2666666666666666,2.4833333333333334,2.8333333333333335,3.06751054852321,0,3.030570098495452,0.0,LOW
NG-STU-1784,Petroleum Engineering,4.0,3.2241379310344827,3.4130434782608696,3.64035087719298,0,3.596897860492574,0.0,LOW
NG-STU-1785,Petroleum Engineering,4.155555555555556,3.588235294117647,3.8863636363636362,3.82882882882883,0,3.9156701551407207,0.0,LOW
NG-STU-1786,Petroleum Engineering,4.466666666666667,3.176470588235294,3.8863636363636362,3.73059360730594,0,3.8011632357543377,0.0,LOW
NG-STU-1787,Petroleum Engineering,4.466666666666667,3.6792452830188678,3.5454545454545454,3.90990990990991,0,3.8885033257252055,0.0,LOW
NG-STU-1788,Petroleum Engineering,3.7777777777777777,3.018181818181818,2.977272727272727,3.27678571428571,0,3.350943788123337,0.0,LOW
NG-STU-1789,Petroleum Engineering,4.777777777777778,4.509803921568627,4.659090909090909,4.72350230414747,0,4.678148126601392,0.0,LOW
NG-STU-1790,Petroleum Engineering,4.511111111111111,3.803921568627451,4.113636363636363,4.0958904109589,0,4.192922364901159,0.0,LOW
NG-STU-1791,Petroleum Engineering,4.4,3.9056603773584904,3.977272727272727,4.00900900900901,0,4.0878611304213335,0.0,LOW
NG-STU-1792,Petroleum Engineering,4.711111111111111,4.2745098039215685,4.295454545454546,4.38709677419355,0,4.4279398783862565,0.0,LOW
NG-STU-1793,Petroleum Engineering,3.1555555555555554,3.2037037037037037,2.9791666666666665,3.08119658119658,0,3.2462024060460393,0.0,LOW
NG-STU-1794,Petroleum Engineering,4.311111111111111,3.7058823529411766,3.727272727272727,3.78538812785388,0,3.9730647355788085,0.0,LOW
NG-STU-1795,Petroleum Engineering,3.511111111111111,2.4705882352941178,2.24,3.0327868852459,0,2.773555389767041,0.0033333333333333335,LOW
NG-STU-1796,Petroleum Engineering,3.6444444444444444,2.980392156862745,3.108695652173913,3.21333333333333,0,3.3824237692966435,0.0,LOW
NG-STU-1797,Petroleum EnÔandeˆiog¨3.w3777'7777371¨s.1p?34:857142957<3~16727≤72272727,34315!1311131!1,0,3.v?887163$80653å0.0,LOU
NGowLU-179x$Pe|roleuo Encineez)~g,4Æˆ232222222202r,2>1±{7S≥133133333:.$7727272727260w,3.18q81∏18385818$0,3.1895121<3s5:66,(.0,LOW	
VS-StU-±71;,TetPolmum0EofinGmzing..46v6646&666&66.4.0,4é1s6≥6363636v6s,t&r14V11∏72y46!2,0,4.2743525w85t9881$0Æ4,O˜
LG-STU-804,PetrnleU- Enfioee3inw(u.157uµ5555555∑%6,3.0363636363≥626,3.86326;636;63623.93±11110!±!911,0,s.5∞58$r3)47?390•,0.0,LW
NO-StU-5801<PetvMlmum EjgineÂÚing,492222r26212862:-3.190792±54822745%.47∑r367227r727,367%;x14%5376147¨0,3.=4630005`6011,0.0,\__´NG-WTU-1802,evvoleum EngineeVInF,4.¥666266:6.>6667l2.672413>931 1t484,S.673913 534˜82&p8,3.7186147186147",4,3.4032?10>24896885$0l0-LOw
NW%S‘U180,Pevvnl!uo ¡neiGgemn(4.0,3.Ω,3.168!8581898y81(3,.86˚6#63>361636,03.744?68467 47%54l0.8¨HOW
NF/UTUm=80∂.PEtro,eui enGi%ezing,4.68888z8888888=<5.2352,72w450=804,6.4¥=05¥55476,4.2672811059=068,0,42567183"8065'2(,0.∞L
∆á-TU)1∏05,Pgtro]eem EngIjmeryn'(4.1777773757?∑77∏(2nq±0%285∑1$216.3&62∑2∑27072727≤ó,3.§≥378u2104Ú63#,0,3.4194}853x7012,0, ,LOWi
NG-◊TU-:0∂&Pe|soLeum(Engineer)vg,4:2"0222í222¢22,2.92280?0165t3x6,3.522222222322223.66-6428574:86,0,3.5<54Y!7182613∂,0.0,N_wN@-STU≠1∏07,euroldum Engmneezing,4n4,3*(62∑950;803˘2157§"$15¥5545454u05<6¨4.11x591r6x34Q0#,,0&4<78611304217315,0.0,\OW
G=SDG$1808,P%|roleuh Em'indering,¥.37≤3s3c37s333,3.6792456830108478,4&189165295391Û1,3,=86ñ0v1428571<, ,5.04≤5450c<55(8:3,0&0,LOWM
NG-STU/5ò09Petroleum jwÈÓeermng.3.:222Ú22222222r24l3N107142:57142x5∂,+.1361636s23636362,3.479458<994u±46,0,#480u415∞47272z2,0.lLOWN-YTQ-1811lPÂtroleu}(MngiÓeÂriÓg-4(3777677777'77(,3ß77777577∑767377∂,4.40909"9≤9090;09¨t.0t04$44∂44∂4t8,8,0.194;p3#35p4' .0,LOW
NE)ÙUm0811,Petrol%uM"E.giÓeiring,3.=11qq11301900,w¶1v93102449í7µ853&5909 90y0909p;1$3.6032tqf±∞7489,0,1Æ6t1927255254,0*0,MOW
OG-STu%1p18,–eprolÂum0E/FIfaeÛing(3.51511±2!11111±(4.63,3(80¥3¥78∞20:7π545(3.912q6411∂r542$0,2.538992"9<¥7409,0.0,MM*NG-StU-0813,PetRoleum EngiÓ}eÚinon3.673551=545757555,3.43s962274=0)¥3u,3.3863636363636≥>∂,3.>º64∏6¥864865,0,3.6298:;3?28x9448,0n8,OS
NGmSTU=081¥,–e4roleui EÓfioeepÈng¨3.822≥22228"2322¥-3.07547q&9011#2∏5,;.71?3x1#06782,3.56-0,'.3u2:6583ì361660.3^NNW
NG-STU=1<5,Pevrold∑l EngmoaerknÁ,;,6r22"22222222p≤03.07µ4285∑{285716l3&3q1311"3111±Ò1,3.#633<u10î803¥9,0,7.<{8676r3π857r=$1.0,LOWNG-SP’1896,Ta|rmlevm0Ungineerangls77777777677∑7w∑7,2.6t666666∂7v6627,2.93?5,3>20 (547 0:557-1,/13$98769!93925=,2/0Ã_W
NG=STW-q<17,–mÙRÔ,'ım E.oinudrino4n061818189:1884.35&8260x&957=215<4.>3829787#40435$0.82±3z65782!;8,0i6.150740249v27184,2.1DoW
Ne/S¥T-18±0,P)trolgum(engkneerin/,Rn2x89<X80888888:8,1.923π&82739682=l1.1:u5140Ë5714286,/0677419?54x3∏5$01.945w04≥*3≤&µ88&$0.023332333s#33333,LMW
NG-CTE-1819(PopRÔleud(Angin·e:ing,2.7%,:l9116634<3387754$3&p>2829?8623t2425,3.r34=∞980r921=7,0(1.57265461g≥(∏3q4,0n4,LNG=STU-1820,Pedroleum Enganeeqang,2.454=45>45ˆu054>,1*2113780∏:5917888m#.<869565"97y11q4,2.2¥85751824817µ,0,0.3&0:4518193p36u,1.03333≥33323±3;;72%,\OGNG)[TU-1821,Peubo|e}M0Dng·~eering-.5}09 9#90)09pY±≤?172013791034484,3.6t583s3331q33335¨7/23119:15v68r83,0,3.750409:8653%7,0.0,LOW
NG,QVu-120(qetrLeemEn'i.ee3ifg,2>4545445¥54u4ı0$2-08#33333333≥34¨;.84L≥,19#)<551'2q38(8L6.9∏85069463>∂59(2.§EOW
NG/STU-;8r3-PgÙ`oleqm$Mngioedring,4*11;6361∂363&36r,4n36)5∂721?39130=,4.1904:1161p2128,4.9s05306633±6&,0-4.2547y486∏1177l0'0,ÃNW:NG-S],9"4,PeÙroleum"Enghleeting,2.8†88181<y81:183,1.432736,8∂;56523l.1<891>q7021"7663.80769≥976y231,0,≥>557;44ß∑=8764957$0.0,LO
G-STU-8"5$PatrßlÂum`Ungioedrif',2.95’?<=4545454546<2715<4;0566037776,#.4∏361∑!2±276597 3>3u< >6985$7=;3, ,3<≥!8902257%968117,0.2,LoWGm”TT-18r6¨–edrodeue`UjGhleecinG,3n139|1838 8181(37,.:8∂69245683018<7<4.3404255191<8=3,4.176757"<15%≥6, *v.11’41s53"0631;U,0*1,lÀG
NG%WTU-q<27$PEppOÏdu, Dmgyd'eRmne,6.30815818181=58,3,xt7∏∞6p8¶y565:{,4.8|55063x29'<323,4.2031 582512563L0,0p8Û1942"792π0.0,LOW
JG-STUΩ±88,Pe|cmleum†e~'i|uermng-ìÆ54505¥5|ı¥|4]455,1.71739938<3t7826,3.8p8=q0>38≤97∏'24,;.7185928>$82092,0,3Æ(3π416385487,1.,HOW
NG-STU-;83π,PeqrÔËeım EnGm~ae2ing,2.∏6∂6v66666667,2&49"7692ª276823),≤.;7333333;313#=,2.6793248<4514u7(0,2.6229Sy8¥5576v±2.8/0¨lOW
FG-sTU-0832(QmtRola5l A~giÓeEryne¨r.841.97<2¨54785)6491≤3807$3.20<6!<0p8&7801,0,6.81tvπ8†12205517.0.0,l^W-*n-SvU-!87q¨XeezglUuo!ejgyNeeraÓf,1n;77%r623188¥49?9l.8$745∑:?11∏6¥6,3.1"06µ4'1;1≥3$<3Æ0032v0122070∑4l0.3.08u6π#416>!3047-±.0,LOW
OF5“ÿ]-1<22¨Xe|ronÂum G~Ákneerkng,1.382=∑873504354,4.T82333333s3333%4>57|<v80851063:3,2,63153847#6;40,0..6696104>4026993, 0066∂66V&>6666W&&7lLO◊
NG-PTU1<31PevbnleeM(ngONeerang,#.111)q1111!1113,.7"¨7. 86y56521739ô3∞4¨1.55∂710∑796!164< ,3&<75724898=9"%|0.0,MJNG-SU)±834,PÂprkNe5m†En%iNeev)ng,1.62553)1499#16(3.$4,í.24≥19108916s',2.33&405529;µ;90d0¨3.46853q8"6v>91108,<.0lLMW2ŒG}StV-1:sµ,P%tvoleum DngijEerilg,2Æ017857142877±43§3,29"65)p664!2,2.2!,0*16262ß∑?8547,,2.8017646=70733$6≠p,0:S333353≥2333337$LOWMoG,STU%183>,–efrolEum Engy.Ìeri˙g,2.27#62188405796$3/<61•sp46153X4607,0.949p80909090= 9,3642727232723r∑s$0l3*2750π376#31869∑l1.0<L_W
NGçSTD≠193˜PetrÕlÁ=a EngiluerinW,#.25,3.V6..541276666>6∂664-3.10u5018515∂Œ0,3j0943385806(';92%(0.0,MoWLNG5[TU=183∏,–etroldul`EnGadeeping,¥=55415u55<455555,$.6,∞l760x69652173Ω2,4.:00850\7;'x6¥1,0-<.748643329í53272.0,LNW	
G-SU-1839,Petrgleum Ejginearilg,3n4666666666&>67,4.38(1*6043&8:688696,3.11v730'693077,0,Ô82713002589∂787,0Æ0,LOW	
NG/STU/184P,PÂtroleum Engileerino¨5*1555155555555<6 <.28<,.270833q333333s,¥2<80∂153046154, ,4.#062:7204584920,0.1,LoW-
NG-TU≠5049,Petroleum ngilemri~ß,3.9333s33332;2≥,4.1,3.=6667666>6&67665<1.∏42877†42y5704,0,3.682089933"178)8,8N0$LŒW-
