student_id,programme,gpa_100,gpa_200,gpa_300,final_cgpa,low_performance,predicted_final_cgpa,low_performance_probability,trajectory_delta,risk_level,intervention_priority
NG-STU-0001,Chemical Engineering,3.765957446808511,3.6666666666666665,3.5106382978723403,3.85253456221198,0,3.7276825093879187,0.003879853301324807,-0.2553191489361706,LOW,ROUTINE
NG-STU-0002,Chemical Engineering,4.468085106382978,4.294117647058823,4.127659574468085,4.38248847926267,0,4.325227405117932,0.0015533172554838433,-0.3404255319148932,MODERATE,MONITOR
NG-STU-0003,Chemical Engineering,4.297872340425532,4.0588235294117645,4.127659574468085,4.26267281105991,0,4.234692327572549,0.0015533172554838433,-0.17021276595744705,LOW,ROUTINE
NG-STU-0004,Chemical Engineering,3.7872340425531914,3.1818181818181817,3.723404255319149,3.68325791855204,0,3.6717433307417298,0.006405639264987639,-0.06382978723404253,LOW,ROUTINE
NG-STU-0005,Chemical Engineering,4.191489361702128,4.2075471698113205,4.148936170212766,4.31506849315068,0,4.232063571383932,0.0015533172554838433,-0.042553191489361986,LOW,ROUTINE
NG-STU-0006,Chemical Engineering,4.191489361702128,3.5294117647058822,4.191489361702128,4.01382488479263,0,4.030748111758457,0.0015533172554838433,0.0,LOW,ROUTINE
NG-STU-0007,Chemical Engineering,3.872340425531915,2.2586206896551726,2.63265306122449,3.07,1,3.0062677255157606,0.8213673312412803,-1.239687364307425,CRITICAL,URGENT
NG-STU-0008,Chemical Engineering,3.893617021276596,2.45,2.7413793103448274,2.96734693877551,1,3.11626203593403,0.6059782120832562,-1.1522377109317685,HIGH,PRIORITY
NG-STU-0009,Chemical Engineering,4.127659574468085,3.5686274509803924,3.877551020408163,4.00456621004566,0,3.844461809436331,0.0015533172554838433,-0.25010855405992194,LOW,ROUTINE
NG-STU-0010,Chemical Engineering,4.617021276595745,4.352941176470588,4.574468085106383,4.49769585253456,0,4.531697744875846,0.0015533172554838433,-0.042553191489361986,LOW,ROUTINE
NG-STU-0011,Chemical Engineering,3.872340425531915,3.3333333333333335,3.765957446808511,3.84018264840183,0,3.736587673816425,0.0022018461859157567,-0.10638297872340408,LOW,ROUTINE
NG-STU-0012,Chemical Engineering,4.595744680851064,4.098039215686274,4.48936170212766,4.44239631336406,0,4.443663391789267,0.0015533172554838433,-0.10638297872340452,LOW,ROUTINE
NG-STU-0013,Chemical Engineering,3.5531914893617023,2.514705882352941,2.1578947368421053,2.78651685393258,1,2.7312988325200243,0.9727284106268448,-1.395296752519597,CRITICAL,URGENT
NG-STU-0014,Chemical Engineering,4.127659574468085,3.5283018867924527,3.106382978723404,3.61261261261261,0,3.597405314048652,0.008242482344842764,-1.021276595744681,MODERATE,MONITOR
NG-STU-0015,Chemical Engineering,3.8085106382978724,2.693548387096774,2.5172413793103448,3.11885245901639,0,2.9863100517406442,0.6340426917298397,-1.2912692589875276,CRITICAL,URGENT
NG-STU-0016,Chemical Engineering,4.638297872340425,3.7818181818181817,4.276595744680851,4.2579185520362,0,4.266102324153999,0.0015533172554838433,-0.36170212765957466,MODERATE,MONITOR
NG-STU-0017,Chemical Engineering,4.148936170212766,3.764705882352941,3.46,3.90454545454545,0,3.8096622492842718,0.0015533172554838433,-0.6889361702127657,MODERATE,MONITOR
NG-STU-0018,Chemical Engineering,4.361702127659575,4.627450980392157,3.7872340425531914,4.17972350230415,0,4.184113325855451,0.0015533172554838433,-0.5744680851063833,MODERATE,MONITOR
NG-STU-0019,Chemical Engineering,4.127659574468085,3.7735849056603774,4.042553191489362,4.15525114155251,0,4.010310517847339,0.0015533172554838433,-0.08510638297872308,LOW,ROUTINE
NG-STU-0020,Chemical Engineering,4.361702127659575,3.9622641509433962,4.042553191489362,4.20547945205479,0,4.171065273532407,0.0015533172554838433,-0.31914893617021267,MODERATE,MONITOR
NG-STU-0021,Chemical Engineering,4.319148936170213,3.9019607843137254,3.5319148936170213,4.01818181818182,0,3.9414333497533125,0.0015533172554838433,-0.7872340425531914,MODERATE,MONITOR
NG-STU-0022,Chemical Engineering,4.170212765957447,3.5098039215686274,4.0,4.03225806451613,0,3.9562859800249437,0.0015533172554838433,-0.17021276595744705,LOW,ROUTINE
NG-STU-0023,Chemical Engineering,3.7872340425531914,3.411764705882353,3.595744680851064,3.82727272727273,0,3.735515255659489,0.003879853301324807,-0.1914893617021276,LOW,ROUTINE
NG-STU-0024,Chemical Engineering,4.468085106382978,2.875,3.0714285714285716,3.39506172839506,0,3.3547629286057767,0.02522408900298398,-1.3966565349544067,MODERATE,MONITOR
NG-STU-0025,Chemical Engineering,4.276595744680851,3.3035714285714284,3.1702127659574466,3.65919282511211,0,3.58971811152801,0.003107788273104034,-1.106382978723404,MODERATE,MONITOR
NG-STU-0026,Chemical Engineering,4.74468085106383,4.411764705882353,4.659574468085107,4.64220183486239,0,4.6044672054674125,0.0015533172554838433,-0.08510638297872308,LOW,ROUTINE
NG-STU-0027,Chemical Engineering,4.191489361702128,3.5555555555555554,3.68,3.99551569506726,0,3.8375705731377177,0.0015533172554838433,-0.5114893617021274,MODERATE,MONITOR
NG-STU-0028,Chemical Engineering,3.7872340425531914,3.3636363636363638,2.981132075471698,3.48458149779736,0,3.399604571995728,0.06541112973895864,-0.8061019670814935,MODERATE,MONITOR
NG-STU-0029,Chemical Engineering,3.9361702127659575,2.913793103448276,2.8793103448275863,3.33195020746888,0,3.2775657495070005,0.1452153107203528,-1.0568598679383712,HIGH,PRIORITY
NG-STU-0030,Chemical Engineering,3.4468085106382977,3.2222222222222223,2.5714285714285716,3.28138528138528,0,3.054578706505345,0.6444615595627116,-0.8753799392097261,CRITICAL,URGENT
NG-STU-0031,Chemical Engineering,4.74468085106383,4.705882352941177,4.74468085106383,4.72811059907834,0,4.732968742157531,0.0015533172554838433,0.0,LOW,ROUTINE
NG-STU-0032,Chemical Engineering,4.1063829787234045,3.3684210526315788,3.595744680851064,3.36134453781513,0,3.7279706616301924,0.0015533172554838433,-0.5106382978723407,MODERATE,MONITOR
NG-STU-0033,Chemical Engineering,4.787234042553192,4.627450980392157,4.531914893617022,4.54377880184332,0,4.600576927659876,0.0015533172554838433,-0.25531914893617014,LOW,ROUTINE
NG-STU-0034,Chemical Engineering,2.9574468085106385,1.8727272727272728,2.406779661016949,2.64528301886792,1,2.5642112172806137,0.994443090167902,-0.5506671474936895,CRITICAL,URGENT
NG-STU-0035,Chemical Engineering,2.765957446808511,1.8846153846153846,2.5538461538461537,2.35769230769231,1,2.5986580658668372,0.9892144027204447,-0.2121112929623572,CRITICAL,URGENT
NG-STU-0036,Chemical Engineering,4.042553191489362,3.2363636363636363,3.1296296296296298,3.70305676855895,0,3.4964887170975176,0.008242482344842764,-0.9129235618597322,MODERATE,MONITOR
NG-STU-0037,Chemical Engineering,4.297872340425532,3.6226415094339623,4.212765957446808,4.18721461187215,0,4.12650235550452,0.0015533172554838433,-0.08510638297872397,LOW,ROUTINE
NG-STU-0038,Chemical Engineering,4.851063829787234,4.686274509803922,4.531914893617022,4.59907834101382,0,4.609988427828345,0.0015533172554838433,-0.31914893617021267,MODERATE,MONITOR
NG-STU-0039,Chemical Engineering,4.148936170212766,3.2549019607843137,3.6808510638297873,3.86175115207373,0,3.733220904346396,0.0015533172554838433,-0.4680851063829783,MODERATE,MONITOR
NG-STU-0040,Chemical Engineering,4.0,2.921875,3.106382978723404,3.43162393162393,0,3.419220949736491,0.02712952983635241,-0.8936170212765959,MODERATE,MONITOR
NG-STU-0041,Chemical Engineering,4.148936170212766,3.206896551724138,3.22,3.64757709251101,0,3.5214068161045473,0.003107788273104034,-0.9289361702127654,MODERATE,MONITOR
NG-STU-0042,Chemical Engineering,2.9574468085106385,2.2318840579710146,2.5535714285714284,2.98,1,2.6532883765800452,0.9885099890232889,-0.4038753799392101,CRITICAL,URGENT
NG-STU-0043,Chemical Engineering,4.0,3.0689655172413794,2.234042553191489,3.07142857142857,1,2.9764118980328447,0.7824594066438646,-1.7659574468085109,CRITICAL,URGENT
NG-STU-0044,Chemical Engineering,4.425531914893617,3.8627450980392157,3.24,3.79203539823009,0,3.731707663083755,0.003107788273104034,-1.185531914893617,MODERATE,MONITOR
NG-STU-0045,Chemical Engineering,4.0638297872340425,3.9245283018867925,4.446808510638298,4.33333333333333,0,4.26758353192593,0.0015533172554838433,0.3829787234042552,LOW,ROUTINE
NG-STU-0046,Chemical Engineering,4.425531914893617,3.0327868852459017,3.5208333333333335,3.33852140077821,0,3.6340456239536723,0.0034921610893237916,-0.9046985815602837,MODERATE,MONITOR
NG-STU-0047,Chemical Engineering,4.404255319148936,3.203125,2.9038461538461537,3.54042553191489,0,3.4691540800728897,0.0442250346330761,-1.500409165302782,MODERATE,MONITOR
NG-STU-0048,Chemical Engineering,4.425531914893617,3.5925925925925926,3.9574468085106385,4.0,0,3.9878497807531454,0.0015533172554838433,-0.46808510638297873,MODERATE,MONITOR
NG-STU-0049,Chemical Engineering,4.127659574468085,3.3684210526315788,3.125,3.41025641025641,0,3.548335769406385,0.008242482344842764,-1.002659574468085,MODERATE,MONITOR
NG-STU-0050,Chemical Engineering,4.23404255319149,2.7962962962962963,2.4328358208955225,2.75,1,3.062765400264351,0.7175754140349105,-1.801206732295967,CRITICAL,URGENT
NG-STU-0051,Chemical Engineering,4.638297872340425,4.538461538461538,4.702127659574468,4.58715596330275,0,4.6634511049231895,0.0015533172554838433,0.06382978723404253,LOW,ROUTINE
NG-STU-0052,Chemical Engineering,3.4680851063829787,2.086206896551724,2.7586206896551726,2.70161290322581,1,2.8424881850717907,0.94717343023136,-0.7094644167278061,CRITICAL,URGENT
NG-STU-0053,Chemical Engineering,4.0212765957446805,3.5,1.7246376811594204,2.52559726962457,1,2.9728191755453026,0.7120855949896564,-2.29663891458526,CRITICAL,URGENT
NG-STU-0054,Chemical Engineering,4.404255319148936,3.8518518518518516,4.297872340425532,4.20909090909091,0,4.241927139652744,0.0015533172554838433,-0.10638297872340363,LOW,ROUTINE
NG-STU-0055,Chemical Engineering,4.702127659574468,3.7115384615384617,4.48936170212766,4.36697247706422,0,4.325172825571868,0.0015533172554838433,-0.21276595744680815,LOW,ROUTINE
NG-STU-0056,Chemical Engineering,4.0638297872340425,3.58,4.211538461538462,4.03930131004367,0,4.011292271464445,0.0015533172554838433,0.14770867430441914,LOW,ROUTINE
NG-STU-0057,Chemical Engineering,3.9148936170212765,3.4423076923076925,3.872340425531915,3.84403669724771,0,3.8208996256045222,0.0022018461859157567,-0.04255319148936154,LOW,ROUTINE
NG-STU-0058,Chemical Engineering,4.914893617021277,4.6923076923076925,4.9361702127659575,4.8302752293578,0,4.793176426696398,0.0015533172554838433,0.02127659574468055,LOW,ROUTINE
NG-STU-0059,Chemical Engineering,4.553191489361702,4.038461538461538,4.042553191489362,4.20183486238532,0,4.213563851377843,0.0015533172554838433,-0.5106382978723403,MODERATE,MONITOR
NG-STU-0060,Chemical Engineering,3.723404255319149,3.7142857142857144,3.3125,3.60986547085202,0,3.6215777966055245,0.0072468263116088685,-0.41090425531914887,MODERATE,MONITOR
NG-STU-0061,Chemical Engineering,4.48936170212766,3.8846153846153846,4.382978723404255,4.15596330275229,0,4.296025514569751,0.0015533172554838433,-0.10638297872340452,LOW,ROUTINE
NG-STU-0062,Chemical Engineering,4.276595744680851,3.129032258064516,2.272727272727273,3.14285714285714,0,3.137357684129323,0.6535417650150286,-2.0038684719535778,HIGH,PRIORITY
NG-STU-0063,Chemical Engineering,3.9361702127659575,3.4464285714285716,3.723404255319149,3.68468468468468,0,3.785657218458692,0.0022018461859157567,-0.2127659574468086,LOW,ROUTINE
NG-STU-0064,Chemical Engineering,3.9574468085106385,3.0,2.5964912280701755,2.88,1,3.1204522644130996,0.5115040787502695,-1.360955580440463,HIGH,PRIORITY
NG-STU-0065,Chemical Engineering,3.8085106382978724,2.389830508474576,2.0,2.45263157894737,1,2.718935894869796,0.9620492541437358,-1.8085106382978724,CRITICAL,URGENT
NG-STU-0066,Chemical Engineering,4.148936170212766,2.740740740740741,2.671875,2.8359375,1,3.22115423529769,0.34452925814831953,-1.4770611702127656,HIGH,PRIORITY
NG-STU-0067,Chemical Engineering,4.297872340425532,3.017857142857143,2.7884615384615383,3.53191489361702,0,3.3772560288064786,0.13082133768973536,-1.5094108019639938,MODERATE,MONITOR
NG-STU-0068,Chemical Engineering,3.8085106382978724,3.169811320754717,2.610169491525424,2.62921348314607,1,3.1326908482677935,0.4348409087018945,-1.1983411467724485,HIGH,PRIORITY
NG-STU-0069,Chemical Engineering,4.808510638297872,4.038461538461538,4.361702127659575,4.23394495412844,0,4.37088240282524,0.0015533172554838433,-0.44680851063829774,MODERATE,MONITOR
NG-STU-0070,Chemical Engineering,3.4680851063829787,2.9482758620689653,2.8846153846153846,3.03361344537815,1,3.1942586585086783,0.3687472619136722,-0.5834697217675942,HIGH,PRIORITY
NG-STU-0071,Chemical Engineering,4.148936170212766,3.7037037037037037,3.938775510204082,3.97777777777778,0,3.945900901387801,0.0015533172554838433,-0.21016066000868383,LOW,ROUTINE
NG-STU-0072,Chemical Engineering,4.638297872340425,4.153846153846154,3.851063829787234,3.99553571428571,0,4.127350140383714,0.0015533172554838433,-0.7872340425531914,MODERATE,MONITOR
NG-STU-0073,Chemical Engineering,4.276595744680851,4.0,4.446808510638298,4.47511312217195,0,4.3510936830164235,0.0015533172554838433,0.17021276595744705,LOW,ROUTINE
NG-STU-0074,Chemical Engineering,4.0638297872340425,2.9166666666666665,3.6595744680851063,3.40350877192982,0,3.6054468246686433,0.003958418614440696,-0.4042553191489362,MODERATE,MONITOR
NG-STU-0075,Chemical Engineering,4.553191489361702,4.018518518518518,4.340425531914893,4.35909090909091,0,4.354234141599236,0.0015533172554838433,-0.21276595744680904,LOW,ROUTINE
NG-STU-0076,Chemical Engineering,3.617021276595745,3.0535714285714284,2.74468085106383,3.07725321888412,1,3.1750191138508868,0.5673532563192957,-0.8723404255319149,HIGH,PRIORITY
NG-STU-0077,Chemical Engineering,4.0,3.4107142857142856,3.9148936170212765,3.72566371681416,0,3.8208996256045222,0.00203926891739105,-0.08510638297872353,LOW,ROUTINE
NG-STU-0078,Chemical Engineering,3.404255319148936,2.390625,2.2058823529411766,2.56445993031359,1,2.6655218536603433,0.9855410791735897,-1.1983729662077596,CRITICAL,URGENT
NG-STU-0079,Chemical Engineering,4.212765957446808,3.767857142857143,4.361702127659575,4.19369369369369,0,4.190596296450035,0.0015533172554838433,0.1489361702127665,LOW,ROUTINE
NG-STU-0080,Chemical Engineering,4.170212765957447,3.240740740740741,3.5294117647058822,3.66968325791855,0,3.6770341278570977,0.0015533172554838433,-0.6408010012515648,MODERATE,MONITOR
NG-STU-0081,Chemical Engineering,4.042553191489362,2.6551724137931036,2.3333333333333335,2.70238095238095,1,2.914815516146703,0.8835051239876599,-1.7092198581560285,CRITICAL,URGENT
NG-STU-0082,Chemical Engineering,4.297872340425532,3.1206896551724137,3.2127659574468086,3.55066079295154,0,3.565982764912039,0.005133549858983982,-1.0851063829787235,MODERATE,MONITOR
NG-STU-0083,Chemical Engineering,4.659574468085107,3.8846153846153846,4.12,4.22321428571429,0,4.243157462889755,0.0015533172554838433,-0.5395744680851067,MODERATE,MONITOR
NG-STU-0084,Chemical Engineering,4.0638297872340425,3.357142857142857,3.111111111111111,3.50655021834061,0,3.548335769406385,0.008242482344842764,-0.9527186761229314,MODERATE,MONITOR
NG-STU-0085,Chemical Engineering,4.170212765957447,3.4423076923076925,3.857142857142857,3.75225225225225,0,3.858444195109524,0.0015533172554838433,-0.31306990881458985,MODERATE,MONITOR
NG-STU-0086,Chemical Engineering,4.787234042553192,4.326923076923077,4.617021276595745,4.35321100917431,0,4.538484785920884,0.0015533172554838433,-0.17021276595744705,LOW,ROUTINE
NG-STU-0087,Chemical Engineering,4.23404255319149,2.737704918032787,2.6481481481481484,2.88932806324111,1,3.233756166731387,0.34452925814831953,-1.5858944050433412,HIGH,PRIORITY
NG-STU-0088,Chemical Engineering,4.74468085106383,4.096153846153846,4.638297872340425,4.18807339449541,0,4.508975110352637,0.0015533172554838433,-0.10638297872340452,LOW,ROUTINE
NG-STU-0089,Chemical Engineering,4.361702127659575,2.9655172413793105,4.1063829787234045,3.80530973451327,0,3.808054653018035,0.0034921610893237916,-0.25531914893617014,LOW,ROUTINE
NG-STU-0090,Chemical Engineering,4.148936170212766,3.452830188679245,3.0,3.36909871244635,0,3.5059483066644854,0.0271949685260053,-1.1489361702127656,MODERATE,MONITOR
NG-STU-0091,Chemical Engineering,4.297872340425532,3.1379310344827585,3.382978723404255,3.42794759825328,0,3.650572873543876,0.002568432612865336,-0.9148936170212769,MODERATE,MONITOR
NG-STU-0092,Chemical Engineering,3.5531914893617023,2.466666666666667,2.673469387755102,3.06779661016949,1,3.0280643435160117,0.8173797739391823,-0.8797221016066001,CRITICAL,URGENT
NG-STU-0093,Chemical Engineering,4.276595744680851,4.0576923076923075,3.5106382978723403,3.90497737556561,0,3.9332883896185793,0.0015533172554838433,-0.7659574468085104,MODERATE,MONITOR
NG-STU-0094,Chemical Engineering,3.6122448979591835,3.549019607843137,1.859375,2.66058394160584,1,2.9105098276729287,0.8860142809851848,-1.7528698979591835,CRITICAL,URGENT
NG-STU-0095,Chemical Engineering,3.702127659574468,3.0793650793650795,3.911111111111111,3.80973451327434,0,3.6479637422668882,0.011475510835184742,0.2089834515366431,LOW,ROUTINE
NG-STU-0096,Chemical Engineering,4.1063829787234045,3.769230769230769,4.4222222222222225,4.22325581395349,0,4.189884941555011,0.0015533172554838433,0.315839243498818,LOW,ROUTINE
NG-STU-0097,Chemical Engineering,4.212765957446808,4.096153846153846,4.444444444444445,4.41395348837209,0,4.3510936830164235,0.0015533172554838433,0.2316784869976365,LOW,ROUTINE
NG-STU-0098,Chemical Engineering,4.0638297872340425,2.75,2.673076923076923,3.30869565217391,0,3.22115423529769,0.34452925814831953,-1.3907528641571196,HIGH,PRIORITY
NG-STU-0099,Chemical Engineering,3.765957446808511,2.9423076923076925,2.6363636363636362,3.28947368421053,0,3.2026849661624914,0.44299581983271563,-1.1295938104448746,HIGH,PRIORITY
NG-STU-0100,Chemical Engineering,4.702127659574468,3.9615384615384617,4.266666666666667,4.4093023255814,0,4.368303383058867,0.0015533172554838433,-0.43546099290780127,MODERATE,MONITOR
NG-STU-0101,Chemical Engineering,3.148936170212766,2.2388059701492535,2.176470588235294,2.33762057877814,1,2.5046597912591833,0.9941867773524353,-0.9724655819774721,CRITICAL,URGENT
NG-STU-0102,Chemical Engineering,4.787234042553192,4.365384615384615,4.6,4.53488372093023,0,4.538484785920884,0.0015533172554838433,-0.1872340425531922,LOW,ROUTINE
NG-STU-0103,Chemical Engineering,4.23404255319149,3.5925925925925926,3.8666666666666667,4.06912442396313,0,3.895897312378539,0.0015533172554838433,-0.3673758865248229,MODERATE,MONITOR
NG-STU-0104,Chemical Engineering,4.148936170212766,3.3653846153846154,3.4444444444444446,3.71627906976744,0,3.6908189274060894,0.0015533172554838433,-0.704491725768321,MODERATE,MONITOR
NG-STU-0105,Chemical Engineering,3.7872340425531914,3.3703703703703702,2.893617021276596,3.03673469387755,1,3.399604571995728,0.06541112973895864,-0.8936170212765955,MODERATE,MONITOR
NG-STU-0106,Chemical Engineering,4.0638297872340425,3.425925925925926,3.688888888888889,3.84792626728111,0,3.809219402290501,0.0015533172554838433,-0.37494089834515343,MODERATE,MONITOR
NG-STU-0107,Chemical Engineering,3.9361702127659575,3.5576923076923075,3.466666666666667,3.8046511627907,0,3.700577048803028,0.0022018461859157567,-0.4695035460992907,MODERATE,MONITOR
NG-STU-0108,Chemical Engineering,4.0638297872340425,3.826923076923077,3.888888888888889,4.07906976744186,0,3.9142355866722465,0.0015533172554838433,-0.1749408983451537,LOW,ROUTINE
NG-STU-0109,Chemical Engineering,4.595744680851064,4.615384615384615,4.555555555555555,4.66046511627907,0,4.611945817759249,0.0015533172554838433,-0.04018912529550889,LOW,ROUTINE
NG-STU-0110,Chemical Engineering,3.106382978723404,1.8888888888888888,1.9824561403508771,2.46212121212121,1,2.4136449179881083,0.9959842861020378,-1.123926838372527,CRITICAL,URGENT
NG-STU-0111,Chemical Engineering,4.170212765957447,3.5961538461538463,4.4,4.2093023255814,0,4.108776284807251,0.0015533172554838433,0.2297872340425533,LOW,ROUTINE
NG-STU-0112,Chemical Engineering,3.723404255319149,3.2711864406779663,3.1702127659574466,3.18884120171674,0,3.4364667737664525,0.01195532941212954,-0.5531914893617023,MODERATE,MONITOR
NG-STU-0113,Chemical Engineering,4.574468085106383,3.730769230769231,3.9361702127659575,4.00917431192661,0,4.035411957878578,0.0015533172554838433,-0.6382978723404253,MODERATE,MONITOR
NG-STU-0114,Chemical Engineering,4.0,3.1785714285714284,2.9361702127659575,3.22510822510823,0,3.370685762483356,0.0572946737232264,-1.0638297872340425,MODERATE,MONITOR
NG-STU-0115,Chemical Engineering,3.1914893617021276,2.6065573770491803,3.0980392156862746,3.27586206896552,0,3.231232920632107,0.2406550384600231,-0.093450146015853,HIGH,PRIORITY
NG-STU-0116,Chemical Engineering,4.148936170212766,3.1296296296296298,3.489795918367347,3.83333333333333,0,3.6439373511125557,0.002568432612865336,-0.6591402518454186,MODERATE,MONITOR
NG-STU-0117,Chemical Engineering,3.1702127659574466,2.5964912280701755,3.04,3.33620689655172,0,3.1146104775448777,0.45094149353791085,-0.13021276595744657,HIGH,PRIORITY
NG-STU-0118,Chemical Engineering,4.851063829787234,4.576923076923077,4.48936170212766,4.6697247706422,0,4.608030418645078,0.0015533172554838433,-0.36170212765957466,MODERATE,MONITOR
NG-STU-0119,Chemical Engineering,4.404255319148936,4.0,4.166666666666667,4.24090909090909,0,4.262876941097695,0.0015533172554838433,-0.2375886524822688,LOW,ROUTINE
NG-STU-0120,Chemical Engineering,3.574468085106383,2.8392857142857144,3.127659574468085,3.45132743362832,0,3.330566354596534,0.11337514056126002,-0.44680851063829774,HIGH,PRIORITY
NG-STU-0121,Chemical Engineering,4.638297872340425,4.090909090909091,4.340425531914893,4.45701357466063,0,4.364095361780201,0.0015533172554838433,-0.2978723404255321,LOW,ROUTINE
NG-STU-0122,Chemical Engineering,4.425531914893617,4.173076923076923,4.723404255319149,4.55963302752294,0,4.524958491428687,0.0015533172554838433,0.2978723404255321,LOW,ROUTINE
NG-STU-0123,Chemical Engineering,4.553191489361702,4.115384615384615,4.361702127659575,4.44954128440367,0,4.354234141599236,0.0015533172554838433,-0.1914893617021276,LOW,ROUTINE
NG-STU-0124,Chemical Engineering,3.021276595744681,2.5,2.5625,2.88065843621399,1,2.799104623605198,0.9664151900117469,-0.458776595744681,CRITICAL,URGENT
NG-STU-0125,Chemical Engineering,4.808510638297872,4.218181818181818,4.553191489361702,4.50678733031674,0,4.48399907759766,0.0015533172554838433,-0.25531914893617014,LOW,ROUTINE
NG-STU-0126,Chemical Engineering,3.7872340425531914,3.462962962962963,3.2127659574468086,3.56637168141593,0,3.5558803634356817,0.007744529091735452,-0.5744680851063828,MODERATE,MONITOR
NG-STU-0127,Chemical Engineering,4.702127659574468,3.8727272727272726,3.851063829787234,4.10407239819004,0,4.087663498953185,0.0015533172554838433,-0.8510638297872339,MODERATE,MONITOR
NG-STU-0128,Chemical Engineering,3.9574468085106385,3.388888888888889,3.6595744680851063,3.67272727272727,0,3.7318743794759937,0.0022018461859157567,-0.2978723404255321,LOW,ROUTINE
NG-STU-0129,Chemical Engineering,3.234042553191489,2.3278688524590163,2.96,3.03389830508475,1,3.029594367474999,0.7864259792003779,-0.2740425531914892,CRITICAL,URGENT
NG-STU-0130,Chemical Engineering,4.808510638297872,4.403846153846154,4.531914893617022,4.5045871559633,0,4.544489048939964,0.0015533172554838433,-0.2765957446808507,LOW,ROUTINE
NG-STU-0131,Chemical Engineering,3.297872340425532,3.269230769230769,3.5833333333333335,3.55454545454545,0,3.56145199296124,0.00883597680972641,0.28546099290780136,MODERATE,MONITOR
NG-STU-0132,Chemical Engineering,4.127659574468085,3.537037037037037,3.872340425531915,3.72645739910314,0,3.844461809436331,0.0015533172554838433,-0.25531914893617014,LOW,ROUTINE
NG-STU-0133,Chemical Engineering,4.723404255319149,4.3076923076923075,4.276595744680851,4.46788990825688,0,4.430653847079105,0.0015533172554838433,-0.44680851063829863,MODERATE,MONITOR
NG-STU-0134,Chemical Engineering,4.787234042553192,4.288461538461538,4.829787234042553,4.64678899082569,0,4.651859126819856,0.0015533172554838433,0.0425531914893611,LOW,ROUTINE
NG-STU-0135,Chemical Engineering,4.0,3.107142857142857,3.9361702127659575,3.72522522522523,0,3.765570129840619,0.0033708885542856767,-0.06382978723404253,LOW,ROUTINE
NG-STU-0136,Chemical Engineering,3.893617021276596,3.4727272727272727,3.297872340425532,3.59276018099548,0,3.6221381883322383,0.002660582917885785,-0.5957446808510638,MODERATE,MONITOR
NG-STU-0137,Chemical Engineering,4.276595744680851,4.0576923076923075,3.8085106382978724,4.03619909502262,0,4.018368559274244,0.0015533172554838433,-0.4680851063829783,MODERATE,MONITOR
NG-STU-0138,Chemical Engineering,4.340425531914893,3.1818181818181817,3.36734693877551,3.61471861471861,0,3.650572873543876,0.002568432612865336,-0.973078593139383,MODERATE,MONITOR
NG-STU-0139,Chemical Engineering,3.2127659574468086,2.8771929824561404,2.276595744680851,2.71489361702128,1,2.8046379209551717,0.9531245911849142,-0.9361702127659575,CRITICAL,URGENT
NG-STU-0140,Chemical Engineering,4.425531914893617,4.0,4.375,4.33632286995516,0,4.339920177278946,0.0015533172554838433,-0.05053191489361719,LOW,ROUTINE
NG-STU-0141,Chemical Engineering,3.5106382978723403,2.7884615384615383,3.34,3.2511013215859,0,3.3363527788585166,0.02337694057280435,-0.17063829787234042,HIGH,PRIORITY
NG-STU-0142,Chemical Engineering,3.978723404255319,2.9298245614035086,3.4166666666666665,3.30869565217391,0,3.5038110583683277,0.00519288723366406,-0.5620567375886525,MODERATE,MONITOR
NG-STU-0143,Chemical Engineering,4.787234042553192,4.423076923076923,4.170212765957447,4.37614678899083,0,4.387877782749646,0.0015533172554838433,-0.6170212765957448,MODERATE,MONITOR
NG-STU-0144,Chemical Engineering,4.212765957446808,3.75,3.6595744680851063,3.83035714285714,0,3.8634907757601367,0.0015533172554838433,-0.5531914893617018,MODERATE,MONITOR
NG-STU-0145,Chemical Engineering,3.872340425531915,3.3454545454545452,3.4893617021276597,3.56053811659193,0,3.6515075041607608,0.0022018461859157567,-0.3829787234042552,MODERATE,MONITOR
NG-STU-0146,Chemical Engineering,4.680851063829787,4.134615384615385,4.276595744680851,4.37614678899083,0,4.364095361780201,0.0015533172554838433,-0.40425531914893664,MODERATE,MONITOR
NG-STU-0147,Chemical Engineering,3.978723404255319,2.3442622950819674,2.2115384615384617,2.93172690763052,1,2.7942698546908256,0.9751253258453287,-1.7671849427168573,CRITICAL,URGENT
NG-STU-0148,Chemical Engineering,4.212765957446808,3.6315789473684212,3.702127659574468,3.85840707964602,0,3.862421758973036,0.0015533172554838433,-0.5106382978723403,MODERATE,MONITOR
NG-STU-0149,Chemical Engineering,3.851063829787234,2.7796610169491527,3.1458333333333335,3.1587982832618,0,3.367695559350023,0.016214031627585383,-0.7052304964539005,MODERATE,MONITOR
NG-STU-0150,Chemical Engineering,3.3404255319148937,3.0526315789473686,3.1914893617021276,3.09170305676856,1,3.3189426576147047,0.03868314605322349,-0.14893617021276606,HIGH,PRIORITY
NG-STU-0151,Chemical Engineering,3.276595744680851,2.1639344262295084,2.52,2.9045643153527,1,2.745133899171525,0.97735844302531,-0.7565957446808511,CRITICAL,URGENT
NG-STU-0152,Chemical Engineering,4.8936170212765955,4.711538461538462,4.851063829787234,4.86238532110092,0,4.785857109162984,0.0015533172554838433,-0.0425531914893611,LOW,ROUTINE
NG-STU-0153,Chemical Engineering,3.851063829787234,3.6538461538461537,3.9148936170212765,3.85388127853881,0,3.8659678529705745,0.0022018461859157567,0.06382978723404253,LOW,ROUTINE
NG-STU-0154,Chemical Engineering,4.787234042553192,4.0576923076923075,3.617021276595745,4.01357466063348,0,4.068482432005207,0.0015533172554838433,-1.170212765957447,MODERATE,MONITOR
NG-STU-0155,Chemical Engineering,4.361702127659575,3.6,3.3617021276595747,3.65158371040724,0,3.7583440090405866,0.0015533172554838433,-1.0,MODERATE,MONITOR
NG-STU-0156,Chemical Engineering,4.170212765957447,2.9074074074074074,3.3541666666666665,3.41850220264317,0,3.4788013952987704,0.003958418614440696,-0.8160460992907805,MODERATE,MONITOR
NG-STU-0157,Chemical Engineering,3.8297872340425534,3.245614035087719,3.893617021276596,3.79555555555556,0,3.7291518882468977,0.0022018461859157567,0.06382978723404253,LOW,ROUTINE
NG-STU-0158,Chemical Engineering,4.6,3.9361702127659575,2.9565217391304346,3.62053571428571,0,3.611491985620428,0.0271949685260053,-1.643478260869565,MODERATE,MONITOR
NG-STU-0159,Chemical Engineering,3.6136363636363638,3.0754716981132075,3.4545454545454546,3.49767441860465,0,3.5003262492299094,0.011475510835184742,-0.15909090909090917,MODERATE,MONITOR
NG-STU-0160,Chemical Engineering,3.1136363636363638,3.52,3.6136363636363638,3.47641509433962,0,3.6152470367128253,0.00883597680972641,0.5,LOW,ROUTINE
NG-STU-0161,Chemical Engineering,2.840909090909091,2.3666666666666667,3.4130434782608696,3.14732142857143,0,3.2066771439951696,0.15238174437384866,0.5721343873517788,HIGH,PRIORITY
NG-STU-0162,Chemical Engineering,4.0,3.4583333333333335,4.326086956521739,4.14150943396226,0,4.0576448470010105,0.00203926891739105,0.32608695652173925,LOW,ROUTINE
NG-STU-0163,Chemical Engineering,3.227272727272727,2.7358490566037736,3.391304347826087,3.29223744292237,0,3.3520073758600737,0.032158189896992415,0.16403162055335985,HIGH,PRIORITY
NG-STU-0164,Chemical Engineering,4.340909090909091,4.369565217391305,4.7272727272727275,4.37980769230769,0,4.559124341923779,0.0015533172554838433,0.3863636363636367,LOW,ROUTINE
NG-STU-0165,Chemical Engineering,3.8181818181818183,3.4901960784313726,4.409090909090909,3.94366197183099,0,4.0576448470010105,0.0022018461859157567,0.5909090909090908,LOW,ROUTINE
NG-STU-0166,Chemical Engineering,2.659090909090909,2.305084745762712,2.6166666666666667,2.72983870967742,1,2.7039707973817797,0.99055473304597,-0.042424242424242475,CRITICAL,URGENT
NG-STU-0167,Chemical Engineering,2.1363636363636362,2.925925925925926,3.02,3.04888888888889,1,3.127381563070284,0.6702268750635466,0.8836363636363638,HIGH,PRIORITY
NG-STU-0168,Chemical Engineering,2.090909090909091,2.096774193548387,1.5106382978723405,2.32982456140351,1,2.1827772209523233,0.9992205727774385,-0.5802707930367503,CRITICAL,URGENT
NG-STU-0169,Chemical Engineering,2.2954545454545454,1.676923076923077,2.106382978723404,2.28787878787879,1,2.32039469694263,0.9986659357026274,-0.18907156673114134,CRITICAL,URGENT
NG-STU-0170,Chemical Engineering,2.488888888888889,1.537313432835821,1.4661016949152543,2.16225165562914,1,2.1170353617170785,0.9986659357026274,-1.0227871939736346,CRITICAL,URGENT
NG-STU-0171,Chemical Engineering,3.06,3.4313725490196076,2.607142857142857,2.9919028340081,1,3.1083737502569306,0.6525255547665697,-0.45285714285714285,HIGH,PRIORITY
NG-STU-0172,Chemical Engineering,4.2444444444444445,4.38,4.1875,4.32093023255814,0,4.273896561915223,0.0015533172554838433,-0.056944444444444464,LOW,ROUTINE
NG-STU-0173,Chemical Engineering,3.3191489361702127,3.9215686274509802,3.4489795918367347,3.73059360730594,0,3.699465358964301,0.00883597680972641,0.12983065566652208,LOW,ROUTINE
NG-STU-0174,Chemical Engineering,3.4468085106382977,2.8627450980392157,2.015625,2.82608695652174,1,2.728402511840197,0.9700843312744035,-1.4311835106382977,CRITICAL,URGENT
NG-STU-0175,Chemical Engineering,3.888888888888889,4.22,3.9375,4.04186046511628,0,4.0628367104018945,0.0022018461859157567,0.04861111111111116,LOW,ROUTINE
NG-STU-0176,Chemical Engineering,3.577777777777778,4.02,3.5208333333333335,3.82027649769585,0,3.8227152445723793,0.006381199467476088,-0.056944444444444464,LOW,ROUTINE
NG-STU-0177,Chemical Engineering,3.7555555555555555,3.92,3.7291666666666665,3.8110599078341,0,3.891566603830453,0.003879853301324807,-0.026388888888889017,LOW,ROUTINE
NG-STU-0178,Chemical Engineering,4.7555555555555555,4.48,4.5,4.51162790697674,0,4.562188842061181,0.0015533172554838433,-0.25555555555555554,LOW,ROUTINE
NG-STU-0179,Chemical Engineering,3.9347826086956523,3.96,2.7708333333333335,3.42666666666667,0,3.454963282720216,0.08657147751331692,-1.1639492753623188,MODERATE,MONITOR
NG-STU-0180,Chemical Engineering,3.6666666666666665,3.84,3.0980392156862746,3.6036036036036,0,3.5979882883599923,0.033170325079796226,-0.5686274509803919,MODERATE,MONITOR
NG-STU-0181,Chemical Engineering,2.38,2.980392156862745,2.8596491228070176,3.01276595744681,1,3.0581954769479895,0.6462180856207697,0.47964912280701766,CRITICAL,URGENT
NG-STU-0182,Chemical Engineering,4.111111111111111,4.4,3.6875,4.06511627906977,0,4.039336681172859,0.0015533172554838433,-0.4236111111111107,MODERATE,MONITOR
NG-STU-0183,Chemical Engineering,4.8,4.52,3.6875,4.13023255813953,0,4.222507014938427,0.0015533172554838433,-1.1124999999999998,MODERATE,MONITOR
NG-STU-0184,Chemical Engineering,2.4423076923076925,2.74,2.5918367346938775,2.896,1,2.831633099416071,0.9548032403572579,0.14952904238618503,CRITICAL,URGENT
NG-STU-0185,Chemical Engineering,4.444444444444445,4.44,4.083333333333333,4.42790697674419,0,4.299909088878818,0.0015533172554838433,-0.3611111111111116,MODERATE,MONITOR
NG-STU-0186,Chemical Engineering,3.4791666666666665,3.78,3.5208333333333335,3.76255707762557,0,3.6660074375621785,0.006381199467476088,0.04166666666666696,LOW,ROUTINE
NG-STU-0187,Chemical Engineering,3.0384615384615383,3.7058823529411766,2.7868852459016393,3.18292682926829,0,3.2635570382138317,0.2768725336365329,-0.251576292559899,HIGH,PRIORITY
NG-STU-0188,Chemical Engineering,4.355555555555555,4.14,3.25,3.86976744186047,0,3.731707663083755,0.003107788273104034,-1.1055555555555552,MODERATE,MONITOR
NG-STU-0189,Chemical Engineering,4.0,4.32,4.3125,4.28837209302326,0,4.287762125883368,0.00203926891739105,0.3125,LOW,ROUTINE
NG-STU-0190,Chemical Engineering,3.836734693877551,4.3,3.5686274509803924,4.04504504504505,0,3.9595877208517485,0.0022018461859157567,-0.2681072428971585,LOW,ROUTINE
NG-STU-0191,Chemical Engineering,4.4,4.72,4.428571428571429,4.55555555555556,0,4.559076113494893,0.0015533172554838433,0.02857142857142847,LOW,ROUTINE
NG-STU-0192,Chemical Engineering,4.066666666666666,3.78,3.4313725490196076,3.80275229357798,0,3.793913009870752,0.0015533172554838433,-0.6352941176470588,MODERATE,MONITOR
NG-STU-0193,Chemical Engineering,4.7555555555555555,4.78,4.6875,4.66511627906977,0,4.719687881088572,0.0015533172554838433,-0.06805555555555554,LOW,ROUTINE
NG-STU-0194,Chemical Engineering,4.222222222222222,4.68,4.291666666666667,4.42396313364055,0,4.431187870979879,0.0015533172554838433,0.06944444444444464,LOW,ROUTINE
NG-STU-0195,Chemical Engineering,3.533333333333333,3.7083333333333335,3.1228070175438596,3.48684210526316,0,3.5591833740735734,0.033170325079796226,-0.41052631578947363,MODERATE,MONITOR
NG-STU-0196,Chemical Engineering,4.022222222222222,3.18,3.1320754716981134,3.52466367713004,0,3.4922853335193413,0.013569652549343078,-0.8901467505241087,MODERATE,MONITOR
NG-STU-0197,Chemical Engineering,4.088888888888889,3.92,3.150943396226415,3.80888888888889,0,3.6671790912845674,0.003107788273104034,-0.9379454926624735,MODERATE,MONITOR
NG-STU-0198,Chemical Engineering,3.7777777777777777,3.574468085106383,3.76,3.9009009009009,0,3.7748229284904085,0.003879853301324807,-0.017777777777777892,LOW,ROUTINE
NG-STU-0199,Civil Engineering,3.3137254901960786,2.4328358208955225,3.3035714285714284,3.48333333333333,0,3.2870476999272347,0.05967850086235027,-0.010154061624650268,HIGH,PRIORITY
NG-STU-0200,Civil Engineering,4.1063829787234045,3.7115384615384617,4.511111111111111,4.27853881278539,0,4.2633104996731115,0.0011902217501633767,0.40472813238770655,LOW,ROUTINE
NG-STU-0201,Civil Engineering,3.6382978723404253,2.857142857142857,3.608695652173913,3.50884955752212,0,3.5683293591814627,0.015085134901291264,-0.02960222016651226,MODERATE,MONITOR
NG-STU-0202,Civil Engineering,3.765957446808511,3.1346153846153846,4.2444444444444445,4.09132420091324,0,3.962119493731141,0.004913872008553762,0.4784869976359336,LOW,ROUTINE
NG-STU-0203,Civil Engineering,3.1702127659574466,1.9242424242424243,2.459016393442623,2.68627450980392,1,2.7207272050919826,0.9801891956635015,-0.7111963725148236,CRITICAL,URGENT
NG-STU-0204,Civil Engineering,2.74468085106383,2.7142857142857144,2.5384615384615383,2.67,1,2.851068493856655,0.9192961676760443,-0.20621931260229154,CRITICAL,URGENT
NG-STU-0205,Civil Engineering,4.170212765957447,4.038461538461538,3.5348837209302326,4.0045045045045,0,3.994015891542012,0.0011902217501633767,-0.6353290450272144,MODERATE,MONITOR
NG-STU-0206,Civil Engineering,3.5319148936170213,2.8771929824561404,2.8372093023255816,3.06837606837607,1,3.221441394526377,0.3158118810033911,-0.6947055912914397,HIGH,PRIORITY
NG-STU-0207,Civil Engineering,3.6808510638297873,1.7,2.508771929824561,2.80694980694981,1,2.818084560038389,0.959708942177037,-1.1720791340052261,CRITICAL,URGENT
NG-STU-0208,Civil Engineering,4.1063829787234045,4.115384615384615,4.558139534883721,4.4703196347032,0,4.411692976235518,0.0011902217501633767,0.4517565561603165,LOW,ROUTINE
NG-STU-0209,Civil Engineering,3.3404255319148937,3.1272727272727274,3.8,3.70535714285714,0,3.650110445835712,0.011176031304485069,0.45957446808510616,LOW,ROUTINE
NG-STU-0210,Civil Engineering,3.0638297872340425,2.09375,1.5625,2.24914675767918,1,2.313243347759849,0.9947637494475591,-1.5013297872340425,CRITICAL,URGENT
NG-STU-0211,Civil Engineering,3.297872340425532,2.566666666666667,2.9411764705882355,3.12033195020747,0,3.131546395014153,0.4495019980988464,-0.3566958698372966,HIGH,PRIORITY
NG-STU-0212,Civil Engineering,3.404255319148936,2.621212121212121,2.5348837209302326,2.97551020408163,1,2.9566599165154734,0.9023392579848346,-0.8693715982187036,CRITICAL,URGENT
NG-STU-0213,Civil Engineering,4.191489361702128,3.7884615384615383,4.377777777777778,4.17777777777778,0,4.229982581076157,0.0011902217501633767,0.1862884160756506,LOW,ROUTINE
NG-STU-0214,Civil Engineering,3.0638297872340425,2.2941176470588234,2.5625,2.67953667953668,1,2.7862864051644083,0.9706436256224363,-0.5013297872340425,CRITICAL,URGENT
NG-STU-0215,Civil Engineering,3.702127659574468,3.2884615384615383,3.9767441860465116,3.79452054794521,0,3.8309187809792373,0.0048950957943023335,0.2746165264720437,LOW,ROUTINE
NG-STU-0216,Civil Engineering,4.042553191489362,2.5454545454545454,3.422222222222222,3.50212765957447,0,3.48862275798515,0.007867636437504526,-0.6203309692671399,MODERATE,MONITOR
NG-STU-0217,Civil Engineering,3.872340425531915,3.1379310344827585,3.46,3.72173913043478,0,3.6707712905475014,0.002789912170588388,-0.41234042553191497,MODERATE,MONITOR
NG-STU-0218,Civil Engineering,4.425531914893617,4.346153846153846,4.558139534883721,4.5668202764977,0,4.55994001627512,0.0011902217501633767,0.13260761999010384,LOW,ROUTINE
NG-STU-0219,Civil Engineering,3.25531914893617,2.85,3.533333333333333,3.1404958677686,0,3.4842093834355183,0.02081806762859013,0.2780141843971631,MODERATE,MONITOR
NG-STU-0220,Civil Engineering,3.425531914893617,2.4262295081967213,3.185185185185185,3.24894514767932,0,3.244215364057507,0.09218361892178477,-0.24034672970843207,HIGH,PRIORITY
NG-STU-0221,Civil Engineering,3.425531914893617,2.847457627118644,3.911111111111111,3.6283185840708,0,3.5588538556378677,0.023976894050720732,0.4855791962174938,MODERATE,MONITOR
NG-STU-0222,Civil Engineering,2.851063829787234,2.1323529411764706,2.1774193548387095,2.45126353790614,1,2.4752324665393712,0.9964200006167716,-0.6736444749485244,CRITICAL,URGENT
NG-STU-0223,Civil Engineering,3.595744680851064,2.7966101694915255,3.577777777777778,3.58590308370044,0,3.5358223643709286,0.0180044568262788,-0.017966903073285856,MODERATE,MONITOR
NG-STU-0224,Civil Engineering,4.0212765957446805,2.8412698412698414,3.25,3.49367088607595,0,3.4343230860504215,0.011554987522762484,-0.7712765957446805,MODERATE,MONITOR
NG-STU-0225,Civil Engineering,4.0,3.1403508771929824,3.7111111111111112,3.79295154185022,0,3.7558514602031656,0.0025840264420554115,-0.28888888888888875,LOW,ROUTINE
NG-STU-0226,Civil Engineering,3.74468085106383,3.1818181818181817,4.069767441860465,3.94545454545455,0,3.869206031742927,0.004913872008553762,0.3250865907966354,LOW,ROUTINE
NG-STU-0227,Civil Engineering,3.425531914893617,2.7142857142857144,2.392857142857143,3.07755102040816,1,2.908077018875197,0.9149968193236194,-1.0326747720364744,CRITICAL,URGENT
NG-STU-0228,Civil Engineering,2.5531914893617023,1.7115384615384615,2.6285714285714286,2.67910447761194,1,2.6383385238935353,0.9877043101479095,0.0753799392097263,CRITICAL,URGENT
NG-STU-0229,Civil Engineering,3.1914893617021276,2.0294117647058822,2.016949152542373,2.68913857677903,1,2.51803610161394,0.9947637494475591,-1.1745402091597548,CRITICAL,URGENT
NG-STU-0230,Civil Engineering,4.0638297872340425,3.1129032258064515,3.395348837209302,3.59307359307359,0,3.6521896644249625,0.001968516760555075,-0.6684809500247404,MODERATE,MONITOR
NG-STU-0231,Civil Engineering,3.9361702127659575,3.103448275862069,2.7674418604651163,3.48917748917749,0,3.4133457710973834,0.10727037415668766,-1.1687283523008412,MODERATE,MONITOR
NG-STU-0232,Civil Engineering,3.3404255319148937,2.3508771929824563,2.1636363636363636,2.90697674418605,1,2.663834975252627,0.9924240613214285,-1.17678916827853,CRITICAL,URGENT
NG-STU-0233,Civil Engineering,3.106382978723404,2.1515151515151514,1.7868852459016393,2.34,1,2.3671166135385433,0.9947637494475591,-1.3194977328217647,CRITICAL,URGENT
NG-STU-0234,Civil Engineering,3.978723404255319,3.2,3.4,3.74235807860262,0,3.6286274805931535,0.0025840264420554115,-0.5787234042553191,MODERATE,MONITOR
NG-STU-0235,Civil Engineering,3.851063829787234,3.1923076923076925,3.9302325581395348,3.79908675799087,0,3.8317154925208934,0.002789912170588388,0.07916872835230082,LOW,ROUTINE
NG-STU-0236,Civil Engineering,4.127659574468085,3.03125,2.759259259259259,3.32,0,3.3388249883644323,0.19570359986083205,-1.368400315208826,HIGH,PRIORITY
NG-STU-0237,Civil Engineering,2.8297872340425534,2.634920634920635,2.574074074074074,2.90573770491803,1,2.854236340696944,0.9531357082664595,-0.25571315996847943,CRITICAL,URGENT
NG-STU-0238,Civil Engineering,4.066666666666666,3.1964285714285716,2.5294117647058822,3.40969162995595,0,3.2805509013278917,0.29353082224548804,-1.5372549019607842,HIGH,PRIORITY
NG-STU-0239,Civil Engineering,4.288888888888889,3.9019607843137254,3.8095238095238093,4.06046511627907,0,4.05003758214314,0.0011902217501633767,-0.47936507936507944,MODERATE,MONITOR
NG-STU-0240,Civil Engineering,3.511111111111111,3.2830188679245285,3.3877551020408165,3.66216216216216,0,3.593821549537362,0.0048950957943023335,-0.12335600907029454,MODERATE,MONITOR
NG-STU-0241,Civil Engineering,2.911111111111111,2.6779661016949152,2.1607142857142856,2.60311284046693,1,2.6627011111460646,0.9869424613956671,-0.7503968253968254,CRITICAL,URGENT
NG-STU-0242,Civil Engineering,3.3333333333333335,2.9215686274509802,2.9347826086956523,3.06995884773663,1,3.2724190512516254,0.23864087387385577,-0.39855072463768115,HIGH,PRIORITY
NG-STU-0243,Civil Engineering,3.7333333333333334,2.9272727272727272,2.7735849056603774,3.29004329004329,0,3.3066378337853313,0.24660465268888876,-0.959748427672956,HIGH,PRIORITY
NG-STU-0244,Civil Engineering,3.688888888888889,2.9310344827586206,2.1875,3.09836065573771,1,2.968458932711657,0.912948560902635,-1.501388888888889,CRITICAL,URGENT
NG-STU-0245,Civil Engineering,4.666666666666667,4.1568627450980395,4.5476190476190474,4.45070422535211,0,4.496080847689796,0.0011902217501633767,-0.11904761904761951,LOW,ROUTINE
NG-STU-0246,Civil Engineering,4.377777777777778,3.588235294117647,4.0476190476190474,4.11737089201878,0,4.097657487381518,0.0011902217501633767,-0.33015873015873076,MODERATE,MONITOR
NG-STU-0247,Civil Engineering,3.8085106382978724,3.3333333333333335,3.489795918367347,3.75675675675676,0,3.69764043131745,0.0016874100752780296,-0.31871471993052536,MODERATE,MONITOR
NG-STU-0248,Civil Engineering,4.688888888888889,4.568627450980392,4.738095238095238,4.70422535211268,0,4.758387489839556,0.0011902217501633767,0.04920634920634903,LOW,ROUTINE
NG-STU-0249,Civil Engineering,4.266666666666667,3.5294117647058822,3.619047619047619,4.03738317757009,0,3.877468486767293,0.0011902217501633767,-0.6476190476190475,MODERATE,MONITOR
NG-STU-0250,Civil Engineering,4.066666666666666,3.6862745098039214,3.4680851063829787,3.74311926605505,0,3.826674671466061,0.0011902217501633767,-0.5985815602836877,MODERATE,MONITOR
NG-STU-0251,Civil Engineering,3.2666666666666666,2.8545454545454545,2.0384615384615383,2.62403100775194,1,2.7746419933424784,0.96259258238577,-1.2282051282051283,CRITICAL,URGENT
NG-STU-0252,Civil Engineering,3.466666666666667,3.2363636363636363,2.473684210526316,3.04115226337449,1,3.118674400443196,0.5813128344941588,-0.9929824561403509,HIGH,PRIORITY
NG-STU-0253,Civil Engineering,3.7777777777777777,3.843137254901961,4.181818181818182,4.13953488372093,0,4.089879832739683,0.0029745388042423993,0.404040404040404,LOW,ROUTINE
NG-STU-0254,Civil Engineering,4.511111111111111,4.078431372549019,4.238095238095238,4.32863849765258,0,4.3923376331794755,0.0011902217501633767,-0.27301587301587293,LOW,ROUTINE
NG-STU-0255,Civil Engineering,4.155555555555556,4.2075471698113205,4.380952380952381,4.36279069767442,0,4.355738941336985,0.0011902217501633767,0.22539682539682548,LOW,ROUTINE
NG-STU-0256,Civil Engineering,4.711111111111111,4.470588235294118,4.428571428571429,4.57746478873239,0,4.603542672304344,0.0011902217501633767,-0.2825396825396824,LOW,ROUTINE
NG-STU-0257,Civil Engineering,3.533333333333333,3.4339622641509435,4.023809523809524,3.92093023255814,0,3.9073979708976223,0.0048950957943023335,0.4904761904761905,LOW,ROUTINE
NG-STU-0258,Civil Engineering,3.1777777777777776,3.0344827586206895,1.7254901960784315,2.66536964980545,1,2.6330475715050103,0.9490232675810378,-1.4522875816993461,CRITICAL,URGENT
NG-STU-0259,Civil Engineering,2.688888888888889,3.327272727272727,2.290909090909091,3.07792207792208,1,3.023454651166673,0.9140012928097043,-0.3979797979797981,CRITICAL,URGENT
NG-STU-0260,Civil Engineering,3.5555555555555554,2.4918032786885247,1.8615384615384616,2.64179104477612,1,2.6386317499208887,0.9786212940287549,-1.6940170940170938,CRITICAL,URGENT
NG-STU-0261,Civil Engineering,4.266666666666667,3.823529411764706,3.760869565217391,4.04109589041096,0,3.972792977548571,0.0011902217501633767,-0.5057971014492755,MODERATE,MONITOR
NG-STU-0262,Civil Engineering,3.8222222222222224,3.8076923076923075,3.9767441860465116,3.96744186046512,0,3.988762239477507,0.0016874100752780296,0.15452196382428918,LOW,ROUTINE
NG-STU-0263,Civil Engineering,3.7333333333333334,2.981818181818182,2.9591836734693877,3.30357142857143,0,3.3585928967602743,0.10774743054699218,-0.7741496598639457,MODERATE,MONITOR
NG-STU-0264,Civil Engineering,4.311111111111111,4.0,4.190476190476191,4.29767441860465,0,4.2871097834730785,0.0011902217501633767,-0.1206349206349202,LOW,ROUTINE
NG-STU-0265,Civil Engineering,4.022222222222222,3.4313725490196076,3.6444444444444444,3.76388888888889,0,3.8319670406168003,0.0011902217501633767,-0.37777777777777777,MODERATE,MONITOR
NG-STU-0266,Civil Engineering,3.2,2.9649122807017543,3.018867924528302,3.34188034188034,0,3.2820529347614653,0.2098462517367741,-0.18113207547169807,HIGH,PRIORITY
NG-STU-0267,Civil Engineering,4.955555555555556,4.921568627450981,4.928571428571429,4.92957746478873,0,4.872389362574831,0.0011902217501633767,-0.026984126984126888,LOW,ROUTINE
NG-STU-0268,Civil Engineering,3.533333333333333,3.372549019607843,2.2033898305084745,3.00413223140496,1,3.153267564430562,0.8041311057953733,-1.3299435028248587,CRITICAL,URGENT
NG-STU-0269,Civil Engineering,4.666666666666667,4.627450980392157,4.809523809523809,4.75117370892019,0,4.764339046685846,0.0011902217501633767,0.14285714285714235,LOW,ROUTINE
NG-STU-0270,Civil Engineering,3.488888888888889,3.4705882352941178,3.8636363636363638,3.75115207373272,0,3.79141318462495,0.0048950957943023335,0.37474747474747483,LOW,ROUTINE
NG-STU-0271,Civil Engineering,3.8666666666666667,3.764705882352941,3.8,3.96759259259259,0,3.9128982071597793,0.0016874100752780296,-0.06666666666666687,LOW,ROUTINE
NG-STU-0272,Civil Engineering,2.25,2.9761904761904763,3.0681818181818183,3.3030303030303,0,3.2122911670301884,0.19872396700868614,0.8181818181818183,HIGH,PRIORITY
NG-STU-0273,Civil Engineering,3.0444444444444443,2.6545454545454548,1.507936507936508,2.57933579335793,1,2.483562612501395,0.9821425940451399,-1.5365079365079364,CRITICAL,URGENT
NG-STU-0274,Civil Engineering,4.533333333333333,4.333333333333333,4.214285714285714,4.44131455399061,0,4.4254016892516415,0.0011902217501633767,-0.3190476190476188,MODERATE,MONITOR
NG-STU-0275,Civil Engineering,4.133333333333334,3.7058823529411766,3.4782608695652173,3.79090909090909,0,3.826674671466061,0.0011902217501633767,-0.6550724637681165,MODERATE,MONITOR
NG-STU-0276,Civil Engineering,4.022222222222222,3.4901960784313726,3.1914893617021276,3.69724770642202,0,3.652332148392993,0.0023821945181687833,-0.8307328605200945,MODERATE,MONITOR
NG-STU-0277,Civil Engineering,3.2888888888888888,3.0508474576271185,3.090909090909091,3.53418803418803,0,3.3796252980493118,0.07593093941697299,-0.19797979797979792,MODERATE,MONITOR
NG-STU-0278,Civil Engineering,3.511111111111111,3.4038461538461537,3.4285714285714284,3.88018433179723,0,3.642891094179629,0.0048950957943023335,-0.08253968253968269,LOW,ROUTINE
NG-STU-0279,Civil Engineering,4.5777777777777775,4.176470588235294,4.785714285714286,4.61032863849765,0,4.621740509782205,0.0011902217501633767,0.20793650793650809,LOW,ROUTINE
NG-STU-0280,Civil Engineering,4.2444444444444445,3.6037735849056602,3.5,4.05777777777778,0,3.8297590452179016,0.0011902217501633767,-0.7444444444444445,MODERATE,MONITOR
NG-STU-0281,Civil Engineering,4.311111111111111,3.392156862745098,4.023809523809524,3.94366197183099,0,4.040740754078835,0.0011902217501633767,-0.28730158730158717,LOW,ROUTINE
NG-STU-0282,Civil Engineering,3.5555555555555554,2.9245283018867925,3.26,3.61504424778761,0,3.4739333870228384,0.024562285035710858,-0.29555555555555557,MODERATE,MONITOR
NG-STU-0283,Civil Engineering,3.422222222222222,2.081967213114754,2.0,2.17857142857143,1,2.497878021323837,0.9945762116292705,-1.422222222222222,CRITICAL,URGENT
NG-STU-0284,Civil Engineering,3.2444444444444445,3.0677966101694913,1.8983050847457628,2.75289575289575,1,2.740556073769807,0.9490232675810378,-1.3461393596986817,CRITICAL,URGENT
NG-STU-0285,Civil Engineering,2.2666666666666666,2.360655737704918,2.759259259259259,3.0168776371308,1,2.8515493423645486,0.9753746696658465,0.49259259259259247,CRITICAL,URGENT
NG-STU-0286,Civil Engineering,3.533333333333333,2.912280701754386,2.2241379310344827,3.12133891213389,0,2.937388367171637,0.9075731505738376,-1.3091954022988506,CRITICAL,URGENT
NG-STU-0287,Civil Engineering,4.446808510638298,4.423076923076923,4.863636363636363,4.64516129032258,0,4.684075983464679,0.0011902217501633767,0.4168278529980656,LOW,ROUTINE
NG-STU-0288,Civil Engineering,3.595744680851064,3.173076923076923,3.276595744680851,3.63063063063063,0,3.5467038109839457,0.009747152044952499,-0.31914893617021267,MODERATE,MONITOR
NG-STU-0289,Civil Engineering,4.0638297872340425,3.3461538461538463,4.0,3.87614678899083,0,3.9555628899070077,0.0011902217501633767,-0.06382978723404253,LOW,ROUTINE
NG-STU-0290,Civil Engineering,2.9361702127659575,1.9402985074626866,2.76,2.76734693877551,1,2.7778367926956076,0.9659368662298926,-0.17617021276595768,CRITICAL,URGENT
NG-STU-0291,Civil Engineering,3.106382978723404,2.5789473684210527,2.8214285714285716,2.80161943319838,1,3.0258546999380167,0.6612077124700501,-0.28495440729483246,CRITICAL,URGENT
NG-STU-0292,Civil Engineering,3.5106382978723403,3.24,3.744186046511628,3.68837209302326,0,3.6783673364320166,0.0048950957943023335,0.23354774863928762,LOW,ROUTINE
NG-STU-0293,Civil Engineering,3.021276595744681,1.9642857142857142,2.625,2.73640167364017,1,2.696713582721399,0.9814964357785584,-0.396276595744681,CRITICAL,URGENT
NG-STU-0294,Civil Engineering,3.4893617021276597,3.017857142857143,3.159090909090909,3.31531531531532,0,3.4057284738098637,0.021722048912174084,-0.33027079303675055,MODERATE,MONITOR
NG-STU-0295,Civil Engineering,3.022222222222222,2.242424242424242,2.1923076923076925,2.60642570281125,1,2.581538365789584,0.9924240613214285,-0.8299145299145296,CRITICAL,URGENT
NG-STU-0296,Civil Engineering,3.311111111111111,2.5166666666666666,2.3541666666666665,2.70634920634921,1,2.780408930279515,0.9521790055329596,-0.9569444444444444,CRITICAL,URGENT
NG-STU-0297,Civil Engineering,3.6666666666666665,3.142857142857143,3.261904761904762,3.59821428571429,0,3.5467038109839457,0.016053928895606907,-0.40476190476190466,MODERATE,MONITOR
NG-STU-0298,Civil Engineering,4.044444444444444,3.0344827586206895,4.095238095238095,4.00900900900901,0,3.8022694380459385,0.002677066527675712,0.05079365079365061,LOW,ROUTINE
NG-STU-0299,Civil Engineering,3.2666666666666666,2.896551724137931,3.25,3.44541484716157,0,3.328582071682968,0.03482237591251606,-0.016666666666666607,HIGH,PRIORITY
NG-STU-0300,Civil Engineering,3.8444444444444446,2.9642857142857144,3.86046511627907,3.85388127853881,0,3.7324228078044444,0.0037929921466292225,0.01602067183462541,LOW,ROUTINE
NG-STU-0301,Civil Engineering,4.8,4.294117647058823,4.666666666666667,4.68075117370892,0,4.638517462660909,0.0011902217501633767,-0.13333333333333286,LOW,ROUTINE
NG-STU-0302,Civil Engineering,2.422222222222222,2.5,2.74,2.8755364806867,1,2.931633651438923,0.9349113388892193,0.31777777777777816,CRITICAL,URGENT
NG-STU-0303,Civil Engineering,3.7111111111111112,2.55,3.0434782608695654,3.19047619047619,0,3.206253174629657,0.29879068652738455,-0.6676328502415458,HIGH,PRIORITY
NG-STU-0304,Civil Engineering,3.7333333333333334,2.5689655172413794,2.893617021276596,3.38888888888889,0,3.217720240522802,0.2629474110983732,-0.8397163120567375,HIGH,PRIORITY
NG-STU-0305,Civil Engineering,3.9555555555555557,3.7222222222222223,4.476190476190476,4.21759259259259,0,4.239748315841301,0.0016874100752780296,0.5206349206349206,LOW,ROUTINE
NG-STU-0306,Civil Engineering,4.288888888888889,3.185185185185185,3.7142857142857144,3.86238532110092,0,3.8388924602695202,0.001968516760555075,-0.5746031746031743,MODERATE,MONITOR
NG-STU-0307,Civil Engineering,4.155555555555556,2.9411764705882355,3.369565217391304,3.69058295964126,0,3.6092678442939308,0.002677066527675712,-0.7859903381642517,MODERATE,MONITOR
NG-STU-0308,Civil Engineering,4.4222222222222225,3.8823529411764706,4.571428571428571,4.46478873239437,0,4.4536948895456865,0.0011902217501633767,0.14920634920634868,LOW,ROUTINE
NG-STU-0309,Civil Engineering,4.533333333333333,3.8627450980392157,4.380952380952381,4.43661971830986,0,4.34844297047028,0.0011902217501633767,-0.15238095238095184,LOW,ROUTINE
NG-STU-0310,Civil Engineering,3.3555555555555556,2.283333333333333,2.5208333333333335,2.80912863070539,1,2.8460306390235086,0.9696186023422487,-0.8347222222222221,CRITICAL,URGENT
NG-STU-0311,Civil Engineering,2.9555555555555557,2.360655737704918,2.8125,2.91983122362869,1,2.9407461259074332,0.9253291808374706,-0.1430555555555557,CRITICAL,URGENT
NG-STU-0312,Civil Engineering,3.577777777777778,3.3529411764705883,3.9761904761904763,3.90140845070423,0,3.8309187809792373,0.0048950957943023335,0.39841269841269833,LOW,ROUTINE
NG-STU-0313,Civil Engineering,3.977777777777778,3.037037037037037,3.909090909090909,3.78899082568807,0,3.7324228078044444,0.0037929921466292225,-0.06868686868686869,LOW,ROUTINE
NG-STU-0314,Civil Engineering,4.466666666666667,4.235294117647059,4.5476190476190474,4.55399061032864,0,4.505454307951895,0.0011902217501633767,0.08095238095238066,LOW,ROUTINE
NG-STU-0315,Civil Engineering,4.5777777777777775,3.627450980392157,4.023809523809524,4.17840375586855,0,4.119895727158127,0.0011902217501633767,-0.5539682539682538,MODERATE,MONITOR
NG-STU-0316,Civil Engineering,3.8222222222222224,3.3333333333333335,4.190476190476191,3.96759259259259,0,3.9956277601153407,0.0016874100752780296,0.3682539682539683,LOW,ROUTINE
NG-STU-0317,Civil Engineering,4.733333333333333,4.2745098039215685,4.666666666666667,4.62441314553991,0,4.6359384428945365,0.0011902217501633767,-0.06666666666666643,LOW,ROUTINE
NG-STU-0318,Civil Engineering,4.6,4.019607843137255,4.595238095238095,4.53521126760563,0,4.521764736756137,0.0011902217501633767,-0.004761904761904745,LOW,ROUTINE
NG-STU-0319,Civil Engineering,3.8222222222222224,3.142857142857143,3.642857142857143,3.74770642201835,0,3.723672264185124,0.002789912170588388,-0.17936507936507962,LOW,ROUTINE
NG-STU-0320,Civil Engineering,3.6444444444444444,2.3559322033898304,4.045454545454546,3.63063063063063,0,3.626193456567459,0.09444217783545673,0.4010101010101015,LOW,ROUTINE
NG-STU-0321,Civil Engineering,3.5555555555555554,2.4464285714285716,2.872340425531915,3.27111111111111,0,3.1600816735639445,0.5326661833265379,-0.6832151300236404,HIGH,PRIORITY
NG-STU-0322,Civil Engineering,3.488888888888889,2.6607142857142856,3.1904761904761907,3.44545454545455,0,3.3100014865081127,0.061559698023080915,-0.29841269841269824,HIGH,PRIORITY
NG-STU-0323,Civil Engineering,3.6,2.625,2.5416666666666665,2.96595744680851,1,3.016772311790161,0.8733511166342127,-1.0583333333333336,CRITICAL,URGENT
NG-STU-0324,Civil Engineering,3.2222222222222223,2.2962962962962963,2.7045454545454546,2.98744769874477,1,2.9908927875953015,0.9343325184754433,-0.5176767676767677,CRITICAL,URGENT
NG-STU-0325,Civil Engineering,3.422222222222222,2.3333333333333335,2.4545454545454546,2.88235294117647,1,2.862227610156052,0.979490428195561,-0.9676767676767675,CRITICAL,URGENT
NG-STU-0326,Civil Engineering,4.0,3.188679245283019,3.6818181818181817,3.7351598173516,0,3.7558514602031656,0.0025840264420554115,-0.31818181818181834,MODERATE,MONITOR
NG-STU-0327,Civil Engineering,3.888888888888889,3.0701754385964914,2.8863636363636362,3.36123348017621,0,3.378160065619079,0.06403527738570373,-1.0025252525252526,MODERATE,MONITOR
NG-STU-0328,Civil Engineering,4.111111111111111,3.482142857142857,4.309523809523809,4.20183486238532,0,4.145302724770669,0.0011902217501633767,0.1984126984126986,LOW,ROUTINE
NG-STU-0329,Civil Engineering,3.8666666666666667,3.1666666666666665,3.380952380952381,3.76146788990826,0,3.6286274805931535,0.002789912170588388,-0.48571428571428577,MODERATE,MONITOR
NG-STU-0330,Civil Engineering,3.7777777777777777,2.9019607843137254,3.7045454545454546,3.76036866359447,0,3.628174407511109,0.007805033749455425,-0.0732323232323231,LOW,ROUTINE
NG-STU-0331,Civil Engineering,4.733333333333333,4.254901960784314,4.523809523809524,4.62441314553991,0,4.568639388400213,0.0011902217501633767,-0.20952380952380967,LOW,ROUTINE
NG-STU-0332,Civil Engineering,2.116279069767442,2.7017543859649122,3.0625,2.9535864978903,1,3.0655477444553565,0.6455400745718016,0.9462209302325579,CRITICAL,URGENT
NG-STU-0333,Civil Engineering,2.1136363636363638,2.0806451612903225,2.3333333333333335,2.51012145748988,1,2.4472766381891318,0.998320250027878,0.21969696969696972,CRITICAL,URGENT
NG-STU-0334,Civil Engineering,1.6,1.8714285714285714,2.5166666666666666,2.25531914893617,1,2.4577078810439814,0.9941828161607689,0.9166666666666665,CRITICAL,URGENT
NG-STU-0335,Civil Engineering,3.3,2.9615384615384617,2.2096774193548385,2.90421455938697,1,2.9083465374369695,0.9277304050216104,-1.0903225806451613,CRITICAL,URGENT
NG-STU-0336,Civil Engineering,4.022222222222222,3.74,3.3181818181818183,3.6027397260274,0,3.7390669514017616,0.001438498616926138,-0.7040404040404038,MODERATE,MONITOR
NG-STU-0337,Civil Engineering,3.888888888888889,3.52,3.3636363636363638,3.82242990654206,0,3.7225289327865307,0.0016874100752780296,-0.5252525252525251,MODERATE,MONITOR
NG-STU-0338,Civil Engineering,3.9555555555555557,2.9,3.196078431372549,3.41150442477876,0,3.4343230860504215,0.008851666708960766,-0.7594771241830065,MODERATE,MONITOR
NG-STU-0339,Civil Engineering,3.9555555555555557,4.32,4.285714285714286,4.30660377358491,0,4.345229337348538,0.0016874100752780296,0.3301587301587299,LOW,ROUTINE
NG-STU-0340,Civil Engineering,3.4782608695652173,3.52,3.3555555555555556,3.49773755656109,0,3.585955590148303,0.006547893118471068,-0.12270531400966167,MODERATE,MONITOR
NG-STU-0341,Civil Engineering,3.6956521739130435,3.784313725490196,4.666666666666667,4.22429906542056,0,4.277142864181673,0.0048950957943023335,0.9710144927536235,LOW,ROUTINE
NG-STU-0342,Civil Engineering,4.022222222222222,3.6,3.9047619047619047,3.89622641509434,0,3.904580175868903,0.0011902217501633767,-0.11746031746031749,LOW,ROUTINE
NG-STU-0343,Civil Engineering,2.7,2.84,2.9361702127659575,3.08810572687225,1,3.115784402226463,0.49281823520451373,0.2361702127659573,HIGH,PRIORITY
NG-STU-0344,Civil Engineering,4.177777777777778,4.58,4.571428571428571,4.61792452830189,0,4.568082743369412,0.0011902217501633767,0.39365079365079314,LOW,ROUTINE
NG-STU-0345,Civil Engineering,3.3404255319148937,2.52,3.46,3.41850220264317,0,3.4106322293337454,0.04346591877396102,0.1195744680851063,MODERATE,MONITOR
NG-STU-0346,Civil Engineering,3.577777777777778,3.38,4.088888888888889,3.91162790697674,0,3.8863720869824325,0.0048950957943023335,0.5111111111111106,LOW,ROUTINE
NG-STU-0347,Civil Engineering,3.25,2.3,2.3870967741935485,2.93625498007968,1,2.8081819902701084,0.9856686341892461,-0.8629032258064515,CRITICAL,URGENT
NG-STU-0348,Civil Engineering,2.723404255319149,2.34,2.3333333333333335,2.61538461538462,1,2.6125958211169786,0.9959233997880864,-0.3900709219858154,CRITICAL,URGENT
NG-STU-0349,Civil Engineering,3.488888888888889,2.74,2.69811320754717,3.32599118942731,0,3.1476126163114047,0.6243419616593718,-0.790775681341719,HIGH,PRIORITY
NG-STU-0350,Civil Engineering,2.795918367346939,2.0961538461538463,0.9861111111111112,1.97142857142857,1,2.056474988977768,0.9975286900717661,-1.8098072562358278,CRITICAL,URGENT
NG-STU-0351,Computer Engineering,2.864864864864865,3.4,3.1538461538461537,3.31336405529954,0,3.40442908294334,0.028251360665751613,0.28898128898128883,MODERATE,MONITOR
NG-STU-0352,Computer Engineering,4.135135135135135,4.511111111111111,4.340425531914893,4.39512195121951,0,4.376932053120041,0.0011902217501633767,0.20529039677975813,LOW,ROUTINE
NG-STU-0353,Computer Engineering,4.405405405405405,4.266666666666667,3.9574468085106385,4.17560975609756,0,4.204038584092928,0.0011902217501633767,-0.4479585968947668,MODERATE,MONITOR
NG-STU-0354,Computer Engineering,3.4324324324324325,3.8222222222222224,4.0638297872340425,3.8252427184466,0,3.8374085973637673,0.006547893118471068,0.6313973548016101,LOW,ROUTINE
NG-STU-0355,Computer Engineering,3.918918918918919,3.488888888888889,3.7962962962962963,3.68036529680365,0,3.783548757477025,0.0016874100752780296,-0.12262262262262258,LOW,ROUTINE
NG-STU-0356,Computer Engineering,3.5405405405405403,3.422222222222222,4.244897959183674,4.09134615384615,0,3.9818641061994975,0.0048950957943023335,0.7043574186431334,LOW,ROUTINE
NG-STU-0357,Computer Engineering,1.8285714285714285,1.9772727272727273,1.6379310344827587,1.91530944625407,1,2.05657696838245,0.9989826688366457,-0.19064039408866984,CRITICAL,URGENT
NG-STU-0358,Computer Engineering,3.972972972972973,3.9555555555555557,4.125,4.21739130434783,0,4.146259964700212,0.0016874100752780296,0.1520270270270272,LOW,ROUTINE
NG-STU-0359,Computer Engineering,3.8333333333333335,3.466666666666667,4.395833333333333,4.10047846889952,0,4.055536386019344,0.0016874100752780296,0.5624999999999996,LOW,ROUTINE
NG-STU-0360,Computer Engineering,4.378378378378378,4.088888888888889,4.145833333333333,4.16990291262136,0,4.260768480116028,0.0011902217501633767,-0.23254504504504503,LOW,ROUTINE
NG-STU-0361,Computer Engineering,3.864864864864865,4.369565217391305,4.375,4.27536231884058,0,4.285653664901701,0.0016874100752780296,0.5101351351351351,LOW,ROUTINE
NG-STU-0362,Computer Engineering,1.9189189189189189,1.4424778761061947,1.6607142857142858,1.83666666666667,1,1.9862745196531506,0.9989826688366457,-0.25820463320463305,CRITICAL,URGENT
NG-STU-0363,Computer Engineering,3.4324324324324325,2.7111111111111112,2.161290322580645,2.78059071729958,1,2.706631837291742,0.9534932760663565,-1.2711421098517874,CRITICAL,URGENT
NG-STU-0364,Computer Engineering,3.72972972972973,3.577777777777778,4.22,4.08133971291866,0,4.013811286025345,0.0029745388042423993,0.4902702702702699,LOW,ROUTINE
NG-STU-0365,Computer Engineering,4.648648648648648,4.733333333333333,4.787234042553192,4.74634146341463,0,4.726652259897198,0.0011902217501633767,0.1385853939045436,LOW,ROUTINE
NG-STU-0366,Computer Engineering,2.4,1.9111111111111112,1.6923076923076923,2.41501976284585,1,2.2253906103748795,0.9982590352963409,-0.7076923076923076,CRITICAL,URGENT
NG-STU-0367,Computer Engineering,4.027027027027027,3.8,3.9361702127659575,4.03414634146341,0,3.943579891268967,0.0011902217501633767,-0.09085681426106973,LOW,ROUTINE
NG-STU-0368,Computer Engineering,3.4054054054054053,2.7555555555555555,2.660377358490566,2.85652173913043,1,3.0667355894537316,0.6901008397108238,-0.7450280469148391,CRITICAL,URGENT
NG-STU-0369,Computer Engineering,3.135135135135135,3.911111111111111,4.468085106382978,4.17560975609756,0,4.094681611442356,0.006782087513989969,1.3329499712478432,LOW,ROUTINE
NG-STU-0370,Computer Engineering,2.973684210526316,2.0408163265306123,1.855072463768116,1.85889570552147,1,2.2806248330611414,0.9973658413951734,-1.1186117467582,CRITICAL,URGENT
NG-STU-0371,Computer Engineering,1.7297297297297298,1.72,1.922077922077922,2.16433566433566,1,2.1670352727884983,0.9989826688366457,0.19234819234819223,CRITICAL,URGENT
NG-STU-0372,Computer Engineering,3.7837837837837838,3.066666666666667,2.938775510204082,2.92765957446808,1,3.2919434751759757,0.10774743054699218,-0.845008273579702,HIGH,PRIORITY
NG-STU-0373,Computer Engineering,3.4054054054054053,2.9555555555555557,3.7884615384615383,3.72511848341232,0,3.5286482848748864,0.014629598944348551,0.38305613305613306,MODERATE,MONITOR
NG-STU-0374,Computer Engineering,2.7027027027027026,3.2666666666666666,2.6470588235294117,3.02262443438914,1,3.1005033873974592,0.5680634135406089,-0.055643879173290944,CRITICAL,URGENT
NG-STU-0375,Computer Engineering,3.0,2.9347826086956523,2.574074074074074,2.9051724137931,1,2.9411767741763075,0.8659098390076676,-0.42592592592592604,CRITICAL,URGENT
NG-STU-0376,Computer Engineering,3.972972972972973,3.9555555555555557,4.520833333333333,4.29951690821256,0,4.302871230890529,0.0016874100752780296,0.5478603603603602,LOW,ROUTINE
NG-STU-0377,Computer Engineering,3.945945945945946,2.7555555555555555,2.2698412698412698,3.13716814159292,0,2.9259164534415243,0.8219049204370582,-1.6761046761046763,CRITICAL,URGENT
NG-STU-0378,Computer Engineering,3.2432432432432434,3.0,2.826923076923077,3.13004484304933,0,3.163680488618315,0.3167313401172205,-0.41632016632016633,HIGH,PRIORITY
NG-STU-0379,Computer Engineering,2.4324324324324325,2.276595744680851,2.435483870967742,2.44223107569721,1,2.5904609462154435,0.9949973900149289,0.0030514385353095363,CRITICAL,URGENT
NG-STU-0380,Computer Engineering,3.4594594594594597,3.2,3.076923076923077,3.32394366197183,0,3.30215985641504,0.05507074553246155,-0.38253638253638256,HIGH,PRIORITY
NG-STU-0381,Computer Engineering,3.324324324324324,3.3333333333333335,3.5208333333333335,3.22477064220183,0,3.5491207510573073,0.006782087513989969,0.19650900900900936,MODERATE,MONITOR
NG-STU-0382,Computer Engineering,3.027027027027027,2.9148936170212765,2.98,3.1324200913242,0,3.1329125148527868,0.23864087387385577,-0.04702702702702721,HIGH,PRIORITY
NG-STU-0383,Computer Engineering,3.135135135135135,3.488888888888889,3.4375,3.54672897196262,0,3.574179715069215,0.006782087513989969,0.3023648648648649,MODERATE,MONITOR
NG-STU-0384,Computer Engineering,4.783783783783784,4.933333333333334,4.872340425531915,4.79611650485437,0,4.784826228632804,0.0011902217501633767,0.08855664174813072,LOW,ROUTINE
NG-STU-0385,Computer Engineering,3.2432432432432434,3.382978723404255,3.2452830188679247,3.55868544600939,0,3.449852734148733,0.013498469870669771,0.0020397756246812726,MODERATE,MONITOR
NG-STU-0386,Computer Engineering,2.972972972972973,2.3043478260869565,2.3333333333333335,2.4734693877551,1,2.570985628989507,0.9956552301340392,-0.6396396396396393,CRITICAL,URGENT
NG-STU-0387,Computer Engineering,2.4054054054054053,1.4444444444444444,1.8225806451612903,2.36015325670498,1,2.204508754075363,0.9982590352963409,-0.582824760244115,CRITICAL,URGENT
NG-STU-0388,Computer Engineering,2.3783783783783785,2.0217391304347827,1.8507462686567164,2.05902777777778,1,2.1843231745809284,0.9982590352963409,-0.5276321097216621,CRITICAL,URGENT
NG-STU-0389,Computer Engineering,4.486486486486487,4.533333333333333,4.574468085106383,4.61165048543689,0,4.557381064365934,0.0011902217501633767,0.08798159861989596,LOW,ROUTINE
NG-STU-0390,Computer Engineering,4.405405405405405,2.6666666666666665,2.28125,2.98333333333333,1,2.9479938149275946,0.8531386374123463,-2.1241554054054053,CRITICAL,URGENT
NG-STU-0391,Computer Engineering,2.2972972972972974,2.466666666666667,3.086206896551724,3.10909090909091,0,3.061407933719673,0.45843260802839336,0.7889095992544268,CRITICAL,URGENT
NG-STU-0392,Computer Engineering,3.810810810810811,3.7555555555555555,3.8958333333333335,4.00966183574879,0,3.8638593919889073,0.0016874100752780296,0.08502252252252251,LOW,ROUTINE
NG-STU-0393,Computer Engineering,3.2162162162162162,3.116279069767442,3.0384615384615383,3.29166666666667,0,3.282893393720719,0.13529979916649054,-0.1777546777546779,HIGH,PRIORITY
NG-STU-0394,Computer Engineering,3.918918918918919,3.977777777777778,4.0638297872340425,3.97572815533981,0,4.082632910660069,0.0016874100752780296,0.14491086831512368,LOW,ROUTINE
NG-STU-0395,Computer Engineering,2.864864864864865,2.5106382978723403,3.48,3.37914691943128,0,3.2670395438135134,0.08804791684807768,0.6151351351351351,HIGH,PRIORITY
NG-STU-0396,Computer Engineering,4.4324324324324325,4.4222222222222225,4.127659574468085,4.24271844660194,0,4.347279138299756,0.0011902217501633767,-0.3047728579643474,MODERATE,MONITOR
NG-STU-0397,Computer Engineering,2.861111111111111,2.877551020408163,3.38,3.12556053811659,0,3.2695794947945727,0.03684495873244813,0.5188888888888887,HIGH,PRIORITY
NG-STU-0398,Computer Engineering,3.0,2.3333333333333335,1.0377358490566038,2.58333333333333,1,2.335473683098056,0.9973658413951734,-1.9622641509433962,CRITICAL,URGENT
NG-STU-0399,Computer Engineering,2.3142857142857145,1.7959183673469388,1.7619047619047619,2.30882352941176,1,2.1843231745809284,0.9982590352963409,-0.5523809523809526,CRITICAL,URGENT
NG-STU-0400,Computer Engineering,3.7027027027027026,3.7111111111111112,3.234042553191489,3.72815533980583,0,3.571174277508462,0.009183076274306982,-0.4686601495112135,MODERATE,MONITOR
NG-STU-0401,Computer Engineering,4.081081081081081,3.933333333333333,3.72,4.04784688995215,0,3.930983093461756,0.0011902217501633767,-0.3610810810810805,MODERATE,MONITOR
NG-STU-0402,Computer Engineering,4.297297297297297,4.488888888888889,3.44,3.97596153846154,0,4.068643587307727,0.0011902217501633767,-0.8572972972972974,MODERATE,MONITOR
NG-STU-0403,Computer Engineering,3.0277777777777777,3.5434782608695654,4.346938775510204,4.02380952380952,0,3.9190685472434286,0.006782087513989969,1.3191609977324266,LOW,ROUTINE
NG-STU-0404,Computer Engineering,3.0,1.5151515151515151,1.0769230769230769,1.96677740863787,1,2.049736859527402,0.9973658413951734,-1.9230769230769231,CRITICAL,URGENT
NG-STU-0405,Computer Engineering,3.4864864864864864,3.1555555555555554,2.641509433962264,3.11059907834101,0,3.1975724928996354,0.4246513655190058,-0.8449770525242224,HIGH,PRIORITY
NG-STU-0406,Computer Engineering,3.7837837837837838,3.2444444444444445,3.018867924528302,3.60829493087558,0,3.3644518018085434,0.04898823405285089,-0.7649158592554817,MODERATE,MONITOR
NG-STU-0407,Computer Engineering,2.4594594594594597,1.6222222222222222,2.0833333333333335,2.40875912408759,1,2.384978715745072,0.9982590352963409,-0.37612612612612617,CRITICAL,URGENT
NG-STU-0408,Computer Engineering,3.0,3.311111111111111,3.3125,3.39712918660287,0,3.4327291969804787,0.016185812270008655,0.3125,MODERATE,MONITOR
NG-STU-0409,Computer Engineering,2.675675675675676,2.739130434782609,3.240740740740741,3.27312775330396,0,3.1764899718234587,0.13339509258091978,0.565065065065065,HIGH,PRIORITY
NG-STU-0410,Computer Engineering,4.351351351351352,4.444444444444445,3.8085106382978724,4.125,0,4.140065529791408,0.0011902217501633767,-0.5428407130534794,MODERATE,MONITOR
NG-STU-0411,Computer Engineering,4.027027027027027,4.622222222222222,4.531914893617022,4.51707317073171,0,4.452902104595421,0.0011902217501633767,0.5048878665899945,LOW,ROUTINE
NG-STU-0412,Computer Engineering,2.891891891891892,2.6956521739130435,3.3076923076923075,3.12903225806452,0,3.1954580886952693,0.057776788104821966,0.4158004158004154,HIGH,PRIORITY
NG-STU-0413,Computer Engineering,2.72972972972973,2.022222222222222,2.3384615384615386,2.59917355371901,1,2.471750541202037,0.9938846624888187,-0.39126819126819123,CRITICAL,URGENT
NG-STU-0414,Computer Engineering,3.4324324324324325,3.6666666666666665,3.8297872340425534,3.65865384615385,0,3.728338692721291,0.006547893118471068,0.39735480161012093,LOW,ROUTINE
NG-STU-0415,Computer Engineering,2.710526315789474,2.3555555555555556,1.5333333333333334,2.2831541218638,1,2.2992326929509703,0.9973211260127482,-1.1771929824561405,CRITICAL,URGENT
NG-STU-0416,Computer Engineering,2.72972972972973,2.2444444444444445,1.5,2.37404580152672,1,2.238525019956401,0.9975286900717661,-1.2297297297297298,CRITICAL,URGENT
NG-STU-0417,Computer Engineering,4.864864864864865,4.866666666666666,4.8936170212765955,4.88292682926829,0,4.801557046334687,0.0011902217501633767,0.028752156411730567,LOW,ROUTINE
NG-STU-0418,Computer Engineering,3.74468085106383,3.314814814814815,4.0638297872340425,3.93665158371041,0,3.847833784374519,0.0029745388042423993,0.31914893617021267,LOW,ROUTINE
NG-STU-0419,Computer Engineering,4.0,3.235294117647059,4.191489361702128,3.81818181818182,0,3.8867454124804652,0.0015627576298455148,0.1914893617021276,LOW,ROUTINE
NG-STU-0420,Computer Engineering,3.425531914893617,2.1724137931034484,2.510204081632653,2.71900826446281,1,2.7461638449666723,0.9696186023422487,-0.9153278332609642,CRITICAL,URGENT
NG-STU-0421,Computer Engineering,3.9361702127659575,2.8392857142857144,3.574468085106383,3.39912280701754,0,3.5297138244601833,0.00626043985251839,-0.36170212765957466,MODERATE,MONITOR
NG-STU-0422,Computer Engineering,3.4893617021276597,2.5517241379310347,3.14,3.1359649122807,0,3.204619244229603,0.061559698023080915,-0.3493617021276596,HIGH,PRIORITY
NG-STU-0423,Computer Engineering,3.6595744680851063,3.25,4.191489361702128,3.68036529680365,0,3.841116793387699,0.0048950957943023335,0.5319148936170213,LOW,ROUTINE
NG-STU-0424,Computer Engineering,3.5531914893617023,2.8035714285714284,3.306122448979592,3.30701754385965,0,3.354154172974429,0.02168399014491769,-0.2470690403821103,MODERATE,MONITOR
NG-STU-0425,Computer Engineering,3.9574468085106385,2.7450980392156863,3.625,3.55506607929515,0,3.545221990592163,0.00626043985251839,-0.33244680851063846,MODERATE,MONITOR
NG-STU-0426,Computer Engineering,3.0,1.7540983606557377,2.8214285714285716,2.7004048582996,1,2.8124502576137203,0.9307273672077887,-0.17857142857142838,CRITICAL,URGENT
NG-STU-0427,Computer Engineering,4.638297872340425,4.244897959183674,4.425531914893617,4.48611111111111,0,4.463241498305045,0.0011902217501633767,-0.21276595744680815,LOW,ROUTINE
NG-STU-0428,Computer Engineering,4.851063829787234,4.530612244897959,4.553191489361702,4.47685185185185,0,4.585598914347798,0.0011902217501633767,-0.2978723404255321,LOW,ROUTINE
NG-STU-0429,Computer Engineering,4.0,3.142857142857143,4.1020408163265305,3.78082191780822,0,3.818914974862147,0.0025840264420554115,0.1020408163265305,LOW,ROUTINE
NG-STU-0430,Computer Engineering,3.234042553191489,2.4393939393939394,3.4893617021276597,3.19491525423729,0,3.3558583782366243,0.04988043879024385,0.2553191489361706,MODERATE,MONITOR
NG-STU-0431,Computer Engineering,2.893617021276596,2.3492063492063493,2.5,2.59770114942529,1,2.715025995369762,0.9850518087542518,-0.3936170212765959,CRITICAL,URGENT
NG-STU-0432,Computer Engineering,4.76595744680851,4.285714285714286,4.25531914893617,4.28703703703704,0,4.434545441508952,0.0011902217501633767,-0.5106382978723403,MODERATE,MONITOR
NG-STU-0433,Computer Engineering,4.0212765957446805,3.1176470588235294,3.7735849056603774,3.65625,0,3.687597636541224,0.0025840264420554115,-0.24769169008430314,LOW,ROUTINE
NG-STU-0434,Computer Engineering,3.574468085106383,2.9215686274509802,3.2962962962962963,3.54424778761062,0,3.4197789277774526,0.01496383804363463,-0.27817178881008653,MODERATE,MONITOR
NG-STU-0435,Computer Engineering,3.5106382978723403,3.25,4.23404255319149,3.70925110132159,0,3.793163277563042,0.0048950957943023335,0.7234042553191493,LOW,ROUTINE
NG-STU-0436,Computer Engineering,3.574468085106383,3.5714285714285716,4.0638297872340425,3.80092592592593,0,3.8692374767051816,0.0048950957943023335,0.4893617021276597,LOW,ROUTINE
NG-STU-0437,Computer Engineering,3.7872340425531914,3.3703703703703702,3.893617021276596,3.84615384615385,0,3.7517588531994264,0.0029745388042423993,0.10638297872340452,LOW,ROUTINE
NG-STU-0438,Computer Engineering,3.9148936170212765,3.0816326530612246,3.021276595744681,3.29166666666667,0,3.3468550417024616,0.046079580616560145,-0.8936170212765955,HIGH,PRIORITY
NG-STU-0439,Computer Engineering,3.234042553191489,2.559322033898305,2.836734693877551,2.69649805447471,1,3.030825082699996,0.5779637504173188,-0.3973078593139383,CRITICAL,URGENT
NG-STU-0440,Computer Engineering,3.978723404255319,4.0588235294117645,3.6530612244897958,4.06363636363636,0,3.919136376321101,0.0015627576298455148,-0.32566217976552325,MODERATE,MONITOR
NG-STU-0441,Computer Engineering,3.4893617021276597,2.2142857142857144,1.8181818181818181,2.2956204379562,1,2.428142348580993,0.9927462059297639,-1.6711798839458416,CRITICAL,URGENT
NG-STU-0442,Computer Engineering,3.425531914893617,2.816326530612245,3.2653061224489797,3.21145374449339,0,3.3136038643619647,0.04691712830234576,-0.16022579244463753,HIGH,PRIORITY
NG-STU-0443,Computer Engineering,4.1063829787234045,2.9464285714285716,3.0,3.18565400843882,0,3.333468425788946,0.046014286592184386,-1.1063829787234045,HIGH,PRIORITY
NG-STU-0444,Computer Engineering,4.595744680851064,4.469387755102041,4.51063829787234,4.62962962962963,0,4.555872359800848,0.0011902217501633767,-0.08510638297872397,LOW,ROUTINE
NG-STU-0445,Computer Engineering,4.48936170212766,3.9183673469387754,4.23404255319149,4.14351851851852,0,4.264630645640012,0.0011902217501633767,-0.25531914893617014,LOW,ROUTINE
NG-STU-0446,Computer Engineering,3.0638297872340425,2.660377358490566,3.122448979591837,2.995670995671,1,3.1693802257913393,0.19533525199235097,0.058619192357794336,HIGH,PRIORITY
NG-STU-0447,Computer Engineering,4.08,4.351351351351352,3.816666666666667,3.95454545454545,0,4.037228220191192,0.0011902217501633767,-0.2633333333333332,LOW,ROUTINE
NG-STU-0448,Computer Engineering,3.3404255319148937,3.122448979591837,3.723404255319149,3.49090909090909,0,3.587319344419438,0.011176031304485069,0.3829787234042552,MODERATE,MONITOR
NG-STU-0449,Computer Engineering,3.723404255319149,3.2115384615384617,3.8085106382978724,3.71232876712329,0,3.646172401026634,0.0046038672503413555,0.08510638297872353,LOW,ROUTINE
NG-STU-0450,Computer Engineering,3.8085106382978724,2.759259259259259,3.30188679245283,3.31304347826087,0,3.3959193897025894,0.007558346290236591,-0.5066238458450423,MODERATE,MONITOR
NG-STU-0451,Computer Engineering,3.6382978723404253,2.064516129032258,2.383720930232558,2.70703125,1,2.6516316881978312,0.9802164087369717,-1.2545769421078674,CRITICAL,URGENT
NG-STU-0452,Computer Engineering,3.1702127659574466,2.75,2.456140350877193,2.74898785425101,1,2.9171982381609376,0.8891667293290052,-0.7140724150802535,CRITICAL,URGENT
NG-STU-0453,Computer Engineering,3.9574468085106385,3.5510204081632653,4.0212765957446805,3.90740740740741,0,3.9148660957979478,0.0016874100752780296,0.06382978723404209,LOW,ROUTINE
NG-STU-0454,Computer Engineering,4.425531914893617,3.489795918367347,3.5098039215686274,3.59471365638767,0,3.7865593434523572,0.0011902217501633767,-0.9157279933249898,MODERATE,MONITOR
NG-STU-0455,Computer Engineering,3.6595744680851063,3.306122448979592,3.4893617021276597,3.47963800904977,0,3.6037704240863273,0.0048950957943023335,-0.1702127659574466,LOW,ROUTINE
NG-STU-0456,Computer Engineering,3.978723404255319,3.795918367346939,3.7872340425531914,3.72935779816514,0,3.85332253471294,0.0015627576298455148,-0.1914893617021276,LOW,ROUTINE
NG-STU-0457,Computer Engineering,4.617021276595745,4.3061224489795915,4.531914893617022,4.54166666666667,0,4.503905394827838,0.0011902217501633767,-0.08510638297872308,LOW,ROUTINE
NG-STU-0458,Computer Engineering,4.25531914893617,3.816326530612245,4.148936170212766,4.06392694063927,0,4.1114445992871165,0.0011902217501633767,-0.10638297872340452,LOW,ROUTINE
NG-STU-0459,Computer Engineering,4.043478260869565,3.56,4.020408163265306,3.84090909090909,0,3.9292594200362467,0.0011902217501633767,-0.023070097604259487,LOW,ROUTINE
NG-STU-0460,Computer Engineering,3.5319148936170213,2.4827586206896552,2.8823529411764706,3.05907172995781,1,3.099845100221156,0.5326661833265379,-0.6495619524405507,CRITICAL,URGENT
NG-STU-0461,Computer Engineering,4.1063829787234045,3.795918367346939,4.0638297872340425,4.10648148148148,0,4.008202056865672,0.0011902217501633767,-0.042553191489361986,LOW,ROUTINE
NG-STU-0462,Computer Engineering,3.6808510638297873,2.6964285714285716,1.6842105263157894,2.35763888888889,1,2.6183033116028733,0.9568799563710555,-1.996640537513998,CRITICAL,URGENT
NG-STU-0463,Computer Engineering,3.977777777777778,3.4081632653061225,3.8297872340425534,3.76168224299065,0,3.783548757477025,0.0016874100752780296,-0.14799054373522447,LOW,ROUTINE
NG-STU-0464,Computer Engineering,3.8666666666666667,2.8363636363636364,2.23728813559322,3.05603448275862,1,2.9344158677808014,0.8311616725041626,-1.6293785310734465,CRITICAL,URGENT
NG-STU-0465,Computer Engineering,4.133333333333334,3.3846153846153846,3.6595744680851063,3.91244239631336,0,3.7533281023261353,0.0011902217501633767,-0.4737588652482274,MODERATE,MONITOR
NG-STU-0466,Computer Engineering,4.377777777777778,2.789473684210526,1.9365079365079365,2.74820143884892,1,2.8903056117436403,0.8431532622272665,-2.4412698412698415,CRITICAL,URGENT
NG-STU-0467,Computer Engineering,3.688888888888889,2.581818181818182,3.215686274509804,3.21367521367521,0,3.2386284637437384,0.061559698023080915,-0.47320261437908506,HIGH,PRIORITY
NG-STU-0468,Computer Engineering,4.288888888888889,3.857142857142857,4.148936170212766,4.09345794392523,0,4.134590828964679,0.0011902217501633767,-0.13995271867612313,LOW,ROUTINE
NG-STU-0469,Computer Engineering,3.8222222222222224,2.5918367346938775,2.392857142857143,2.70656370656371,1,2.934581184403984,0.8313298817538253,-1.4293650793650796,CRITICAL,URGENT
NG-STU-0470,Computer Engineering,4.844444444444444,4.428571428571429,4.48936170212766,4.62616822429907,0,4.557792143538279,0.0011902217501633767,-0.3550827423167844,MODERATE,MONITOR
NG-STU-0471,Computer Engineering,4.088888888888889,3.204081632653061,2.830188679245283,3.44394618834081,0,3.3746617330251576,0.056107368603155426,-1.2587002096436057,MODERATE,MONITOR
NG-STU-0472,Computer Engineering,4.177777777777778,3.196078431372549,2.9183673469387754,3.48181818181818,0,3.4078887247470173,0.034229174182201574,-1.2594104308390026,MODERATE,MONITOR
NG-STU-0473,Computer Engineering,3.7555555555555555,3.2745098039215685,3.52,3.56561085972851,0,3.631436276397932,0.0029745388042423993,-0.23555555555555552,LOW,ROUTINE
NG-STU-0474,Computer Engineering,3.2,2.56140350877193,2.35,2.88,1,2.7287734859592088,0.9521790055329596,-0.8500000000000001,CRITICAL,URGENT
NG-STU-0475,Computer Engineering,4.111111111111111,2.7115384615384617,2.62,3.08,1,3.0690546879156155,0.42958140526779887,-1.4911111111111106,CRITICAL,URGENT
NG-STU-0476,Computer Engineering,3.888888888888889,2.581818181818182,2.1052631578947367,2.71887550200803,1,2.844586437909673,0.9315732972719835,-1.7836257309941521,CRITICAL,URGENT
NG-STU-0477,Computer Engineering,4.022222222222222,3.4705882352941178,3.2653061224489797,3.59090909090909,0,3.63442305158887,0.0023821945181687833,-0.7569160997732425,MODERATE,MONITOR
NG-STU-0478,Computer Engineering,4.622222222222222,3.938775510204082,3.8085106382978724,3.99082568807339,0,4.047871463287347,0.0011902217501633767,-0.8137115839243494,MODERATE,MONITOR
NG-STU-0479,Computer Engineering,4.377777777777778,3.7058823529411766,4.387755102040816,4.31651376146789,0,4.215113128801215,0.0011902217501633767,0.009977324263037879,LOW,ROUTINE
NG-STU-0480,Computer Engineering,3.422222222222222,2.9285714285714284,3.404255319148936,3.47511312217195,0,3.4014243052648743,0.0165581680888834,-0.017966903073285856,MODERATE,MONITOR
NG-STU-0481,Computer Engineering,4.534883720930233,4.591836734693878,4.836734693877551,4.67289719626168,0,4.7007799801608465,0.0011902217501633767,0.3018509729473182,LOW,ROUTINE
NG-STU-0482,Computer Engineering,4.4222222222222225,3.938775510204082,4.446808510638298,4.38785046728972,0,4.3564214025282695,0.0011902217501633767,0.02458628841607524,LOW,ROUTINE
NG-STU-0483,Computer Engineering,4.022222222222222,2.7884615384615383,2.1132075471698113,2.90944881889764,1,2.9520298085379806,0.8431532622272665,-1.9090146750524108,CRITICAL,URGENT
NG-STU-0484,Computer Engineering,4.7555555555555555,4.530612244897959,4.382978723404255,4.46261682242991,0,4.486512406481962,0.0011902217501633767,-0.37257683215130033,MODERATE,MONITOR
NG-STU-0485,Computer Engineering,4.733333333333333,3.9183673469387754,4.170212765957447,4.1214953271028,0,4.251257078598268,0.0011902217501633767,-0.5631205673758863,MODERATE,MONITOR
NG-STU-0486,Computer Engineering,4.688888888888889,4.020408163265306,4.127659574468085,4.45794392523364,0,4.295151741307463,0.0011902217501633767,-0.561229314420804,MODERATE,MONITOR
NG-STU-0487,Computer Engineering,4.066666666666666,2.7818181818181817,2.9649122807017543,3.21702127659574,0,3.2819430354024783,0.0739101153370313,-1.1017543859649122,HIGH,PRIORITY
NG-STU-0488,Computer Engineering,4.333333333333333,3.382978723404255,2.1538461538461537,3.36206896551724,0,3.3003045194176583,0.498626602936647,-2.1794871794871793,HIGH,PRIORITY
NG-STU-0489,Computer Engineering,3.6666666666666665,2.4285714285714284,2.5517241379310347,2.84210526315789,1,2.914528476288466,0.888479135220263,-1.1149425287356318,CRITICAL,URGENT
NG-STU-0490,Computer Engineering,3.9555555555555557,3.204081632653061,2.2244897959183674,2.94514767932489,1,3.077472312526399,0.6861446111030024,-1.7310657596371883,CRITICAL,URGENT
NG-STU-0491,Computer Engineering,4.733333333333333,4.326530612244898,4.361702127659575,4.45794392523364,0,4.434545441508952,0.0011902217501633767,-0.37163120567375874,MODERATE,MONITOR
NG-STU-0492,Computer Engineering,3.4,2.918032786885246,2.607142857142857,3.08510638297872,1,2.975763008054301,0.780062148342932,-0.7928571428571427,CRITICAL,URGENT
NG-STU-0493,Computer Engineering,4.4,3.4489795918367347,3.58,3.74311926605505,0,3.8676449306151257,0.0011902217501633767,-0.8200000000000003,MODERATE,MONITOR
NG-STU-0494,Computer Engineering,4.377777777777778,3.358490566037736,3.2653061224489797,3.6981981981982,0,3.6590509383393006,0.0023821945181687833,-1.1124716553287985,MODERATE,MONITOR
NG-STU-0495,Computer Engineering,3.6,2.849056603773585,3.1914893617021276,3.33181818181818,0,3.3284578936148668,0.029777602903580815,-0.4085106382978725,HIGH,PRIORITY
NG-STU-0496,Computer Engineering,4.866666666666666,4.612244897959184,4.638297872340425,4.74766355140187,0,4.674983719542896,0.0011902217501633767,-0.2283687943262409,LOW,ROUTINE
NG-STU-0497,Computer Engineering,3.9555555555555557,3.2857142857142856,3.234042553191489,3.48611111111111,0,3.522665124592909,0.0033756198259051818,-0.7215130023640666,MODERATE,MONITOR
NG-STU-0498,Computer Engineering,3.911111111111111,3.1785714285714284,4.297872340425532,3.875,0,3.9118284368503606,0.002789912170588388,0.38676122931442114,LOW,ROUTINE
NG-STU-0499,Computer Engineering,3.933333333333333,2.6271186440677967,2.2857142857142856,2.64772727272727,1,2.8897321068453943,0.8917735225800778,-1.6476190476190475,CRITICAL,URGENT
NG-STU-0500,Computer Engineering,4.555555555555555,3.63265306122449,3.5531914893617023,3.82242990654206,0,3.8415867154999224,0.0011902217501633767,-1.002364066193853,MODERATE,MONITOR
NG-STU-0501,Computer Engineering,4.711111111111111,4.571428571428571,4.51063829787234,4.64485981308411,0,4.592403535218154,0.0011902217501633767,-0.20047281323877097,LOW,ROUTINE
NG-STU-0502,Computer Engineering,4.355555555555555,3.673469387755102,3.276595744680851,3.83177570093458,0,3.75318871034762,0.001438498616926138,-1.078959810874704,MODERATE,MONITOR
NG-STU-0503,Computer Engineering,3.022222222222222,2.690909090909091,1.8113207547169812,2.40569395017794,1,2.4963263139229013,0.9821425940451399,-1.210901467505241,CRITICAL,URGENT
NG-STU-0504,Computer Engineering,4.177777777777778,3.0925925925925926,2.8653846153846154,3.21397379912664,0,3.3433055897160906,0.056107368603155426,-1.3123931623931626,HIGH,PRIORITY
NG-STU-0505,Computer Engineering,3.369565217391304,2.169491525423729,1.4179104477611941,2.15824915824916,1,2.2111275299259914,0.9945762116292705,-1.95165476963011,CRITICAL,URGENT
NG-STU-0506,Computer Engineering,3.8,3.018867924528302,3.3617021276595747,3.69369369369369,0,3.483739830605499,0.0037929921466292225,-0.43829787234042517,MODERATE,MONITOR
NG-STU-0507,Computer Engineering,3.6,3.0,3.9361702127659575,3.72972972972973,0,3.6185403650497365,0.010959348367447252,0.3361702127659574,LOW,ROUTINE
NG-STU-0508,Computer Engineering,4.377777777777778,3.3962264150943398,2.5,4.0,0,3.370543499722771,0.20065314984640242,-1.8777777777777782,MODERATE,MONITOR
NG-STU-0509,Computer Engineering,3.8222222222222224,2.9166666666666665,2.6382978723404253,3.2262443438914,0,3.2300377797472177,0.28130013800159664,-1.183924349881797,HIGH,PRIORITY
NG-STU-0510,Computer Engineering,4.333333333333333,3.510204081632653,3.75,3.71818181818182,0,3.8716395131080215,0.0011902217501633767,-0.583333333333333,MODERATE,MONITOR
NG-STU-0511,Computer Engineering,3.6444444444444444,2.5918367346938775,2.1864406779661016,2.97863247863248,1,2.770488109908211,0.964690070663306,-1.4580037664783427,CRITICAL,URGENT
NG-STU-0512,Computer Engineering,3.5238095238095237,3.0714285714285716,3.1176470588235294,3.44298245614035,0,3.3573845052455016,0.0453478592491083,-0.4061624649859943,MODERATE,MONITOR
NG-STU-0513,Computer Engineering,3.5,3.1132075471698113,3.5416666666666665,3.56053811659193,0,3.551773021445024,0.00807644630202461,0.04166666666666652,MODERATE,MONITOR
NG-STU-0514,Computer Engineering,4.086956521739131,2.35,1.7538461538461538,2.68560606060606,1,2.7034524369295365,0.9707201882865717,-2.333110367892977,CRITICAL,URGENT
NG-STU-0515,Computer Engineering,3.760869565217391,2.6296296296296298,2.5606060606060606,2.95219123505976,1,2.9873399975357917,0.8070331174243248,-1.2002635046113306,CRITICAL,URGENT
NG-STU-0516,Computer Engineering,3.891304347826087,3.5918367346938775,3.891304347826087,3.7887323943662,0,3.825919641435733,0.0016874100752780296,0.0,LOW,ROUTINE
NG-STU-0517,Computer Engineering,3.4565217391304346,3.0625,3.0625,3.04366812227074,1,3.2242223341761678,0.17049605391328565,-0.3940217391304346,HIGH,PRIORITY
NG-STU-0518,Computer Engineering,2.9347826086956523,2.5789473684210527,2.298507462686567,2.68965517241379,1,2.620272266413207,0.9851507726224379,-0.6362751460090852,CRITICAL,URGENT
NG-STU-0519,Computer Engineering,3.9130434782608696,3.4038461538461537,3.795918367346939,3.75342465753425,0,3.783548757477025,0.0016874100752780296,-0.11712511091393063,LOW,ROUTINE
NG-STU-0520,Computer Engineering,4.108695652173913,4.224489795918367,4.5,4.29107981220657,0,4.359982059485693,0.0011902217501633767,0.3913043478260869,LOW,ROUTINE
NG-STU-0521,Computer Engineering,2.276595744680851,1.7936507936507937,1.2222222222222223,1.88269794721408,1,1.9715481280538223,0.9982590352963409,-1.0543735224586288,CRITICAL,URGENT
NG-STU-0522,Computer Engineering,3.5,3.235294117647059,2.3461538461538463,3.20796460176991,0,2.9865031976689957,0.6830909605579824,-1.1538461538461537,CRITICAL,URGENT
NG-STU-0523,Computer Engineering,4.369565217391305,4.183673469387755,3.765957446808511,4.16355140186916,0,4.06759094149529,0.0011902217501633767,-0.6036077705827938,MODERATE,MONITOR
NG-STU-0524,Computer Engineering,3.652173913043478,3.0980392156862746,3.391304347826087,3.55348837209302,0,3.4833888945293787,0.00807644630202461,-0.26086956521739113,MODERATE,MONITOR
NG-STU-0525,Computer Engineering,3.608695652173913,3.547169811320755,3.9347826086956523,3.74654377880184,0,3.8137841707019864,0.0048950957943023335,0.32608695652173925,LOW,ROUTINE
NG-STU-0526,Computer Engineering,2.9347826086956523,2.4166666666666665,1.7941176470588236,2.60294117647059,1,2.4256506828928983,0.9921654993934972,-1.1406649616368287,CRITICAL,URGENT
NG-STU-0527,Computer Engineering,3.3260869565217392,2.225806451612903,1.7878787878787878,2.33935018050542,1,2.4075018950661087,0.9947637494475591,-1.5382081686429514,CRITICAL,URGENT
NG-STU-0528,Computer Engineering,4.369565217391305,4.285714285714286,3.84,4.28899082568807,0,4.16341695892103,0.0011902217501633767,-0.5295652173913048,MODERATE,MONITOR
NG-STU-0529,Computer Engineering,3.5217391304347827,3.0925925925925926,2.413793103448276,2.97083333333333,1,2.98664395904219,0.7810735473384054,-1.107946026986507,CRITICAL,URGENT
NG-STU-0530,Computer Engineering,4.217391304347826,3.9183673469387754,4.173913043478261,4.21596244131455,0,4.165542974204124,0.0011902217501633767,-0.04347826086956541,LOW,ROUTINE
NG-STU-0531,Computer Engineering,3.369565217391304,3.0784313725490198,3.0652173913043477,3.26027397260274,0,3.2434887968704884,0.05983794579730084,-0.30434782608695654,HIGH,PRIORITY
NG-STU-0532,Computer Engineering,3.782608695652174,3.5510204081632653,3.5217391304347827,3.69907407407407,0,3.709399214206565,0.0029745388042423993,-0.26086956521739113,LOW,ROUTINE
NG-STU-0533,Computer Engineering,4.3478260869565215,3.673469387755102,4.108695652173913,4.2018779342723,0,4.109885279094817,0.0011902217501633767,-0.23913043478260843,LOW,ROUTINE
NG-STU-0534,Computer Engineering,4.355555555555555,3.0727272727272728,3.6595744680851063,3.71428571428571,0,3.6848381366096277,0.002149377528861543,-0.6959810874704488,MODERATE,MONITOR
NG-STU-0535,Computer Engineering,4.333333333333333,3.5714285714285716,4.361702127659575,4.15277777777778,0,4.141860287910014,0.0011902217501633767,0.02836879432624162,LOW,ROUTINE
NG-STU-0536,Computer Engineering,2.977777777777778,2.180327868852459,3.8,3.14529914529915,0,3.334938739784969,0.23828525661086186,0.822222222222222,HIGH,PRIORITY
NG-STU-0537,Computer Engineering,3.088888888888889,3.0727272727272728,3.8,3.35111111111111,0,3.5147061718992068,0.012192513193345904,0.7111111111111108,MODERATE,MONITOR
NG-STU-0538,Computer Engineering,4.6,4.26530612244898,4.76595744680851,4.65740740740741,0,4.632351136641675,0.0011902217501633767,0.16595744680851077,LOW,ROUTINE
NG-STU-0539,Computer Engineering,3.8,3.3877551020408165,4.404255319148936,3.95833333333333,0,4.015969976273525,0.0016874100752780296,0.6042553191489359,LOW,ROUTINE
NG-STU-0540,Computer Engineering,3.8666666666666667,2.9183673469387754,3.297872340425532,3.44292237442922,0,3.448436345746755,0.0051926799802214565,-0.5687943262411346,MODERATE,MONITOR
NG-STU-0541,Computer Engineering,3.9555555555555557,3.326530612244898,3.872340425531915,3.65277777777778,0,3.769721619980588,0.0016874100752780296,-0.08321513002364078,LOW,ROUTINE
NG-STU-0542,Computer Engineering,3.933333333333333,3.3333333333333335,3.6595744680851063,3.68807339449541,0,3.702300016816716,0.0016874100752780296,-0.2737588652482268,LOW,ROUTINE
NG-STU-0543,Computer Engineering,4.6,4.0,4.425531914893617,4.2962962962963,0,4.4008910342848075,0.0011902217501633767,-0.17446808510638245,LOW,ROUTINE
NG-STU-0544,Computer Engineering,3.933333333333333,3.0392156862745097,4.26530612244898,3.74090909090909,0,3.78324934418584,0.0037929921466292225,0.33197278911564654,LOW,ROUTINE
NG-STU-0545,Computer Engineering,4.6,3.36734693877551,4.03921568627451,4.08968609865471,0,4.00448025107275,0.0011902217501633767,-0.56078431372549,MODERATE,MONITOR
NG-STU-0546,Computer Engineering,4.288888888888889,3.6792452830188678,4.574468085106383,4.2,0,4.292180434351476,0.0011902217501633767,0.28557919621749406,LOW,ROUTINE
NG-STU-0547,Computer Engineering,4.444444444444445,3.6122448979591835,4.276595744680851,4.18518518518519,0,4.181864915996072,0.0011902217501633767,-0.16784869976359396,LOW,ROUTINE
NG-STU-0548,Computer Engineering,3.977777777777778,3.196078431372549,4.387755102040816,3.84545454545455,0,3.9118284368503606,0.002789912170588388,0.40997732426303823,LOW,ROUTINE
NG-STU-0549,Computer Engineering,3.8222222222222224,2.980392156862745,3.8297872340425534,3.38181818181818,0,3.6289265769966725,0.0037929921466292225,0.00756501182033098,LOW,ROUTINE
NG-STU-0550,Computer Engineering,4.2444444444444445,3.3877551020408165,4.583333333333333,4.15207373271889,0,4.202362334343203,0.0011902217501633767,0.3388888888888886,LOW,ROUTINE
NG-STU-0551,Computer Engineering,4.488888888888889,3.857142857142857,4.468085106382978,4.34259259259259,0,4.302323027611263,0.0011902217501633767,-0.02080378250591064,LOW,ROUTINE
NG-STU-0552,Computer Engineering,3.466666666666667,2.5344827586206895,3.48,3.42857142857143,0,3.3558583782366243,0.0420185735704,0.013333333333333197,MODERATE,MONITOR
NG-STU-0553,Computer Engineering,3.3555555555555556,2.3469387755102042,3.851063829787234,3.42035398230089,0,3.431839616773682,0.13157145124320993,0.4955082742316783,MODERATE,MONITOR
NG-STU-0554,Computer Engineering,4.7555555555555555,3.8979591836734695,4.872340425531915,4.5,0,4.536314086602421,0.0011902217501633767,0.1167848699763594,LOW,ROUTINE
NG-STU-0555,Computer Engineering,3.0444444444444443,2.4464285714285716,2.7,2.8155737704918,1,2.92566134006278,0.8263572997195764,-0.3444444444444441,CRITICAL,URGENT
NG-STU-0556,Computer Engineering,3.6,3.2941176470588234,4.042553191489362,3.59090909090909,0,3.8201679320629145,0.0048950957943023335,0.4425531914893619,LOW,ROUTINE
NG-STU-0557,Computer Engineering,4.333333333333333,3.56,3.727272727272727,3.76497695852535,0,3.8716395131080215,0.0011902217501633767,-0.606060606060606,MODERATE,MONITOR
NG-STU-0558,Computer Engineering,4.555555555555555,4.061224489795919,4.680851063829787,4.51851851851852,0,4.523107716406269,0.0011902217501633767,0.12529550827423197,LOW,ROUTINE
NG-STU-0559,Computer Engineering,4.355555555555555,3.306122448979592,4.404255319148936,4.12962962962963,0,4.092790743267748,0.0011902217501633767,0.048699763593380574,LOW,ROUTINE
NG-STU-0560,Computer Engineering,4.0,3.176470588235294,3.8297872340425534,3.51376146788991,0,3.687597636541224,0.0025840264420554115,-0.1702127659574466,LOW,ROUTINE
NG-STU-0561,Computer Engineering,3.7111111111111112,2.9411764705882355,3.851063829787234,3.49082568807339,0,3.6167735113094097,0.010311071927420166,0.1399527186761227,LOW,ROUTINE
NG-STU-0562,Computer Engineering,3.977777777777778,3.204081632653061,4.042553191489362,3.83796296296296,0,3.818914974862147,0.002789912170588388,0.06477541371158413,LOW,ROUTINE
NG-STU-0563,Computer Engineering,4.155555555555556,3.3962264150943398,3.893617021276596,3.82727272727273,0,3.8581025878681836,0.0011902217501633767,-0.26193853427895997,LOW,ROUTINE
NG-STU-0564,Computer Engineering,4.177777777777778,3.8627450980392157,4.446808510638298,4.22018348623853,0,4.281224310357783,0.0011902217501633767,0.2690307328605197,LOW,ROUTINE
NG-STU-0565,Computer Engineering,4.466666666666667,3.8823529411764706,4.468085106382978,4.30275229357798,0,4.3564214025282695,0.0011902217501633767,0.0014184397163115037,LOW,ROUTINE
NG-STU-0566,Computer Engineering,4.266666666666667,3.489795918367347,4.170212765957447,4.13888888888889,0,4.0416708220512,0.0011902217501633767,-0.09645390070921955,LOW,ROUTINE
NG-STU-0567,Computer Engineering,3.6444444444444444,2.982456140350877,3.625,3.48908296943231,0,3.551118761885865,0.010959348367447252,-0.019444444444444375,MODERATE,MONITOR
NG-STU-0568,Computer Engineering,3.7111111111111112,3.5510204081632653,4.0638297872340425,3.76388888888889,0,3.8692374767051816,0.0046038672503413555,0.3527186761229313,LOW,ROUTINE
NG-STU-0569,Computer Engineering,3.7777777777777777,2.5714285714285716,3.857142857142857,3.59555555555556,0,3.5567296266384165,0.019467270079489084,0.07936507936507953,MODERATE,MONITOR
NG-STU-0570,Computer Engineering,4.288888888888889,3.7551020408163267,4.468085106382978,4.30555555555556,0,4.249432864216255,0.0011902217501633767,0.17919621749408954,LOW,ROUTINE
NG-STU-0571,Computer Engineering,3.933333333333333,3.3846153846153846,4.191489361702128,3.80821917808219,0,3.956889506873433,0.0016874100752780296,0.2581560283687945,LOW,ROUTINE
NG-STU-0572,Computer Engineering,3.466666666666667,3.489795918367347,4.326530612244898,3.8348623853211,0,3.933010660219108,0.006547893118471068,0.8598639455782315,LOW,ROUTINE
NG-STU-0573,Computer Engineering,3.3555555555555556,2.754385964912281,4.1063829787234045,3.4025974025974,0,3.5455711739589972,0.023976894050720732,0.7508274231678489,MODERATE,MONITOR
NG-STU-0574,Computer Engineering,3.577777777777778,3.2745098039215685,3.836734693877551,3.7847533632287,0,3.722326147147495,0.0048950957943023335,0.2589569160997729,LOW,ROUTINE
NG-STU-0575,Computer Engineering,3.8444444444444446,2.8823529411764706,3.7551020408163267,3.63800904977376,0,3.585900600949482,0.004436977470151742,-0.08934240362811785,MODERATE,MONITOR
NG-STU-0576,Computer Engineering,4.044444444444444,3.0408163265306123,3.204081632653061,3.24774774774775,0,3.4315058129931226,0.005350095516225022,-0.8403628117913833,MODERATE,MONITOR
NG-STU-0577,Computer Engineering,4.555555555555555,4.1020408163265305,4.361702127659575,4.26388888888889,0,4.352125680617569,0.0011902217501633767,-0.1938534278959807,LOW,ROUTINE
NG-STU-0578,Computer Engineering,3.1777777777777776,2.6724137931034484,3.784313725490196,3.36909871244635,0,3.4409385478922885,0.04346591877396102,0.6065359477124184,MODERATE,MONITOR
NG-STU-0579,Computer Engineering,4.044444444444444,3.730769230769231,4.702127659574468,4.36073059360731,0,4.291054814842391,0.0011902217501633767,0.6576832151300236,LOW,ROUTINE
NG-STU-0580,Computer Engineering,3.2954545454545454,2.389830508474576,2.1020408163265305,2.65714285714286,1,2.6121995309323207,0.9874122830460009,-1.193413729128015,CRITICAL,URGENT
NG-STU-0581,Computer Engineering,3.25,2.759259259259259,3.204081632653061,3.2618025751073,0,3.2653088062465696,0.04852465921051069,-0.04591836734693899,HIGH,PRIORITY
NG-STU-0582,Computer Engineering,2.4545454545454546,2.3,2.9215686274509802,2.74524714828897,1,2.9221079797535428,0.8948786004447258,0.46702317290552564,CRITICAL,URGENT
NG-STU-0583,Computer Engineering,4.704545454545454,4.782608695652174,4.959183673469388,4.82547169811321,0,4.7714260803264406,0.0011902217501633767,0.254638218923934,LOW,ROUTINE
NG-STU-0584,Computer Engineering,3.727272727272727,3.739130434782609,3.857142857142857,3.87264150943396,0,3.842525369389776,0.0029745388042423993,0.12987012987013014,LOW,ROUTINE
NG-STU-0585,Computer Engineering,4.159090909090909,4.630434782608695,4.755102040816326,4.60377358490566,0,4.613226932853337,0.0011902217501633767,0.5960111317254171,LOW,ROUTINE
NG-STU-0586,Computer Engineering,3.659090909090909,3.25,3.877551020408163,3.64018691588785,0,3.6814148081724642,0.0048950957943023335,0.21846011131725396,LOW,ROUTINE
NG-STU-0587,Computer Engineering,2.3863636363636362,1.8208955223880596,2.169811320754717,2.21305841924399,1,2.324592489578067,0.997477167732787,-0.21655231560891908,CRITICAL,URGENT
NG-STU-0588,Computer Engineering,4.431818181818182,4.739130434782608,4.26530612244898,4.51415094339623,0,4.49446330357304,0.0011902217501633767,-0.166512059369202,LOW,ROUTINE
NG-STU-0589,Computer Engineering,2.5454545454545454,3.5576923076923075,3.1538461538461537,3.17543859649123,0,3.40147473202208,0.03966112596585589,0.6083916083916083,MODERATE,MONITOR
NG-STU-0590,Computer Engineering,4.0227272727272725,3.14,3.8979591836734695,3.76388888888889,0,3.737233367925353,0.001968516760555075,-0.12476808905380299,LOW,ROUTINE
NG-STU-0591,Computer Engineering,3.6136363636363638,2.032258064516129,3.0588235294117645,2.92,1,2.993898079650808,0.6101988245949775,-0.5548128342245993,CRITICAL,URGENT
NG-STU-0592,Computer Engineering,3.6136363636363638,4.270833333333333,4.836734693877551,4.41588785046729,0,4.396199283082866,0.0048950957943023335,1.223098330241187,LOW,ROUTINE
NG-STU-0593,Computer Engineering,4.0227272727272725,4.456521739130435,4.755102040816326,4.54716981132075,0,4.537388061832883,0.0011902217501633767,0.7323747680890538,LOW,ROUTINE
NG-STU-0594,Computer Engineering,2.840909090909091,3.066666666666667,3.4285714285714284,3.31018518518519,0,3.3343970110948247,0.031646782150277594,0.5876623376623376,HIGH,PRIORITY
NG-STU-0595,Computer Engineering,3.7954545454545454,2.980392156862745,2.5918367346938775,3.12227074235808,0,3.0750497345183896,0.44507446430073305,-1.2036178107606679,CRITICAL,URGENT
NG-STU-0596,Computer Engineering,4.613636363636363,4.608695652173913,4.326530612244898,4.5188679245283,0,4.5045854377021755,0.0011902217501633767,-0.287105751391465,LOW,ROUTINE
NG-STU-0597,Computer Engineering,4.181818181818182,4.391304347826087,4.36734693877551,4.09302325581395,0,4.324965088147031,0.0011902217501633767,0.1855287569573285,LOW,ROUTINE
NG-STU-0598,Computer Engineering,3.909090909090909,2.9038461538461537,3.32,3.01626016260163,1,3.422381570823028,0.005358884627264628,-0.5890909090909093,MODERATE,MONITOR
NG-STU-0599,Computer Engineering,4.318181818181818,4.369565217391305,4.469387755102041,4.23584905660377,0,4.434481915732557,0.0011902217501633767,0.15120593692022233,LOW,ROUTINE
NG-STU-0600,Computer Engineering,1.9090909090909092,2.9322033898305087,2.1176470588235294,2.62878787878788,1,2.6252936822816855,0.9909195627756183,0.20855614973262027,CRITICAL,URGENT
NG-STU-0601,Computer Engineering,2.909090909090909,3.38,3.926829268292683,3.43805309734513,0,3.6110365859932103,0.013426454670075343,1.0177383592017737,LOW,ROUTINE
NG-STU-0602,Computer Engineering,4.0,3.6666666666666665,4.163265306122449,4.02803738317757,0,4.023561377204144,0.0015627576298455148,0.16326530612244916,LOW,ROUTINE
NG-STU-0603,Computer Engineering,3.522727272727273,4.108695652173913,4.510204081632653,4.32075471698113,0,4.229198951070684,0.0048950957943023335,0.9874768089053805,LOW,ROUTINE
NG-STU-0604,Computer Engineering,4.318181818181818,3.851063829787234,3.673469387755102,3.90610328638498,0,3.9414132903439367,0.0011902217501633767,-0.6447124304267162,MODERATE,MONITOR
NG-STU-0605,Computer Engineering,2.697674418604651,2.0634920634920637,2.450980392156863,2.69721115537849,1,2.6124293776091596,0.9905771591234974,-0.24669402644778815,CRITICAL,URGENT
NG-STU-0606,Computer Engineering,4.931818181818182,4.913043478260869,4.979591836734694,4.88207547169811,0,4.815607479702722,0.0011902217501633767,0.04777365491651242,LOW,ROUTINE
NG-STU-0607,Computer Engineering,4.181818181818182,4.291666666666667,4.020408163265306,4.03271028037383,0,4.184294797925637,0.0011902217501633767,-0.16141001855287573,LOW,ROUTINE
NG-STU-0608,Computer Engineering,3.272727272727273,3.6666666666666665,4.081632653061225,3.83181818181818,0,3.8374085973637673,0.006782087513989969,0.8089053803339517,LOW,ROUTINE
NG-STU-0609,Computer Engineering,2.4,2.2758620689655173,1.8067226890756303,2.4,1,2.3058446162008237,0.9982590352963409,-0.5932773109243696,CRITICAL,URGENT
NG-STU-0610,Computer Engineering,2.6363636363636362,2.88,3.549019607843137,3.26126126126126,0,3.3406166979152863,0.05154130343250796,0.9126559714795008,HIGH,PRIORITY
NG-STU-0611,Computer Engineering,3.7954545454545454,3.196078431372549,2.857142857142857,3.38636363636364,0,3.304667073503491,0.07775900942401416,-0.9383116883116882,HIGH,PRIORITY
NG-STU-0612,Computer Engineering,3.25,1.901639344262295,2.2115384615384617,2.52918287937743,1,2.570812587047434,0.9924240613214285,-1.0384615384615383,CRITICAL,URGENT
NG-STU-0613,Computer Engineering,4.613636363636363,4.8478260869565215,4.979591836734694,4.69339622641509,0,4.7314454466365135,0.0011902217501633767,0.36595547309833076,LOW,ROUTINE
NG-STU-0614,Computer Engineering,3.5,3.176470588235294,3.816326530612245,3.52073732718894,0,3.6079597979343223,0.00807644630202461,0.3163265306122449,LOW,ROUTINE
NG-STU-0615,Computer Engineering,4.318181818181818,2.7777777777777777,3.74468085106383,3.47727272727273,0,3.6293145412892303,0.004421795523853961,-0.5735009671179885,MODERATE,MONITOR
NG-STU-0616,Computer Engineering,2.727272727272727,3.2,3.0784313725490198,3.27272727272727,0,3.2351325622449902,0.11370111268642448,0.3511586452762927,HIGH,PRIORITY
NG-STU-0617,Computer Engineering,3.7954545454545454,4.0,4.36734693877551,4.10377358490566,0,4.205340434100302,0.0016874100752780296,0.5718923933209648,LOW,ROUTINE
NG-STU-0618,Computer Engineering,4.0,3.652173913043478,3.693877551020408,3.65277777777778,0,3.828616984843077,0.0015627576298455148,-0.30612244897959195,MODERATE,MONITOR
NG-STU-0619,Computer Engineering,4.0227272727272725,3.8333333333333335,4.346938775510204,4.13023255813953,0,4.13970348749356,0.0011902217501633767,0.32421150278293176,LOW,ROUTINE
NG-STU-0620,Computer Engineering,2.340909090909091,2.661290322580645,2.8627450980392157,2.7093023255814,1,2.9397951532452535,0.8051963102260907,0.5218360071301249,CRITICAL,URGENT
NG-STU-0621,Computer Engineering,2.590909090909091,2.090909090909091,1.6346153846153846,3.0,1,2.311738373029549,0.9982590352963409,-0.9562937062937062,CRITICAL,URGENT
NG-STU-0622,Computer Engineering,3.688888888888889,3.981132075471698,4.291666666666667,4.10502283105023,0,4.177674581788697,0.0048950957943023335,0.6027777777777779,LOW,ROUTINE
NG-STU-0623,Computer Engineering,2.1320754716981134,2.0615384615384613,1.4462809917355373,1.92380952380952,1,1.9715481280538223,0.9989826688366457,-0.6857944799625761,CRITICAL,URGENT
NG-STU-0624,Computer Engineering,4.333333333333333,3.82,3.297872340425532,3.73732718894009,0,3.777894260217483,0.001438498616926138,-1.035460992907801,MODERATE,MONITOR
NG-STU-0625,Computer Engineering,3.1555555555555554,2.2,1.8076923076923077,2.30985915492958,1,2.361699774182688,0.9947637494475591,-1.3478632478632477,CRITICAL,URGENT
NG-STU-0626,Computer Engineering,3.5531914893617023,3.5294117647058822,3.36,3.59276018099548,0,3.5965967943576906,0.0048950957943023335,-0.19319148936170238,MODERATE,MONITOR
NG-STU-0627,Computer Engineering,3.04,3.38,3.0,3.29741379310345,0,3.277227892067397,0.10929049588779202,-0.040000000000000036,HIGH,PRIORITY
NG-STU-0628,Computer Engineering,3.0416666666666665,3.08,2.53125,2.91532258064516,1,2.9820964318072103,0.7222283149552049,-0.5104166666666665,CRITICAL,URGENT
NG-STU-0629,Computer Engineering,3.688888888888889,2.96,4.040816326530612,3.51555555555556,0,3.6739936710529317,0.010959348367447252,0.35192743764172274,LOW,ROUTINE
NG-STU-0630,Computer Engineering,3.44,4.14,3.9148936170212765,3.91363636363636,0,3.839326703814877,0.006547893118471068,0.4748936170212765,LOW,ROUTINE
NG-STU-0631,Computer Engineering,3.4468085106382977,4.18,3.5531914893617023,3.63963963963964,0,3.770144953858195,0.006547893118471068,0.10638297872340452,LOW,ROUTINE
NG-STU-0632,Computer Engineering,4.695652173913044,4.66,4.51063829787234,4.57407407407407,0,4.594361544401421,0.0011902217501633767,-0.18501387604070363,LOW,ROUTINE
NG-STU-0633,Computer Engineering,2.943396226415094,2.5918367346938775,0.9682539682539683,1.99210526315789,1,2.190612323601279,0.9909596187692281,-1.9751422581611258,CRITICAL,URGENT
NG-STU-0634,Computer Engineering,3.106382978723404,3.34,3.0,3.21459227467811,0,3.277227892067397,0.10929049588779202,-0.10638297872340408,HIGH,PRIORITY
NG-STU-0635,Computer Engineering,4.266666666666667,4.36,4.382978723404255,4.3906976744186,0,4.348831337114809,0.0011902217501633767,0.1163120567375886,LOW,ROUTINE
NG-STU-0636,Computer Engineering,3.4565217391304346,3.62,3.5106382978723403,3.63133640552995,0,3.6100103102604844,0.006547893118471068,0.054116558741905685,LOW,ROUTINE
NG-STU-0637,Computer Engineering,3.511111111111111,3.82,3.6808510638297873,3.56502242152466,0,3.7489791462361755,0.0048950957943023335,0.16973995271867626,LOW,ROUTINE
NG-STU-0638,Computer Engineering,3.125,3.4901960784313726,3.1206896551724137,3.25751072961373,0,3.4335036835073507,0.035194582334781045,-0.004310344827586299,MODERATE,MONITOR
NG-STU-0639,Computer Engineering,4.0,4.1,4.191489361702128,4.2046511627907,0,4.146259964700212,0.0015627576298455148,0.1914893617021276,LOW,ROUTINE
NG-STU-0640,Computer Engineering,3.933333333333333,3.92,3.7872340425531914,3.80275229357798,0,3.907420909629947,0.0016874100752780296,-0.14609929078014172,LOW,ROUTINE
NG-STU-0641,Computer Engineering,2.6595744680851063,2.484375,3.06,2.82786885245902,1,3.0025480938347378,0.6868793375857011,0.4004255319148937,CRITICAL,URGENT
NG-STU-0642,Computer Engineering,2.782608695652174,2.0816326530612246,2.6129032258064515,2.36231884057971,1,2.6124293776091596,0.9826232682497514,-0.16970546984572232,CRITICAL,URGENT
NG-STU-0643,Computer Engineering,4.2444444444444445,4.4,4.468085106382978,4.33488372093023,0,4.411335686054994,0.0011902217501633767,0.22364066193853382,LOW,ROUTINE
NG-STU-0644,Computer Engineering,3.148936170212766,3.215686274509804,2.9344262295081966,3.14285714285714,0,3.2484918123277193,0.10929049588779202,-0.2145099407045694,HIGH,PRIORITY
NG-STU-0645,Computer Engineering,2.4716981132075473,2.9019607843137254,1.515625,2.30564784053156,1,2.425102434811937,0.9850237877875972,-0.9560731132075473,CRITICAL,URGENT
NG-STU-0646,Computer Engineering,3.9574468085106385,4.16,3.9361702127659575,4.07373271889401,0,4.027179604656872,0.0016874100752780296,-0.021276595744680993,LOW,ROUTINE
NG-STU-0647,Computer Engineering,4.933333333333334,4.88,4.74468085106383,4.77674418604651,0,4.799581194540136,0.0011902217501633767,-0.1886524822695037,LOW,ROUTINE
NG-STU-0648,Computer Engineering,3.977777777777778,4.22,3.893617021276596,3.97209302325581,0,4.020106624248329,0.0016874100752780296,-0.08416075650118193,LOW,ROUTINE
NG-STU-0649,Computer Engineering,3.7333333333333334,3.86,3.723404255319149,3.67441860465116,0,3.8337553658541355,0.0029745388042423993,-0.009929078014184523,LOW,ROUTINE
NG-STU-0650,Computer Engineering,4.295454545454546,3.326530612244898,2.1447368421052633,3.76958525345622,0,3.272838617740048,0.498626602936647,-2.1507177033492826,HIGH,PRIORITY
NG-STU-0651,Computer Engineering,4.511111111111111,4.62,3.94,4.30275229357798,0,4.284286656976332,0.0011902217501633767,-0.5711111111111111,MODERATE,MONITOR
NG-STU-0652,Computer Engineering,2.938775510204082,2.9411764705882355,2.0491803278688523,2.6144578313253,1,2.6986838034696126,0.9737558697656892,-0.8895951823352295,CRITICAL,URGENT
NG-STU-0653,Computer Engineering,3.311111111111111,3.94,3.42,3.78440366972477,0,3.601114713111279,0.006782087513989969,0.10888888888888903,MODERATE,MONITOR
NG-STU-0654,Computer Engineering,3.7777777777777777,3.56,3.9375,3.76958525345622,0,3.841450023013591,0.0029745388042423993,0.15972222222222232,LOW,ROUTINE
NG-STU-0655,Computer Engineering,2.652173913043478,2.3125,2.5166666666666666,2.76470588235294,1,2.7081685900172165,0.990078926308512,-0.13550724637681144,CRITICAL,URGENT
NG-STU-0656,Computer Engineering,2.4423076923076925,2.65625,2.657142857142857,3.02553191489362,1,2.9251733161178124,0.9255541752729097,0.21483516483516452,CRITICAL,URGENT
NG-STU-0657,Computer Engineering,3.5952380952380953,2.59375,3.3846153846153846,3.23706896551724,0,3.3683642413112964,0.03169806118939242,-0.21062271062271076,MODERATE,MONITOR
NG-STU-0658,Computer Engineering,3.5434782608695654,3.21875,3.238095238095238,3.28205128205128,0,3.4202589483682293,0.009761132975021488,-0.3053830227743273,MODERATE,MONITOR
NG-STU-0659,Computer Engineering,3.2142857142857144,3.03125,3.3870967741935485,3.51612903225806,0,3.4014243052648743,0.01514843908782902,0.17281105990783407,MODERATE,MONITOR
NG-STU-0660,Computer Engineering,2.0806451612903225,2.625,2.3055555555555554,2.51724137931034,1,2.6049123887113965,0.9942216831888218,0.22491039426523285,CRITICAL,URGENT
NG-STU-0661,Computer Engineering,2.875,2.40625,2.869565217391304,2.83884297520661,1,2.935258912234012,0.7707292077368487,-0.005434782608695787,CRITICAL,URGENT
NG-STU-0662,Computer Engineering,4.428571428571429,4.28125,4.5,4.49767441860465,0,4.479730210326583,0.0011902217501633767,0.07142857142857117,LOW,ROUTINE
NG-STU-0663,Computer Engineering,4.159090909090909,3.21875,3.365079365079365,3.75336322869955,0,3.603888463754717,0.0011902217501633767,-0.7940115440115441,MODERATE,MONITOR
NG-STU-0664,Computer Engineering,2.230769230769231,2.25,2.261904761904762,2.33457249070632,1,2.4555911921482556,0.9973059807144992,0.031135531135531025,CRITICAL,URGENT
NG-STU-0665,Computer Engineering,3.380952380952381,2.40625,2.1728395061728394,2.80161943319838,1,2.6614861683560207,0.9769009736558769,-1.2081128747795415,CRITICAL,URGENT
NG-STU-0666,Computer Engineering,4.333333333333333,3.90625,4.383333333333334,4.44651162790698,0,4.265732440062939,0.0011902217501633767,0.05000000000000071,LOW,ROUTINE
NG-STU-0667,Computer Engineering,3.5714285714285716,2.71875,2.8923076923076922,3.34090909090909,0,3.176567885881773,0.2478128751173776,-0.6791208791208794,HIGH,PRIORITY
NG-STU-0668,Computer Engineering,3.5348837209302326,3.6875,3.9166666666666665,3.87037037037037,0,3.790187112169064,0.0048950957943023335,0.3817829457364339,LOW,ROUTINE
NG-STU-0669,Computer Engineering,3.25,2.25,3.375,3.21397379912664,0,3.269386256489667,0.1356666342649126,0.125,HIGH,PRIORITY
NG-STU-0670,Computer Engineering,3.577777777777778,3.03125,3.212121212121212,3.52422907488987,0,3.3714838696620575,0.021722048912174084,-0.365656565656566,MODERATE,MONITOR
NG-STU-0671,Computer Engineering,2.9047619047619047,2.375,2.619047619047619,2.79487179487179,1,2.7267460262279193,0.9563358436563137,-0.2857142857142856,CRITICAL,URGENT
NG-STU-0672,Computer Engineering,3.6136363636363638,3.09375,3.3666666666666667,3.5668202764977,0,3.4833888945293787,0.00807644630202461,-0.24696969696969706,MODERATE,MONITOR
NG-STU-0673,Computer Engineering,4.690476190476191,4.4375,4.866666666666666,4.77209302325581,0,4.680867951132882,0.0011902217501633767,0.17619047619047556,LOW,ROUTINE
NG-STU-0674,Computer Engineering,3.046511627906977,2.53125,2.6973684210526314,2.86,1,2.92566134006278,0.8046551202276182,-0.3491432068543454,CRITICAL,URGENT
NG-STU-0675,Computer Engineering,1.734375,2.225806451612903,2.638888888888889,2.64925373134328,1,2.6849700869798947,0.9865851019900729,0.9045138888888888,CRITICAL,URGENT
NG-STU-0676,Computer Engineering,2.9545454545454546,2.625,2.3492063492063493,2.61943319838057,1,2.678352984428946,0.9754201799002334,-0.6053391053391053,CRITICAL,URGENT
NG-STU-0677,Computer Engineering,3.857142857142857,3.5,4.166666666666667,4.18139534883721,0,3.9784931498380898,0.0016874100752780296,0.30952380952380976,LOW,ROUTINE
NG-STU-0678,Computer Engineering,1.9259259259259258,1.78125,2.058139534883721,2.30313588850174,1,2.2521644187275136,0.9989826688366457,0.13221360895779521,CRITICAL,URGENT
NG-STU-0679,Computer Engineering,3.372093023255814,2.75,3.140625,3.43181818181818,0,3.2653088062465696,0.04691712830234576,-0.23146802325581417,HIGH,PRIORITY
NG-STU-0680,Computer Engineering,2.7291666666666665,1.96875,2.8208955223880596,2.98305084745763,1,2.773802137942824,0.9347403713839938,0.09172885572139311,CRITICAL,URGENT
NG-STU-0681,Computer Engineering,2.875,2.375,3.253731343283582,3.22553191489362,0,3.102017361644153,0.21626241721158626,0.37873134328358216,HIGH,PRIORITY
NG-STU-0682,Computer Engineering,2.630434782608696,2.53125,2.6176470588235294,2.89270386266094,1,2.7574552274409165,0.9587726932822418,-0.01278772378516635,CRITICAL,URGENT
NG-STU-0683,Computer Engineering,2.761904761904762,2.6875,2.7162162162162162,2.83884297520661,1,2.9281276670390723,0.8974567386288578,-0.045688545688545634,CRITICAL,URGENT
NG-STU-0684,Computer Engineering,4.023809523809524,4.0,3.6031746031746033,3.95412844036697,0,3.9335297005594,0.0011902217501633767,-0.4206349206349205,MODERATE,MONITOR
NG-STU-0685,Computer Engineering,3.0714285714285716,3.0,2.671641791044776,3.13333333333333,0,3.0803082862341604,0.5823415124654572,-0.39978678038379556,CRITICAL,URGENT
NG-STU-0686,Computer Engineering,3.9545454545454546,4.0,4.233333333333333,4.27649769585253,0,4.194016792933391,0.0016874100752780296,0.2787878787878788,LOW,ROUTINE
NG-STU-0687,Computer Engineering,4.880952380952381,4.75,4.983333333333333,4.89767441860465,0,4.792712184362414,0.0011902217501633767,0.10238095238095202,LOW,ROUTINE
NG-STU-0688,Computer Engineering,3.6666666666666665,3.28125,3.8,3.75348837209302,0,3.6888505937419915,0.0048950957943023335,0.1333333333333333,LOW,ROUTINE
NG-STU-0689,Computer Engineering,3.9047619047619047,3.21875,3.9166666666666665,3.87155963302752,0,3.7270434272652304,0.0016874100752780296,0.011904761904761862,LOW,ROUTINE
NG-STU-0690,Computer Engineering,3.8333333333333335,3.375,3.5,3.66968325791855,0,3.6493990431790935,0.0016874100752780296,-0.3333333333333335,MODERATE,MONITOR
NG-STU-0691,Computer Engineering,2.230769230769231,2.3125,2.472972972972973,2.80165289256198,1,2.6744165674452822,0.990078926308512,0.24220374220374197,CRITICAL,URGENT
NG-STU-0692,Computer Engineering,2.7083333333333335,3.09375,2.619718309859155,3.20425531914894,0,2.9511371207059387,0.8028347538960978,-0.08861502347417849,CRITICAL,URGENT
NG-STU-0693,Computer Engineering,3.0697674418604652,3.5625,4.083333333333333,3.7962962962963,0,3.7783982570220354,0.006782087513989969,1.0135658914728678,LOW,ROUTINE
NG-STU-0694,Computer Engineering,4.214285714285714,3.78125,3.984126984126984,4.12844036697248,0,4.047817545246973,0.0011902217501633767,-0.23015873015873023,LOW,ROUTINE
NG-STU-0695,Computer Engineering,2.7254901960784315,2.625,2.4625,2.83333333333333,1,2.802600896376638,0.9681876009911972,-0.26299019607843155,CRITICAL,URGENT
NG-STU-0696,Computer Engineering,4.0,3.71875,3.7666666666666666,3.92660550458716,0,3.828616984843077,0.0015627576298455148,-0.2333333333333334,LOW,ROUTINE
NG-STU-0697,Computer Engineering,3.9523809523809526,3.71875,3.3174603174603177,3.71945701357466,0,3.6650979547166234,0.002039187270081768,-0.6349206349206349,MODERATE,MONITOR
NG-STU-0698,Computer Engineering,2.9130434782608696,2.96875,2.5641025641025643,2.97899159663866,1,2.9189595789648424,0.8659098390076676,-0.3489409141583053,CRITICAL,URGENT
NG-STU-0699,Computer Engineering,3.1363636363636362,3.21875,3.683333333333333,3.68202764976959,0,3.591522727997614,0.006782087513989969,0.5469696969696969,MODERATE,MONITOR
NG-STU-0700,Computer Engineering,2.6444444444444444,3.0625,2.507042253521127,2.69958847736626,1,2.912102173612297,0.9072312848190967,-0.1374021909233174,CRITICAL,URGENT
NG-STU-0701,Computer Engineering,2.2830188679245285,2.5,2.4444444444444446,2.77049180327869,1,2.723703204868982,0.9803723074060793,0.16142557651991618,CRITICAL,URGENT
NG-STU-0702,Computer Engineering,4.095238095238095,3.375,4.133333333333334,4.06511627906977,0,3.9529857890276316,0.0011902217501633767,0.03809523809523885,LOW,ROUTINE
NG-STU-0703,Computer Engineering,2.6818181818181817,2.5,2.787878787878788,3.15111111111111,0,2.9284015068814666,0.827311826167462,0.10606060606060641,CRITICAL,URGENT
NG-STU-0704,Computer Engineering,2.880952380952381,2.84375,2.742857142857143,3.10087719298246,1,2.979668833327025,0.8305599796200555,-0.13809523809523805,CRITICAL,URGENT
NG-STU-0705,Computer Engineering,2.1702127659574466,2.21875,2.3866666666666667,2.54615384615385,1,2.4788829292759718,0.995205803914124,0.2164539007092201,CRITICAL,URGENT
NG-STU-0706,Computer Engineering,1.8620689655172413,1.1875,1.5402298850574712,2.04152249134948,1,2.0096488664099414,0.9989826688366457,-0.32183908045977017,CRITICAL,URGENT
NG-STU-0707,Computer Engineering,3.5476190476190474,3.96875,4.0,3.9906976744186,0,4.008960630840223,0.0048950957943023335,0.45238095238095255,LOW,ROUTINE
NG-STU-0708,Computer Engineering,4.071428571428571,3.6875,4.3,4.06511627906977,0,4.124166797217208,0.0011902217501633767,0.22857142857142865,LOW,ROUTINE
NG-STU-0709,Computer Engineering,3.5714285714285716,3.4375,3.126984126984127,3.61467889908257,0,3.5261060501424097,0.02560613928756795,-0.44444444444444464,MODERATE,MONITOR
NG-STU-0710,Computer Engineering,2.292682926829268,3.2,2.7049180327868854,2.95132743362832,1,3.0725064135730475,0.7556386755716428,0.41223510595761725,CRITICAL,URGENT
NG-STU-0711,Computer Engineering,2.0980392156862746,2.6875,2.953846153846154,2.96120689655172,1,2.9857426144622896,0.8084503368592526,0.8558069381598794,CRITICAL,URGENT
NG-STU-0712,Computer Engineering,3.7142857142857144,3.65625,4.3,4.22325581395349,0,4.05497599429263,0.0046038672503413555,0.5857142857142854,LOW,ROUTINE
NG-STU-0713,Computer Engineering,2.68,1.78125,1.819277108433735,2.28865979381443,1,2.2641939086017104,0.9975286900717661,-0.8607228915662652,CRITICAL,URGENT
NG-STU-0714,Computer Engineering,2.3157894736842106,1.71875,1.449438202247191,1.80120481927711,1,1.9715481280538223,0.9982590352963409,-0.8663512714370196,CRITICAL,URGENT
NG-STU-0715,Computer Engineering,2.1320754716981134,2.125,2.5405405405405403,2.77016129032258,1,2.6099882465762088,0.9941828161607689,0.40846506884242695,CRITICAL,URGENT
NG-STU-0716,Computer Engineering,2.891304347826087,2.5,2.59375,3.05726872246696,1,2.764312632793462,0.9591790225565601,-0.2975543478260869,CRITICAL,URGENT
NG-STU-0717,Computer Engineering,3.2142857142857144,2.46875,3.0476190476190474,3.23144104803493,0,3.0913669282578486,0.4208941701025084,-0.16666666666666696,CRITICAL,URGENT
NG-STU-0718,Computer Engineering,4.714285714285714,4.28125,4.466666666666667,4.58139534883721,0,4.497049790449138,0.0011902217501633767,-0.24761904761904763,LOW,ROUTINE
NG-STU-0719,Computer Engineering,3.8333333333333335,3.75,3.95,4.04186046511628,0,3.904481017160805,0.0016874100752780296,0.1166666666666667,LOW,ROUTINE
NG-STU-0720,Computer Engineering,2.63265306122449,2.46875,2.9692307692307693,3.22077922077922,0,2.9743489680985027,0.7400774540879078,0.3365777080062795,CRITICAL,URGENT
NG-STU-0721,Computer Engineering,2.3684210526315788,2.0625,2.3373493975903616,2.63703703703704,1,2.4475720377369883,0.9971267893425118,-0.031071655041217117,CRITICAL,URGENT
NG-STU-0722,Computer Engineering,3.0,2.84375,2.810810810810811,2.98739495798319,1,3.0473055373166056,0.6853903979393892,-0.18918918918918903,CRITICAL,URGENT
NG-STU-0723,Computer Engineering,2.6923076923076925,2.106382978723404,1.6619718309859155,1.97115384615385,1,2.2278770433078496,0.9975286900717661,-1.030335861321777,CRITICAL,URGENT
NG-STU-0724,Computer Engineering,4.0,3.272727272727273,4.05,3.93488372093023,0,3.8657965511556807,0.0015627576298455148,0.04999999999999982,LOW,ROUTINE
NG-STU-0725,Elect & Elect Engineering,3.2432432432432434,2.4444444444444446,3.0526315789473686,2.90987124463519,1,2.9815583442241365,0.6397281259530974,-0.19061166429587484,CRITICAL,URGENT
NG-STU-0726,Elect & Elect Engineering,3.4054054054054053,3.4,3.9591836734693877,3.71707317073171,0,3.6513385082426746,0.015847729818018342,0.5537782680639824,LOW,ROUTINE
NG-STU-0727,Elect & Elect Engineering,4.216216216216216,4.333333333333333,4.673469387755102,4.50243902439024,0,4.44694270246232,0.00290290391807656,0.4572531715388859,LOW,ROUTINE
NG-STU-0728,Elect & Elect Engineering,2.675675675675676,3.0,3.1346153846153846,3.09090909090909,1,3.161231011945838,0.37730555541670074,0.4589397089397087,HIGH,PRIORITY
NG-STU-0729,Elect & Elect Engineering,4.081081081081081,4.644444444444445,3.660377358490566,4.09569377990431,0,4.045185283779953,0.00290290391807656,-0.4207037225905146,MODERATE,MONITOR
NG-STU-0730,Elect & Elect Engineering,4.108108108108108,4.2,3.82,3.96601941747573,0,3.898033700180091,0.00290290391807656,-0.28810810810810805,LOW,ROUTINE
NG-STU-0731,Elect & Elect Engineering,3.918918918918919,4.155555555555556,4.153846153846154,4.15789473684211,0,4.069976759897454,0.0041125808509054436,0.23492723492723533,LOW,ROUTINE
NG-STU-0732,Elect & Elect Engineering,3.1621621621621623,3.533333333333333,3.2549019607843137,3.25462962962963,0,3.337637212449318,0.03234862385738497,0.09273979862215143,HIGH,PRIORITY
NG-STU-0733,Elect & Elect Engineering,3.918918918918919,3.7555555555555555,3.5686274509803924,3.70952380952381,0,3.671886975269154,0.0041125808509054436,-0.3502914679385265,MODERATE,MONITOR
NG-STU-0734,Elect & Elect Engineering,4.702702702702703,4.711111111111111,4.571428571428571,4.57073170731707,0,4.586852884724072,0.00290290391807656,-0.13127413127413146,LOW,ROUTINE
NG-STU-0735,Elect & Elect Engineering,4.405405405405405,4.044444444444444,4.326530612244898,4.3219512195122,0,4.2771901634721905,0.00290290391807656,-0.07887479316050694,LOW,ROUTINE
NG-STU-0736,Elect & Elect Engineering,3.5405405405405403,2.869565217391304,4.392156862745098,3.57272727272727,0,3.5810025325669606,0.03606999790297912,0.8516163222045581,MODERATE,MONITOR
NG-STU-0737,Elect & Elect Engineering,3.108108108108108,3.2222222222222223,3.816326530612245,3.56730769230769,0,3.4869996496867586,0.016409051676605193,0.708218422504137,MODERATE,MONITOR
NG-STU-0738,Elect & Elect Engineering,3.972972972972973,4.444444444444445,4.040816326530612,4.26829268292683,0,4.107008907678576,0.0041125808509054436,0.06784335355763904,LOW,ROUTINE
NG-STU-0739,Elect & Elect Engineering,3.5945945945945947,3.6222222222222222,4.0,3.89756097560976,0,3.799458718773397,0.011875559585425164,0.40540540540540526,LOW,ROUTINE
NG-STU-0740,Elect & Elect Engineering,3.675675675675676,3.2666666666666666,2.6206896551724137,3.05701754385965,1,3.0007007858346446,0.6708191889687447,-1.0549860205032622,CRITICAL,URGENT
NG-STU-0741,Elect & Elect Engineering,3.3783783783783785,3.8444444444444446,3.98,3.79611650485437,0,3.696406735608727,0.015847729818018342,0.6016216216216215,LOW,ROUTINE
NG-STU-0742,Elect & Elect Engineering,4.1891891891891895,4.111111111111111,4.551020408163265,4.3495145631068,0,4.29239617900414,0.00290290391807656,0.3618312189740758,LOW,ROUTINE
NG-STU-0743,Elect & Elect Engineering,3.7027027027027026,3.6,3.69811320754717,3.51173708920188,0,3.651918877286702,0.011173698947001041,-0.004589495155532752,LOW,ROUTINE
NG-STU-0744,Elect & Elect Engineering,3.5405405405405403,3.2666666666666666,3.76,3.53080568720379,0,3.5303019776924613,0.011875559585425164,0.21945945945945944,MODERATE,MONITOR
NG-STU-0745,Elect & Elect Engineering,2.5428571428571427,2.217391304347826,1.7428571428571429,2.14176245210728,1,2.2033525897880826,0.9992866762233023,-0.7999999999999998,CRITICAL,URGENT
NG-STU-0746,Elect & Elect Engineering,3.027027027027027,2.7555555555555555,2.5970149253731343,2.80334728033473,1,2.767427324902462,0.9290691316993446,-0.4300121016538929,CRITICAL,URGENT
NG-STU-0747,Elect & Elect Engineering,3.2432432432432434,2.3777777777777778,2.6,2.53386454183267,1,2.68536481222357,0.9708920632005553,-0.6432432432432433,CRITICAL,URGENT
NG-STU-0748,Elect & Elect Engineering,3.891891891891892,3.9555555555555557,4.0,4.05339805825243,0,4.0063497058573105,0.0041125808509054436,0.10810810810810789,LOW,ROUTINE
NG-STU-0749,Elect & Elect Engineering,3.7027027027027026,4.333333333333333,4.096153846153846,3.82547169811321,0,3.988954163837962,0.011173698947001041,0.3934511434511432,LOW,ROUTINE
NG-STU-0750,Elect & Elect Engineering,3.5641025641025643,3.48,3.0350877192982457,2.97165991902834,1,3.304625738404295,0.17184817005202277,-0.5290148448043186,HIGH,PRIORITY
NG-STU-0751,Elect & Elect Engineering,3.702127659574468,2.5,3.103448275862069,2.96498054474708,1,3.1327696629691766,0.3304857114081916,-0.5986793837123989,HIGH,PRIORITY
NG-STU-0752,Elect & Elect Engineering,4.9361702127659575,4.471698113207547,4.170212765957447,4.53424657534247,0,4.407301776410576,0.00290290391807656,-0.7659574468085104,MODERATE,MONITOR
NG-STU-0753,Elect & Elect Engineering,4.127659574468085,3.037037037037037,3.122448979591837,3.19665271966527,0,3.355793091479677,0.03384823737220246,-1.0052105948762482,MODERATE,MONITOR
NG-STU-0754,Elect & Elect Engineering,3.9574468085106385,3.6037735849056602,3.978723404255319,3.90454545454545,0,3.794949599552905,0.0041125808509054436,0.02127659574468055,LOW,ROUTINE
NG-STU-0755,Elect & Elect Engineering,3.404255319148936,2.5517241379310347,2.305084745762712,2.65769230769231,1,2.5958343648243916,0.9874214426720686,-1.0991705733862243,CRITICAL,URGENT
NG-STU-0756,Elect & Elect Engineering,3.595744680851064,3.215686274509804,3.06,3.2780269058296,0,3.2358876495533537,0.1426476867292036,-0.5357446808510637,HIGH,PRIORITY
NG-STU-0757,Elect & Elect Engineering,3.6382978723404253,2.0625,1.1818181818181819,2.07333333333333,1,2.200030087006332,0.997018190082805,-2.4564796905222437,CRITICAL,URGENT
NG-STU-0758,Elect & Elect Engineering,4.872340425531915,4.326530612244898,4.0638297872340425,4.26388888888889,0,4.256638085187552,0.00290290391807656,-0.8085106382978724,MODERATE,MONITOR
NG-STU-0759,Elect & Elect Engineering,4.404255319148936,3.3703703703703702,3.127659574468085,3.43913043478261,0,3.52587429911695,0.01531474885225532,-1.2765957446808507,MODERATE,MONITOR
NG-STU-0760,Elect & Elect Engineering,2.978723404255319,2.5483870967741935,2.4035087719298245,2.66796875,1,2.603930664092403,0.9897910663751045,-0.5752146323254945,CRITICAL,URGENT
NG-STU-0761,Elect & Elect Engineering,3.8297872340425534,1.96,2.765957446808511,2.736,1,2.8695385082756917,0.8631218403203168,-1.0638297872340425,CRITICAL,URGENT
NG-STU-0762,Elect & Elect Engineering,4.404255319148936,4.1020408163265305,3.276595744680851,3.95833333333333,0,3.6930126791105273,0.0035071869336421122,-1.1276595744680846,MODERATE,MONITOR
NG-STU-0763,Elect & Elect Engineering,3.3617021276595747,1.8059701492537314,3.0576923076923075,2.6496062992126,1,2.8162054435467163,0.8367179537913433,-0.30400981996726717,CRITICAL,URGENT
NG-STU-0764,Elect & Elect Engineering,4.0,2.793103448275862,3.3191489361702127,3.30869565217391,0,3.3133389233991264,0.01693828607651396,-0.6808510638297873,HIGH,PRIORITY
NG-STU-0765,Elect & Elect Engineering,3.425531914893617,3.0166666666666666,2.8727272727272726,3.15767634854772,0,3.07006125069165,0.5222544226298433,-0.5528046421663446,CRITICAL,URGENT
NG-STU-0766,Elect & Elect Engineering,4.297872340425532,4.040816326530612,4.446808510638298,4.24770642201835,0,4.3115098988872305,0.00290290391807656,0.14893617021276562,LOW,ROUTINE
NG-STU-0767,Elect & Elect Engineering,4.574468085106383,4.1020408163265305,4.680851063829787,4.49537037037037,0,4.467447917233001,0.00290290391807656,0.10638297872340452,LOW,ROUTINE
NG-STU-0768,Elect & Elect Engineering,4.680851063829787,3.489795918367347,3.5531914893617023,3.72685185185185,0,3.754746340013021,0.00290290391807656,-1.127659574468085,MODERATE,MONITOR
NG-STU-0769,Elect & Elect Engineering,3.765957446808511,2.227272727272727,2.257575757575758,2.74436090225564,1,2.5774209306958347,0.9924198670699114,-1.508381689232753,CRITICAL,URGENT
NG-STU-0770,Elect & Elect Engineering,4.085106382978723,3.2264150943396226,3.765957446808511,3.81363636363636,0,3.638519147960349,0.00290290391807656,-0.3191489361702122,MODERATE,MONITOR
NG-STU-0771,Elect & Elect Engineering,4.23404255319149,3.452830188679245,3.7872340425531914,3.70720720720721,0,3.7716492274395983,0.00290290391807656,-0.4468085106382982,MODERATE,MONITOR
NG-STU-0772,Elect & Elect Engineering,4.0638297872340425,3.037037037037037,3.6122448979591835,3.61883408071749,0,3.5354279837034843,0.006515303529412584,-0.45158488927485907,MODERATE,MONITOR
NG-STU-0773,Elect & Elect Engineering,3.74468085106383,2.0606060606060606,2.789473684210526,2.93061224489796,1,2.8685255413639497,0.8779895724839349,-0.9552071668533038,CRITICAL,URGENT
NG-STU-0774,Elect & Elect Engineering,4.595744680851064,4.176470588235294,4.25531914893617,4.26605504587156,0,4.301365347973445,0.00290290391807656,-0.3404255319148941,MODERATE,MONITOR
NG-STU-0775,Elect & Elect Engineering,4.531914893617022,4.122448979591836,4.382978723404255,4.40277777777778,0,4.2771901634721905,0.00290290391807656,-0.1489361702127665,LOW,ROUTINE
NG-STU-0776,Elect & Elect Engineering,4.808510638297872,3.9444444444444446,4.23404255319149,4.39449541284404,0,4.296260003272168,0.00290290391807656,-0.5744680851063828,MODERATE,MONITOR
NG-STU-0777,Elect & Elect Engineering,4.829787234042553,4.510204081632653,4.574468085106383,4.61574074074074,0,4.562055217379292,0.00290290391807656,-0.25531914893617014,LOW,ROUTINE
NG-STU-0778,Elect & Elect Engineering,4.340425531914893,4.1020408163265305,4.212765957446808,4.2962962962963,0,4.219719141998973,0.00290290391807656,-0.12765957446808507,LOW,ROUTINE
NG-STU-0779,Elect & Elect Engineering,4.23404255319149,3.795918367346939,3.595744680851064,3.75576036866359,0,3.8012062835413767,0.00290290391807656,-0.6382978723404258,MODERATE,MONITOR
NG-STU-0780,Elect & Elect Engineering,4.638297872340425,4.28,4.361702127659575,4.30875576036866,0,4.363715811993683,0.00290290391807656,-0.2765957446808507,LOW,ROUTINE
NG-STU-0781,Elect & Elect Engineering,3.4468085106382977,3.2,3.510204081632653,3.40789473684211,0,3.3924305907300614,0.025961551243821768,0.06339557099435522,MODERATE,MONITOR
NG-STU-0782,Elect & Elect Engineering,4.127659574468085,3.3877551020408165,3.872340425531915,3.7926267281106,0,3.7601281526649184,0.00290290391807656,-0.25531914893617014,LOW,ROUTINE
NG-STU-0783,Elect & Elect Engineering,4.446808510638298,3.673469387755102,3.836734693877551,3.94570135746606,0,3.9177463545796343,0.00290290391807656,-0.6100738167607469,MODERATE,MONITOR
NG-STU-0784,Elect & Elect Engineering,4.319148936170213,2.8333333333333335,3.018181818181818,3.2928870292887,0,3.2442896014405536,0.1577920839719536,-1.3009671179883946,HIGH,PRIORITY
NG-STU-0785,Elect & Elect Engineering,4.574468085106383,4.68,4.23404255319149,4.3778801843318,0,4.409369303444269,0.00290290391807656,-0.3404255319148932,MODERATE,MONITOR
NG-STU-0786,Elect & Elect Engineering,4.0638297872340425,3.2830188679245285,3.3404255319148937,3.45814977973568,0,3.5096407854331573,0.00290290391807656,-0.7234042553191489,MODERATE,MONITOR
NG-STU-0787,Elect & Elect Engineering,3.127659574468085,1.3432835820895523,2.1911764705882355,2.25951557093426,1,2.3180721032451164,0.9968851711527028,-0.9364831038798496,CRITICAL,URGENT
NG-STU-0788,Elect & Elect Engineering,4.191489361702128,3.549019607843137,3.595744680851064,3.79816513761468,0,3.718401335031053,0.00290290391807656,-0.5957446808510638,MODERATE,MONITOR
NG-STU-0789,Elect & Elect Engineering,4.085106382978723,3.0980392156862746,3.938775510204082,3.76363636363636,0,3.6544245313847075,0.004795757419363697,-0.1463308727746413,LOW,ROUTINE
NG-STU-0790,Elect & Elect Engineering,4.74468085106383,4.428571428571429,4.531914893617022,4.16438356164384,0,4.48647501986948,0.00290290391807656,-0.21276595744680815,LOW,ROUTINE
NG-STU-0791,Elect & Elect Engineering,3.234042553191489,2.4126984126984126,2.1041666666666665,2.45357142857143,1,2.5414820963012215,0.9935996818025814,-1.1298758865248226,CRITICAL,URGENT
NG-STU-0792,Elect & Elect Engineering,4.361702127659575,3.018181818181818,3.4680851063829787,3.43859649122807,0,3.5470555818650493,0.006515303529412584,-0.8936170212765959,MODERATE,MONITOR
NG-STU-0793,Elect & Elect Engineering,3.6595744680851063,3.122448979591837,3.2115384615384617,3.57466063348416,0,3.324296128432047,0.0383340233917104,-0.44803600654664466,HIGH,PRIORITY
NG-STU-0794,Elect & Elect Engineering,4.787234042553192,4.510204081632653,3.391304347826087,4.18222222222222,0,3.9434040269993917,0.00290290391807656,-1.395929694727105,MODERATE,MONITOR
NG-STU-0795,Elect & Elect Engineering,4.74468085106383,3.7346938775510203,3.74468085106383,3.75909090909091,0,3.911254466212854,0.00290290391807656,-1.0,MODERATE,MONITOR
NG-STU-0796,Elect & Elect Engineering,4.170212765957447,3.388888888888889,4.0638297872340425,3.63839285714286,0,3.871952323253531,0.00290290391807656,-0.10638297872340452,LOW,ROUTINE
NG-STU-0797,Elect & Elect Engineering,3.872340425531915,3.0754716981132075,2.5833333333333335,3.13656387665198,0,3.005520207545159,0.611262816490482,-1.2890070921985815,CRITICAL,URGENT
NG-STU-0798,Elect & Elect Engineering,4.808510638297872,4.755102040816326,4.74468085106383,4.79166666666667,0,4.727561613344552,0.00290290391807656,-0.06382978723404253,LOW,ROUTINE
NG-STU-0799,Elect & Elect Engineering,4.723404255319149,4.673469387755102,4.659574468085107,4.61111111111111,0,4.6172010795013625,0.00290290391807656,-0.06382978723404253,LOW,ROUTINE
NG-STU-0800,Elect & Elect Engineering,4.680851063829787,3.4716981132075473,3.765957446808511,3.65486725663717,0,3.847155255143561,0.00290290391807656,-0.9148936170212765,MODERATE,MONITOR
NG-STU-0801,Elect & Elect Engineering,4.340425531914893,4.0588235294117645,4.425531914893617,4.21100917431193,0,4.287909683433318,0.00290290391807656,0.08510638297872397,LOW,ROUTINE
NG-STU-0802,Elect & Elect Engineering,4.723404255319149,3.9591836734693877,4.340425531914893,4.33796296296296,0,4.320396331676686,0.00290290391807656,-0.3829787234042561,MODERATE,MONITOR
NG-STU-0803,Elect & Elect Engineering,4.319148936170213,3.6862745098039214,3.872340425531915,3.93665158371041,0,3.8895617410544885,0.00290290391807656,-0.44680851063829774,MODERATE,MONITOR
NG-STU-0804,Elect & Elect Engineering,4.340425531914893,2.793103448275862,2.106382978723404,2.98,1,2.889101092395682,0.929246218681331,-2.234042553191489,CRITICAL,URGENT
NG-STU-0805,Elect & Elect Engineering,3.574468085106383,3.0714285714285716,3.66,3.51091703056769,0,3.445259961111303,0.02126232837103765,0.08553191489361733,MODERATE,MONITOR
NG-STU-0806,Elect & Elect Engineering,4.595744680851064,3.877551020408163,4.191489361702128,4.06018518518519,0,4.180427449082999,0.00290290391807656,-0.40425531914893664,MODERATE,MONITOR
NG-STU-0807,Elect & Elect Engineering,3.425531914893617,3.122448979591837,3.5098039215686274,3.52702702702703,0,3.3924305907300614,0.025961551243821768,0.08427200667501022,MODERATE,MONITOR
NG-STU-0808,Elect & Elect Engineering,4.680851063829787,4.285714285714286,4.212765957446808,4.19266055045872,0,4.334429404045611,0.00290290391807656,-0.4680851063829792,MODERATE,MONITOR
NG-STU-0809,Elect & Elect Engineering,4.0212765957446805,2.5806451612903225,2.7872340425531914,2.77099236641221,1,3.040741886086298,0.5222090751130608,-1.2340425531914891,CRITICAL,URGENT
NG-STU-0810,Elect & Elect Engineering,4.23404255319149,2.7758620689655173,2.135593220338983,2.78810408921933,1,2.878723530437145,0.929246218681331,-2.0984493328525065,CRITICAL,URGENT
NG-STU-0811,Elect & Elect Engineering,3.9148936170212765,2.9642857142857144,2.7857142857142856,3.3063829787234,0,3.173597292004617,0.285469265743292,-1.1291793313069909,HIGH,PRIORITY
NG-STU-0812,Elect & Elect Engineering,3.0851063829787235,3.1132075471698113,3.52,3.41255605381166,0,3.3656679907064633,0.026871320555939427,0.4348936170212765,MODERATE,MONITOR
NG-STU-0813,Elect & Elect Engineering,4.574468085106383,3.938775510204082,3.64,3.74235807860262,0,3.9209494659813817,0.00290290391807656,-0.9344680851063827,MODERATE,MONITOR
NG-STU-0814,Elect & Elect Engineering,3.3617021276595747,2.440677966101695,2.5,2.5,1,2.73465144964727,0.9630720464219161,-0.8617021276595747,CRITICAL,URGENT
NG-STU-0815,Elect & Elect Engineering,4.042553191489362,2.9454545454545453,3.2127659574468086,3.36480686695279,0,3.330962579908498,0.012970936829967146,-0.8297872340425534,HIGH,PRIORITY
NG-STU-0816,Elect & Elect Engineering,4.382978723404255,3.4693877551020407,3.9574468085106385,3.87330316742081,0,3.9132997523854796,0.00290290391807656,-0.42553191489361675,MODERATE,MONITOR
NG-STU-0817,Elect & Elect Engineering,4.851063829787234,4.571428571428571,4.9361702127659575,4.76851851851852,0,4.726073162591275,0.00290290391807656,0.08510638297872308,LOW,ROUTINE
NG-STU-0818,Elect & Elect Engineering,4.319148936170213,3.0980392156862746,3.25,3.21285140562249,0,3.447636579514349,0.009563995002290259,-1.0691489361702127,MODERATE,MONITOR
NG-STU-0819,Elect & Elect Engineering,3.8085106382978724,2.532258064516129,2.6491228070175437,3.12396694214876,0,2.9548975033762317,0.7135582454472226,-1.1593878312803287,CRITICAL,URGENT
NG-STU-0820,Elect & Elect Engineering,3.9148936170212765,4.0,4.723404255319149,4.27314814814815,0,4.313982348588177,0.0041125808509054436,0.8085106382978728,LOW,ROUTINE
NG-STU-0821,Elect & Elect Engineering,3.7872340425531914,3.1785714285714284,3.173076923076923,3.27467811158798,0,3.357277548433589,0.02360514624105114,-0.6141571194762685,MODERATE,MONITOR
NG-STU-0822,Elect & Elect Engineering,4.25531914893617,3.3773584905660377,3.693877551020408,3.7972972972973,0,3.722579682797331,0.00290290391807656,-0.5614415979157621,MODERATE,MONITOR
NG-STU-0823,Elect & Elect Engineering,4.25531914893617,4.040816326530612,3.9361702127659575,3.90222222222222,0,4.029735724044893,0.00290290391807656,-0.31914893617021267,MODERATE,MONITOR
NG-STU-0824,Elect & Elect Engineering,4.0212765957446805,2.9814814814814814,3.6808510638297873,3.34782608695652,0,3.5364208690281433,0.008540322805436843,-0.3404255319148932,MODERATE,MONITOR
NG-STU-0825,Elect & Elect Engineering,4.0212765957446805,3.607142857142857,3.207547169811321,3.5974025974026,0,3.4830114507114613,0.007604552535260115,-0.8137294259333596,MODERATE,MONITOR
NG-STU-0826,Elect & Elect Engineering,4.191489361702128,3.58,3.3461538461538463,3.61135371179039,0,3.594189977735519,0.00290290391807656,-0.8453355155482813,MODERATE,MONITOR
NG-STU-0827,Elect & Elect Engineering,4.659574468085107,3.1228070175438596,4.0212765957446805,3.96,0,3.896977121954128,0.004795757419363697,-0.6382978723404262,MODERATE,MONITOR
NG-STU-0828,Elect & Elect Engineering,4.170212765957447,3.3962264150943398,3.404255319148936,3.54625550660793,0,3.6107546200053857,0.00290290391807656,-0.7659574468085109,MODERATE,MONITOR
NG-STU-0829,Elect & Elect Engineering,4.127659574468085,3.6792452830188678,4.0,3.84259259259259,0,3.9228749541707204,0.00290290391807656,-0.12765957446808507,LOW,ROUTINE
NG-STU-0830,Elect & Elect Engineering,4.127659574468085,2.8,4.382978723404255,3.82666666666667,0,3.6946645848060924,0.010734608367534914,0.25531914893617014,LOW,ROUTINE
NG-STU-0831,Elect & Elect Engineering,3.893617021276596,4.1020408163265305,4.531914893617022,4.23148148148148,0,4.22658802608777,0.0041125808509054436,0.6382978723404258,LOW,ROUTINE
NG-STU-0832,Elect & Elect Engineering,4.276595744680851,4.081632653061225,4.276595744680851,4.06849315068493,0,4.225859320269482,0.00290290391807656,0.0,LOW,ROUTINE
NG-STU-0833,Elect & Elect Engineering,4.212765957446808,2.9056603773584904,2.4693877551020407,3.32217573221757,0,3.054071141122455,0.6103858793614622,-1.7433782023447675,CRITICAL,URGENT
NG-STU-0834,Elect & Elect Engineering,4.638297872340425,3.7755102040816326,4.127659574468085,4.11111111111111,0,4.126329074165992,0.00290290391807656,-0.5106382978723403,MODERATE,MONITOR
NG-STU-0835,Elect & Elect Engineering,2.851063829787234,2.1621621621621623,1.878787878787879,2.22147651006711,1,2.2427318160159504,0.9989869951143301,-0.972275950999355,CRITICAL,URGENT
NG-STU-0836,Elect & Elect Engineering,4.042553191489362,3.627450980392157,3.9791666666666665,3.7737556561086,0,3.809342923791204,0.00290290391807656,-0.06338652482269547,LOW,ROUTINE
NG-STU-0837,Elect & Elect Engineering,4.404255319148936,3.9591836734693877,4.531914893617022,4.39351851851852,0,4.356758193481256,0.00290290391807656,0.12765957446808596,LOW,ROUTINE
NG-STU-0838,Elect & Elect Engineering,3.74468085106383,3.150943396226415,2.5789473684210527,3.09243697478992,1,3.017758791399853,0.7176285378426542,-1.1657334826427772,CRITICAL,URGENT
NG-STU-0839,Elect & Elect Engineering,4.446808510638298,4.0,4.191489361702128,4.05504587155963,0,4.200146927290939,0.00290290391807656,-0.25531914893617014,LOW,ROUTINE
NG-STU-0840,Elect & Elect Engineering,4.638297872340425,4.63265306122449,4.531914893617022,4.57407407407407,0,4.528084961582371,0.00290290391807656,-0.10638297872340363,LOW,ROUTINE
NG-STU-0841,Elect & Elect Engineering,4.088888888888889,3.3333333333333335,4.0638297872340425,3.82743362831858,0,3.828737182162401,0.00290290391807656,-0.02505910165484604,LOW,ROUTINE
NG-STU-0842,Elect & Elect Engineering,4.488888888888889,3.6862745098039214,3.836734693877551,4.05963302752294,0,3.9177463545796343,0.00290290391807656,-0.6521541950113381,MODERATE,MONITOR
NG-STU-0843,Elect & Elect Engineering,3.7777777777777777,1.9655172413793103,2.2615384615384615,2.58270676691729,1,2.5556237703237064,0.9924198670699114,-1.5162393162393162,CRITICAL,URGENT
NG-STU-0844,Elect & Elect Engineering,3.8,2.4642857142857144,1.859375,2.64777327935223,1,2.560285662867701,0.9746371621530466,-1.9406249999999998,CRITICAL,URGENT
NG-STU-0845,Elect & Elect Engineering,4.2,3.418181818181818,2.4655172413793105,3.28879310344828,0,3.2236881861268434,0.3801458968804577,-1.7344827586206897,HIGH,PRIORITY
NG-STU-0846,Elect & Elect Engineering,3.688888888888889,2.4035087719298245,2.5689655172413794,2.744,1,2.7932509059354405,0.9511346744574757,-1.1199233716475097,CRITICAL,URGENT
NG-STU-0847,Elect & Elect Engineering,4.177777777777778,3.5660377358490565,3.6595744680851063,3.46396396396396,0,3.7057994035973563,0.00290290391807656,-0.5182033096926717,MODERATE,MONITOR
NG-STU-0848,Elect & Elect Engineering,4.266666666666667,3.69811320754717,3.0392156862745097,3.64285714285714,0,3.4710057661856943,0.038743381300854654,-1.227450980392157,MODERATE,MONITOR
NG-STU-0849,Elect & Elect Engineering,4.222222222222222,2.689655172413793,1.9423076923076923,2.72834645669291,1,2.7486666340609305,0.9590992733880276,-2.27991452991453,CRITICAL,URGENT
NG-STU-0850,Elect & Elect Engineering,4.2444444444444445,4.1020408163265305,3.9148936170212765,3.87383177570093,0,3.989114098872991,0.00290290391807656,-0.329550827423168,MODERATE,MONITOR
NG-STU-0851,Elect & Elect Engineering,3.8,2.7966101694915255,2.382978723404255,2.70750988142292,1,2.7764570241685966,0.8708720158328747,-1.4170212765957446,CRITICAL,URGENT
NG-STU-0852,Elect & Elect Engineering,4.688888888888889,3.8627450980392157,4.1063829787234045,4.14351851851852,0,4.135831378746096,0.00290290391807656,-0.5825059101654846,MODERATE,MONITOR
NG-STU-0853,Elect & Elect Engineering,4.2444444444444445,3.4901960784313726,3.306122448979592,3.51363636363636,0,3.600092672197049,0.0035071869336421122,-0.9383219954648525,MODERATE,MONITOR
NG-STU-0854,Elect & Elect Engineering,4.288888888888889,3.811320754716981,4.148936170212766,4.1743119266055,0,4.07396927613959,0.00290290391807656,-0.13995271867612313,LOW,ROUTINE
NG-STU-0855,Elect & Elect Engineering,4.044444444444444,3.795918367346939,4.1063829787234045,4.0,0,3.9227499924694045,0.00290290391807656,0.06193853427896023,LOW,ROUTINE
NG-STU-0856,Elect & Elect Engineering,4.5777777777777775,3.4615384615384617,3.06,3.69090909090909,0,3.506507165803601,0.038743381300854654,-1.5177777777777774,MODERATE,MONITOR
NG-STU-0857,Elect & Elect Engineering,4.466666666666667,4.142857142857143,4.085106382978723,4.15420560747664,0,4.136519873250797,0.00290290391807656,-0.3815602836879437,MODERATE,MONITOR
NG-STU-0858,Elect & Elect Engineering,4.066666666666666,3.803921568627451,3.9361702127659575,3.91666666666667,0,3.892127198037388,0.00290290391807656,-0.13049645390070896,LOW,ROUTINE
NG-STU-0859,Elect & Elect Engineering,4.555555555555555,3.5918367346938775,2.7636363636363637,3.29411764705882,0,3.3871882956184436,0.16205784789735359,-1.7919191919191917,MODERATE,MONITOR
NG-STU-0860,Elect & Elect Engineering,4.066666666666666,2.9444444444444446,3.1914893617021276,3.23076923076923,0,3.355793091479677,0.012970936829967146,-0.8751773049645388,MODERATE,MONITOR
NG-STU-0861,Elect & Elect Engineering,4.088888888888889,3.5510204081632653,3.3404255319148937,3.56018518518519,0,3.5587103300754244,0.00290290391807656,-0.7484633569739949,MODERATE,MONITOR
NG-STU-0862,Elect & Elect Engineering,4.666666666666667,4.061224489795919,3.5106382978723403,3.82407407407407,0,3.893619761708773,0.00290290391807656,-1.1560283687943267,MODERATE,MONITOR
NG-STU-0863,Elect & Elect Engineering,3.4444444444444446,3.1020408163265305,3.020408163265306,2.77215189873418,1,3.1367681655469632,0.31516251937182577,-0.4240362811791387,HIGH,PRIORITY
NG-STU-0864,Elect & Elect Engineering,3.7777777777777777,2.8363636363636364,1.826086956521739,2.51094890510949,1,2.6398231182262277,0.9704852242943759,-1.9516908212560387,CRITICAL,URGENT
NG-STU-0865,Elect & Elect Engineering,4.155555555555556,2.938775510204082,3.076923076923077,3.55855855855856,0,3.2981969311306476,0.03384823737220246,-1.0786324786324788,HIGH,PRIORITY
NG-STU-0866,Elect & Elect Engineering,4.2,2.7547169811320753,1.873015873015873,2.6984126984127,1,2.7848509806570605,0.929246218681331,-2.326984126984127,CRITICAL,URGENT
NG-STU-0867,Elect & Elect Engineering,3.7111111111111112,2.672727272727273,2.732142857142857,2.95435684647303,1,2.967061752310411,0.8720666374850997,-0.978968253968254,CRITICAL,URGENT
NG-STU-0868,Elect & Elect Engineering,4.888888888888889,3.816326530612245,3.6808510638297873,4.00925925925926,0,3.9411100956262706,0.00290290391807656,-1.208037825059102,MODERATE,MONITOR
NG-STU-0869,Elect & Elect Engineering,4.022222222222222,2.9454545454545453,2.3559322033898304,2.82730923694779,1,2.9005282453413783,0.7418416579261522,-1.6662900188323917,CRITICAL,URGENT
NG-STU-0870,Elect & Elect Engineering,4.644444444444445,3.784313725490196,3.723404255319149,4.08333333333333,0,3.916929032379476,0.00290290391807656,-0.921040189125296,MODERATE,MONITOR
NG-STU-0871,Elect & Elect Engineering,4.133333333333334,2.7288135593220337,3.0,3.01626016260163,1,3.1608771076993927,0.16316930206332061,-1.1333333333333337,HIGH,PRIORITY
NG-STU-0872,Elect & Elect Engineering,4.688888888888889,3.9183673469387754,4.531914893617022,4.33177570093458,0,4.3560696989765555,0.00290290391807656,-0.1569739952718674,LOW,ROUTINE
NG-STU-0873,Elect & Elect Engineering,4.622222222222222,4.673469387755102,4.787234042553192,4.71028037383178,0,4.661492457048029,0.00290290391807656,0.16501182033097006,LOW,ROUTINE
NG-STU-0874,Elect & Elect Engineering,3.7555555555555555,3.1666666666666665,3.5319148936170213,3.55707762557078,0,3.5129048601861395,0.011920790150094854,-0.22364066193853427,MODERATE,MONITOR
NG-STU-0875,Elect & Elect Engineering,4.7555555555555555,3.693877551020408,4.0212765957446805,4.17289719626168,0,4.057027453959226,0.00290290391807656,-0.734278959810875,MODERATE,MONITOR
NG-STU-0876,Elect & Elect Engineering,3.7333333333333334,3.2264150943396226,3.32,3.28,0,3.4081715880495174,0.008734599255204397,-0.41333333333333355,MODERATE,MONITOR
NG-STU-0877,Elect & Elect Engineering,4.466666666666667,4.142857142857143,4.148936170212766,4.25233644859813,0,4.200146927290939,0.00290290391807656,-0.31773049645390117,MODERATE,MONITOR
NG-STU-0878,Elect & Elect Engineering,4.533333333333333,4.244897959183674,4.28,4.33640552995392,0,4.339540627492428,0.00290290391807656,-0.25333333333333297,LOW,ROUTINE
NG-STU-0879,Elect & Elect Engineering,4.0,3.450980392156863,3.6595744680851063,3.75462962962963,0,3.6508263283743587,0.0038094596901422023,-0.34042553191489366,MODERATE,MONITOR
NG-STU-0880,Elect & Elect Engineering,4.711111111111111,4.36734693877551,4.191489361702128,4.25233644859813,0,4.305703559515671,0.00290290391807656,-0.5196217494089836,MODERATE,MONITOR
NG-STU-0881,Elect & Elect Engineering,3.4444444444444446,3.0517241379310347,1.6666666666666667,2.47569444444444,1,2.4629756181570586,0.9777296017180162,-1.777777777777778,CRITICAL,URGENT
NG-STU-0882,Elect & Elect Engineering,4.933333333333334,4.6938775510204085,4.787234042553192,4.80841121495327,0,4.741328950276851,0.00290290391807656,-0.14609929078014172,LOW,ROUTINE
NG-STU-0883,Elect & Elect Engineering,3.577777777777778,2.4827586206896552,2.9464285714285716,3.05555555555556,1,3.02556341617149,0.624111456436258,-0.6313492063492063,CRITICAL,URGENT
NG-STU-0884,Elect & Elect Engineering,3.2222222222222223,3.418181818181818,3.5106382978723403,3.32272727272727,0,3.488381711665862,0.016409051676605193,0.28841607565011795,MODERATE,MONITOR
NG-STU-0885,Elect & Elect Engineering,4.288888888888889,3.795918367346939,3.7872340425531914,3.7037037037037,0,3.8645692343530764,0.00290290391807656,-0.5016548463356973,MODERATE,MONITOR
NG-STU-0886,Elect & Elect Engineering,4.622222222222222,4.326530612244898,4.74468085106383,4.65420560747664,0,4.576691337468406,0.00290290391807656,0.12245862884160807,LOW,ROUTINE
NG-STU-0887,Elect & Elect Engineering,4.888888888888889,4.755102040816326,4.829787234042553,4.63084112149533,0,4.73697311351302,0.00290290391807656,-0.05910165484633634,LOW,ROUTINE
NG-STU-0888,Elect & Elect Engineering,4.777777777777778,4.204081632653061,4.8936170212765955,4.58411214953271,0,4.590002387143207,0.00290290391807656,0.1158392434988178,LOW,ROUTINE
NG-STU-0889,Elect & Elect Engineering,4.311111111111111,3.4081632653061225,3.9361702127659575,3.77102803738318,0,3.8851151388603338,0.00290290391807656,-0.37494089834515343,MODERATE,MONITOR
NG-STU-0890,Elect & Elect Engineering,3.466666666666667,2.909090909090909,2.2586206896551726,2.63529411764706,1,2.7006637349442664,0.9698283572185687,-1.2080459770114942,CRITICAL,URGENT
NG-STU-0891,Elect & Elect Engineering,4.7555555555555555,3.5306122448979593,3.3333333333333335,3.72685185185185,0,3.666445070079107,0.00290290391807656,-1.422222222222222,MODERATE,MONITOR
NG-STU-0892,Elect & Elect Engineering,3.422222222222222,3.061224489795918,2.43859649122807,3.03896103896104,1,2.867506855565589,0.91957550489365,-0.9836257309941518,CRITICAL,URGENT
NG-STU-0893,Elect & Elect Engineering,4.2,3.4705882352941178,3.72,3.76255707762557,0,3.75861805616519,0.00290290391807656,-0.48,MODERATE,MONITOR
NG-STU-0894,Elect & Elect Engineering,4.844444444444444,4.591836734693878,4.702127659574468,4.73364485981308,0,4.687071419755527,0.00290290391807656,-0.14231678486997623,LOW,ROUTINE
NG-STU-0895,Elect & Elect Engineering,4.844444444444444,4.510204081632653,4.680851063829787,4.67289719626168,0,4.643359575895881,0.00290290391807656,-0.16359338061465678,LOW,ROUTINE
NG-STU-0896,Elect & Elect Engineering,4.4222222222222225,4.040816326530612,4.23404255319149,4.10280373831776,0,4.247903755524119,0.00290290391807656,-0.1881796690307329,LOW,ROUTINE
NG-STU-0897,Elect & Elect Engineering,4.822222222222222,4.510204081632653,4.702127659574468,4.72429906542056,0,4.657415854256922,0.00290290391807656,-0.12009456264775409,LOW,ROUTINE
NG-STU-0898,Elect & Elect Engineering,4.822222222222222,4.3061224489795915,4.404255319148936,4.33177570093458,0,4.3973083754089455,0.00290290391807656,-0.4179669030732862,MODERATE,MONITOR
NG-STU-0899,Elect & Elect Engineering,4.377777777777778,3.510204081632653,3.0851063829787235,3.40888888888889,0,3.574943843759217,0.01531474885225532,-1.2926713947990547,MODERATE,MONITOR
NG-STU-0900,Elect & Elect Engineering,4.066666666666666,3.5714285714285716,2.857142857142857,3.41333333333333,0,3.373450910052354,0.08066266006279951,-1.2095238095238092,MODERATE,MONITOR
NG-STU-0901,Elect & Elect Engineering,4.266666666666667,3.309090909090909,3.9574468085106385,3.79545454545455,0,3.812899364540504,0.00290290391807656,-0.30921985815602815,MODERATE,MONITOR
NG-STU-0902,Elect & Elect Engineering,4.377777777777778,4.510204081632653,4.680851063829787,4.53738317757009,0,4.567451381905959,0.00290290391807656,0.3030732860520091,LOW,ROUTINE
NG-STU-0903,Elect & Elect Engineering,3.511111111111111,2.9655172413793105,2.0806451612903225,2.6455223880597,1,2.6730948151426204,0.9703847435352069,-1.4304659498207886,CRITICAL,URGENT
NG-STU-0904,Elect & Elect Engineering,3.1777777777777776,3.607843137254902,2.7777777777777777,3.17796610169492,0,3.153301743372483,0.4174240632942141,-0.3999999999999999,HIGH,PRIORITY
NG-STU-0905,Elect & Elect Engineering,3.8666666666666667,3.43859649122807,3.169811320754717,3.3695652173913,0,3.4711914361505514,0.008207163817508316,-0.6968553459119495,MODERATE,MONITOR
NG-STU-0906,Elect & Elect Engineering,4.511111111111111,3.381818181818182,3.127659574468085,3.56828193832599,0,3.55334020079456,0.01531474885225532,-1.383451536643026,MODERATE,MONITOR
NG-STU-0907,Elect & Elect Engineering,4.5777777777777775,4.428571428571429,4.702127659574468,4.58796296296296,0,4.577876073958735,0.00290290391807656,0.12434988179669038,LOW,ROUTINE
NG-STU-0908,Elect & Elect Engineering,4.822222222222222,4.612244897959184,4.659574468085107,4.70093457943925,0,4.639290617135314,0.00290290391807656,-0.16264775413711519,LOW,ROUTINE
NG-STU-0909,Elect & Elect Engineering,4.688888888888889,3.5306122448979593,4.235294117647059,4.20183486238532,0,4.152629516814567,0.00290290391807656,-0.45359477124183023,MODERATE,MONITOR
NG-STU-0910,Elect & Elect Engineering,3.466666666666667,2.795918367346939,1.9193548387096775,2.43065693430657,1,2.5157998253022527,0.986420882064795,-1.5473118279569893,CRITICAL,URGENT
NG-STU-0911,Elect & Elect Engineering,4.222222222222222,3.2264150943396226,4.638297872340425,4.24770642201835,0,4.036600325150044,0.00290290391807656,0.416075650118203,LOW,ROUTINE
NG-STU-0912,Elect & Elect Engineering,4.2,3.673469387755102,3.595744680851064,3.72685185185185,0,3.7634695623971055,0.00290290391807656,-0.6042553191489364,MODERATE,MONITOR
NG-STU-0913,Elect & Elect Engineering,4.177777777777778,2.7755102040816326,2.090909090909091,2.95061728395062,1,2.866121599003448,0.929246218681331,-2.086868686868687,CRITICAL,URGENT
NG-STU-0914,Elect & Elect Engineering,3.8444444444444446,2.7586206896551726,3.1470588235294117,3.1255230125523,0,3.2650438652837313,0.029919751073271952,-0.6973856209150329,HIGH,PRIORITY
NG-STU-0915,Elect & Elect Engineering,4.866666666666666,4.6938775510204085,4.702127659574468,4.65420560747664,0,4.704303059235654,0.00290290391807656,-0.16453900709219837,LOW,ROUTINE
NG-STU-0916,Elect & Elect Engineering,4.311111111111111,4.1568627450980395,3.6595744680851063,3.88636363636364,0,3.922345550845142,0.00290290391807656,-0.6515366430260046,MODERATE,MONITOR
NG-STU-0917,Elect & Elect Engineering,3.511111111111111,3.196078431372549,2.1475409836065573,2.59022556390977,1,2.795008424432832,0.9431883817354385,-1.3635701275045538,CRITICAL,URGENT
NG-STU-0918,Elect & Elect Engineering,3.9555555555555557,3.7346938775510203,4.212765957446808,4.11214953271028,0,3.995035000634568,0.0041125808509054436,0.25721040189125244,LOW,ROUTINE
NG-STU-0919,Elect & Elect Engineering,4.111111111111111,3.2745098039215685,2.72,3.38565022421525,0,3.2789618566319714,0.20880392782690227,-1.3911111111111105,HIGH,PRIORITY
NG-STU-0920,Elect & Elect Engineering,4.4222222222222225,3.4901960784313726,3.3617021276595747,3.65909090909091,0,3.6595339523910537,0.00290290391807656,-1.0605200945626478,MODERATE,MONITOR
NG-STU-0921,Elect & Elect Engineering,4.2444444444444445,3.641509433962264,2.8076923076923075,3.50446428571429,0,3.3861902162579023,0.11114322103803664,-1.436752136752137,MODERATE,MONITOR
NG-STU-0922,Elect & Elect Engineering,4.355555555555555,4.215686274509804,3.7872340425531914,4.06018518518519,0,3.9961109167426367,0.00290290391807656,-0.5683215130023638,MODERATE,MONITOR
NG-STU-0923,Elect & Elect Engineering,3.533333333333333,2.272727272727273,1.8088235294117647,2.43589743589744,1,2.3620610808449647,0.997018190082805,-1.7245098039215685,CRITICAL,URGENT
NG-STU-0924,Elect & Elect Engineering,3.2444444444444445,2.0833333333333335,2.15,2.4176245210728,1,2.3964562464694645,0.9968851711527028,-1.0944444444444446,CRITICAL,URGENT
NG-STU-0925,Elect & Elect Engineering,3.869565217391304,3.3877551020408165,3.3529411764705883,3.47963800904977,0,3.4978828513012896,0.0041125808509054436,-0.5166240409207159,MODERATE,MONITOR
NG-STU-0926,Elect & Elect Engineering,2.717391304347826,1.901639344262295,1.8529411764705883,2.24666666666667,1,2.1654225300634735,0.9989869951143301,-0.8644501278772379,CRITICAL,URGENT
NG-STU-0927,Elect & Elect Engineering,4.239130434782608,4.215686274509804,4.108695652173913,4.14883720930233,0,4.182364728851584,0.00290290391807656,-0.13043478260869534,LOW,ROUTINE
NG-STU-0928,Elect & Elect Engineering,4.239130434782608,3.7755102040816326,3.5,3.81395348837209,0,3.748305309903754,0.00290290391807656,-0.7391304347826084,MODERATE,MONITOR
NG-STU-0929,Elect & Elect Engineering,2.9565217391304346,2.9047619047619047,2.3333333333333335,2.68401486988848,1,2.6122232810229185,0.9846677480099998,-0.6231884057971011,CRITICAL,URGENT
NG-STU-0930,Elect & Elect Engineering,3.3191489361702127,1.7755102040816326,2.010869565217391,2.91735537190083,1,2.390985584482787,0.997850112838869,-1.3082793709528215,CRITICAL,URGENT
NG-STU-0931,Elect & Elect Engineering,2.872340425531915,1.588235294117647,2.4237288135593222,2.59615384615385,1,2.4753172928657734,0.9972068572114692,-0.4486116119725927,CRITICAL,URGENT
NG-STU-0932,Elect & Elect Engineering,4.217391304347826,3.63265306122449,3.7551020408163267,3.8348623853211,0,3.7834692420005083,0.00290290391807656,-0.46228926353149946,MODERATE,MONITOR
NG-STU-0933,Elect & Elect Engineering,4.695652173913044,4.591836734693878,4.630434782608695,4.70892018779343,0,4.605041053462307,0.00290290391807656,-0.06521739130434856,LOW,ROUTINE
NG-STU-0934,Elect & Elect Engineering,4.195652173913044,3.549019607843137,3.8260869565217392,3.68493150684932,0,3.75861805616519,0.00290290391807656,-0.36956521739130466,MODERATE,MONITOR
NG-STU-0935,Elect & Elect Engineering,4.326086956521739,4.224489795918367,4.239130434782608,4.35211267605634,0,4.282554194710399,0.00290290391807656,-0.08695652173913082,LOW,ROUTINE
NG-STU-0936,Elect & Elect Engineering,4.282608695652174,3.230769230769231,2.459016393442623,3.0078125,1,3.144971620043627,0.4785480414383929,-1.8235923022095508,HIGH,PRIORITY
NG-STU-0937,Elect & Elect Engineering,3.3260869565217392,3.4166666666666665,2.509433962264151,2.82572614107884,1,3.0221290360459414,0.7784800235473558,-0.8166529942575882,CRITICAL,URGENT
NG-STU-0938,Elect & Elect Engineering,4.913043478260869,4.775510204081633,4.891304347826087,4.85446009389671,0,4.767049832043641,0.00290290391807656,-0.02173913043478226,LOW,ROUTINE
NG-STU-0939,Elect & Elect Engineering,4.173913043478261,2.9166666666666665,2.338235294117647,2.92015209125475,1,2.9083875557890932,0.8449144986093592,-1.8356777493606136,CRITICAL,URGENT
NG-STU-0940,Elect & Elect Engineering,4.326086956521739,3.6041666666666665,3.0392156862745097,3.4025974025974,0,3.494151995863257,0.038743381300854654,-1.2868712702472296,MODERATE,MONITOR
NG-STU-0941,Elect & Elect Engineering,3.4130434782608696,3.2549019607843137,3.0961538461538463,3.28318584070796,0,3.269900055722053,0.0792104327374967,-0.31688963210702337,HIGH,PRIORITY
NG-STU-0942,Elect & Elect Engineering,3.760869565217391,2.7115384615384617,2.021276595744681,2.66541353383459,1,2.7036594259186533,0.9704852242943759,-1.7395929694727101,CRITICAL,URGENT
NG-STU-0943,Elect & Elect Engineering,3.3260869565217392,3.1923076923076925,2.5555555555555554,2.89029535864979,1,2.9261779151101406,0.8533036671240938,-0.7705314009661839,CRITICAL,URGENT
NG-STU-0944,Elect & Elect Engineering,4.021739130434782,3.1,2.7288135593220337,3.16803278688525,0,3.161500301219893,0.3040194761935966,-1.2929255711127485,HIGH,PRIORITY
NG-STU-0945,Elect & Elect Engineering,4.217391304347826,4.3061224489795915,4.326086956521739,4.24882629107981,0,4.2882097842897196,0.00290290391807656,0.10869565217391308,LOW,ROUTINE
NG-STU-0946,Elect & Elect Engineering,4.130434782608695,3.7916666666666665,3.4782608695652173,3.55803571428571,0,3.706922967782129,0.00290290391807656,-0.652173913043478,MODERATE,MONITOR
NG-STU-0947,Elect & Elect Engineering,3.6956521739130435,3.2291666666666665,2.980392156862745,3.42543859649123,0,3.221293265212537,0.17760337859577857,-0.7152600170502983,HIGH,PRIORITY
NG-STU-0948,Elect & Elect Engineering,4.195652173913044,3.5918367346938775,3.74,3.82110091743119,0,3.765746532978068,0.00290290391807656,-0.4556521739130437,MODERATE,MONITOR
NG-STU-0949,Elect & Elect Engineering,3.369565217391304,2.7083333333333335,2.3181818181818183,2.59191176470588,1,2.640980033760113,0.9777611438920433,-1.0513833992094859,CRITICAL,URGENT
NG-STU-0950,Elect & Elect Engineering,3.9347826086956523,3.314814814814815,3.125,3.49771689497717,0,3.4221218915082843,0.02158463471731463,-0.8097826086956523,MODERATE,MONITOR
NG-STU-0951,Elect & Elect Engineering,4.913043478260869,4.530612244897959,4.717391304347826,4.72300469483568,0,4.671466287624957,0.00290290391807656,-0.19565217391304301,LOW,ROUTINE
NG-STU-0952,Elect & Elect Engineering,4.456521739130435,4.3061224489795915,4.6521739130434785,4.47417840375587,0,4.480212354786198,0.00290290391807656,0.1956521739130439,LOW,ROUTINE
NG-STU-0953,Elect & Elect Engineering,3.891304347826087,3.076923076923077,2.076923076923077,2.6865671641791,1,2.8124842047203824,0.9003458621176748,-1.8143812709030098,CRITICAL,URGENT
NG-STU-0954,Elect & Elect Engineering,4.695652173913044,4.081632653061225,4.5,4.40845070422535,0,4.399964361685751,0.00290290391807656,-0.1956521739130439,LOW,ROUTINE
NG-STU-0955,Elect & Elect Engineering,4.521739130434782,3.7755102040816326,3.5652173913043477,3.95927601809955,0,3.8003449327476826,0.00290290391807656,-0.9565217391304346,MODERATE,MONITOR
NG-STU-0956,Elect & Elect Engineering,3.347826086956522,2.807017543859649,3.6041666666666665,3.26872246696035,0,3.3351351144366648,0.056619967789837536,0.25634057971014457,HIGH,PRIORITY
NG-STU-0957,Elect & Elect Engineering,4.673913043478261,4.244897959183674,4.717391304347826,4.64319248826291,0,4.553715879795244,0.00290290391807656,0.04347826086956541,LOW,ROUTINE
NG-STU-0958,Elect & Elect Engineering,4.304347826086956,3.4489795918367347,3.8260869565217392,3.96728971962617,0,3.794795457117161,0.00290290391807656,-0.47826086956521685,MODERATE,MONITOR
NG-STU-0959,Elect & Elect Engineering,4.130434782608695,3.6041666666666665,3.375,3.64055299539171,0,3.606825395152776,0.00290290391807656,-0.7554347826086953,MODERATE,MONITOR
NG-STU-0960,Elect & Elect Engineering,3.5217391304347827,3.625,3.6,3.4646017699115,0,3.5737431533792794,0.011875559585425164,0.07826086956521738,MODERATE,MONITOR
NG-STU-0961,Elect & Elect Engineering,4.111111111111111,3.4,4.1063829787234045,3.72687224669604,0,3.877806726804668,0.00290290391807656,-0.0047281323877061965,LOW,ROUTINE
NG-STU-0962,Elect & Elect Engineering,3.8666666666666667,3.326530612244898,3.9574468085106385,3.78181818181818,0,3.734060040349728,0.0041125808509054436,0.09078014184397176,LOW,ROUTINE
NG-STU-0963,Elect & Elect Engineering,4.511111111111111,3.769230769230769,4.51063829787234,4.33181818181818,0,4.258765155855054,0.00290290391807656,-0.0004728132387707973,LOW,ROUTINE
NG-STU-0964,Elect & Elect Engineering,3.3333333333333335,2.5762711864406778,3.7083333333333335,3.24561403508772,0,3.3391674889746716,0.09992563598569465,0.375,HIGH,PRIORITY
NG-STU-0965,Elect & Elect Engineering,4.177777777777778,3.3958333333333335,4.183673469387755,3.79452054794521,0,3.935579377293673,0.00290290391807656,0.0058956916099770496,LOW,ROUTINE
NG-STU-0966,Elect & Elect Engineering,4.266666666666667,3.0,3.6136363636363638,3.56306306306306,0,3.576810325825109,0.006515303529412584,-0.6530303030303028,MODERATE,MONITOR
NG-STU-0967,Elect & Elect Engineering,4.822222222222222,4.0,4.574468085106383,4.52534562211982,0,4.440209830464115,0.00290290391807656,-0.24775413711583916,LOW,ROUTINE
NG-STU-0968,Elect & Elect Engineering,4.644444444444445,4.081632653061225,4.446808510638298,4.2073732718894,0,4.363869696913631,0.00290290391807656,-0.19763593380614708,LOW,ROUTINE
NG-STU-0969,Elect & Elect Engineering,4.0,2.709090909090909,3.4468085106382977,3.2780269058296,0,3.355593437273786,0.014052479061399545,-0.5531914893617023,MODERATE,MONITOR
NG-STU-0970,Elect & Elect Engineering,3.8666666666666667,3.784313725490196,4.3478260869565215,4.09954751131222,0,4.049026958452503,0.0041125808509054436,0.4811594202898548,LOW,ROUTINE
NG-STU-0971,Elect & Elect Engineering,4.222222222222222,2.857142857142857,2.893617021276596,3.31981981981982,0,3.2339120394820164,0.14006967363803363,-1.3286052009456264,HIGH,PRIORITY
NG-STU-0972,Elect & Elect Engineering,4.177777777777778,3.5918367346938775,4.1063829787234045,3.8675799086758,0,3.9006844430310657,0.00290290391807656,-0.07139479905437351,LOW,ROUTINE
NG-STU-0973,Elect & Elect Engineering,3.8222222222222224,2.9019607843137254,3.6363636363636362,3.44394618834081,0,3.4531781718468157,0.01077123044531,-0.18585858585858617,MODERATE,MONITOR
NG-STU-0974,Elect & Elect Engineering,4.377777777777778,3.816326530612245,4.574468085106383,4.35023041474654,0,4.284449044921395,0.00290290391807656,0.1966903073286046,LOW,ROUTINE
NG-STU-0975,Elect & Elect Engineering,4.733333333333333,3.673469387755102,4.085106382978723,4.21198156682028,0,4.057027453959226,0.00290290391807656,-0.6482269503546103,MODERATE,MONITOR
NG-STU-0976,Elect & Elect Engineering,4.644444444444445,3.6470588235294117,4.702127659574468,4.34246575342466,0,4.368666828278942,0.00290290391807656,0.05768321513002306,LOW,ROUTINE
NG-STU-0977,Elect & Elect Engineering,3.8666666666666667,2.6379310344827585,3.9148936170212765,3.71052631578947,0,3.5001760423571473,0.026746067697855307,0.04822695035460978,MODERATE,MONITOR
NG-STU-0978,Elect & Elect Engineering,4.533333333333333,3.7551020408163267,4.148936170212766,3.99086757990868,0,4.0774483397948735,0.00290290391807656,-0.3843971631205676,MODERATE,MONITOR
NG-STU-0979,Elect & Elect Engineering,4.088888888888889,2.5714285714285716,2.9347826086956523,3.19409282700422,0,3.1157314387636714,0.2582365334632529,-1.1541062801932362,HIGH,PRIORITY
NG-STU-0980,Elect & Elect Engineering,4.222222222222222,3.061224489795918,4.404255319148936,3.97235023041475,0,3.7858054635738583,0.006515303529412584,0.18203309692671343,LOW,ROUTINE
NG-STU-0981,Elect & Elect Engineering,4.111111111111111,3.2222222222222223,4.148936170212766,3.77130044843049,0,3.8496860434871856,0.00290290391807656,0.0378250591016549,LOW,ROUTINE
NG-STU-0982,Elect & Elect Engineering,4.644444444444445,4.1568627450980395,4.468085106382978,4.38812785388128,0,4.363869696913631,0.00290290391807656,-0.17635933806146653,LOW,ROUTINE
NG-STU-0983,Elect & Elect Engineering,3.2222222222222223,2.389830508474576,3.574468085106383,3.26293103448276,0,3.274943187369278,0.1366965047378851,0.3522458628841605,HIGH,PRIORITY
NG-STU-0984,Elect & Elect Engineering,4.466666666666667,3.938775510204082,4.0638297872340425,4.11981566820277,0,4.092625210541601,0.00290290391807656,-0.40283687943262425,MODERATE,MONITOR
NG-STU-0985,Elect & Elect Engineering,3.3555555555555556,2.721311475409836,3.28,3.27916666666667,0,3.1676109337321225,0.06764762492638488,-0.07555555555555582,HIGH,PRIORITY
NG-STU-0986,Elect & Elect Engineering,3.688888888888889,3.2745098039215685,4.5,3.81735159817352,0,3.95880747980068,0.011875559585425164,0.8111111111111109,LOW,ROUTINE
NG-STU-0987,Elect & Elect Engineering,3.6,2.8545454545454545,4.0625,3.68122270742358,0,3.5493689225130463,0.03606999790297912,0.4624999999999999,MODERATE,MONITOR
NG-STU-0988,Elect & Elect Engineering,3.2666666666666666,2.0655737704918034,3.2549019607843137,2.96341463414634,1,2.9948103554749093,0.434529785813925,-0.0117647058823529,CRITICAL,URGENT
NG-STU-0989,Elect & Elect Engineering,3.8,2.8771929824561404,3.8333333333333335,3.53947368421053,0,3.5028827490926195,0.012694452005255886,0.03333333333333366,MODERATE,MONITOR
NG-STU-0990,Elect & Elect Engineering,2.888888888888889,2.3448275862068964,3.52,3.08786610878661,1,3.162652319083744,0.4489691210867493,0.6311111111111112,HIGH,PRIORITY
NG-STU-0991,Elect & Elect Engineering,3.6222222222222222,2.611111111111111,3.3404255319148937,3.23451327433628,0,3.226210390020293,0.07405544458981035,-0.28179669030732857,HIGH,PRIORITY
NG-STU-0992,Elect & Elect Engineering,4.044444444444444,3.5714285714285716,4.361702127659575,4.05529953917051,0,3.9936465054548855,0.00290290391807656,0.31725768321513037,LOW,ROUTINE
NG-STU-0993,Elect & Elect Engineering,4.044444444444444,3.2037037037037037,4.148936170212766,3.67567567567568,0,3.8206521483378304,0.004795757419363697,0.10449172576832133,LOW,ROUTINE
NG-STU-0994,Elect & Elect Engineering,3.2,2.5172413793103448,3.86,3.34782608695652,0,3.3666181118675,0.09992563598569465,0.6599999999999997,MODERATE,MONITOR
NG-STU-0995,Elect & Elect Engineering,3.5555555555555554,3.0,3.9591836734693877,3.71300448430493,0,3.504948148570814,0.026358446096470176,0.40362811791383235,MODERATE,MONITOR
NG-STU-0996,Elect & Elect Engineering,3.7555555555555555,2.811320754716981,3.276595744680851,3.23451327433628,0,3.295376156617965,0.03179781465287396,-0.4789598108747044,HIGH,PRIORITY
NG-STU-0997,Elect & Elect Engineering,4.6,3.6122448979591835,4.355555555555555,4.10045662100457,0,4.145418547672238,0.00290290391807656,-0.24444444444444446,LOW,ROUTINE
NG-STU-0998,Elect & Elect Engineering,4.711111111111111,4.1020408163265305,4.74468085106383,4.55299539170507,0,4.533371857151409,0.00290290391807656,0.033569739952718614,LOW,ROUTINE
NG-STU-0999,Elect & Elect Engineering,3.488888888888889,3.215686274509804,3.3617021276595747,3.34070796460177,0,3.3751306178687743,0.011875559585425164,-0.12718676122931427,MODERATE,MONITOR
NG-STU-1000,Elect & Elect Engineering,3.9555555555555557,3.269230769230769,4.122448979591836,3.86486486486486,0,3.8104622076777077,0.0041125808509054436,0.1668934240362807,LOW,ROUTINE
NG-STU-1001,Elect & Elect Engineering,4.888888888888889,4.63265306122449,4.595744680851064,4.55299539170507,0,4.5948893719859045,0.00290290391807656,-0.29314420803782504,LOW,ROUTINE
NG-STU-1002,Elect & Elect Engineering,4.133333333333334,3.392156862745098,4.191489361702128,3.88127853881279,0,3.919830137880153,0.00290290391807656,0.058156028368793855,LOW,ROUTINE
NG-STU-1003,Elect & Elect Engineering,3.3333333333333335,2.5,3.8085106382978724,3.26106194690265,0,3.3391674889746716,0.1136819960106132,0.4751773049645389,HIGH,PRIORITY
NG-STU-1004,Elect & Elect Engineering,4.311111111111111,3.314814814814815,4.0,3.90990990990991,0,3.891498900221262,0.00290290391807656,-0.3111111111111109,MODERATE,MONITOR
NG-STU-1005,Elect & Elect Engineering,3.6444444444444444,2.4035087719298245,3.2127659574468086,3.21834061135371,0,3.1327696629691766,0.15623096550000531,-0.4316784869976358,HIGH,PRIORITY
NG-STU-1006,Elect & Elect Engineering,4.311111111111111,3.1538461538461537,3.6382978723404253,3.63513513513514,0,3.6586276150472234,0.004795757419363697,-0.6728132387706856,MODERATE,MONITOR
NG-STU-1007,Elect & Elect Engineering,3.977777777777778,3.326923076923077,4.553191489361702,4.02727272727273,0,4.0097516665833846,0.0041125808509054436,0.5754137115839244,LOW,ROUTINE
NG-STU-1008,Elect & Elect Engineering,4.6,3.4489795918367347,4.5227272727272725,4.14285714285714,0,4.213166563120393,0.00290290391807656,-0.07727272727272716,LOW,ROUTINE
NG-STU-1009,Elect & Elect Engineering,4.644444444444445,4.224489795918367,4.446808510638298,4.35294117647059,0,4.397418341676985,0.00290290391807656,-0.19763593380614708,LOW,ROUTINE
NG-STU-1010,Elect & Elect Engineering,3.888888888888889,2.3620689655172415,3.7872340425531914,3.27631578947368,0,3.4283840811998822,0.07064635935168553,-0.10165484633569744,MODERATE,MONITOR
NG-STU-1011,Elect & Elect Engineering,4.066666666666666,3.36734693877551,3.7291666666666665,3.86995515695067,0,3.6811973406757064,0.00290290391807656,-0.3374999999999999,MODERATE,MONITOR
NG-STU-1012,Elect & Elect Engineering,3.3333333333333335,2.2363636363636363,3.0625,2.9957805907173,1,2.851236982960204,0.841493857451019,-0.2708333333333335,CRITICAL,URGENT
NG-STU-1013,Elect & Elect Engineering,4.733333333333333,4.204081632653061,4.708333333333333,4.65296803652968,0,4.543945044241601,0.00290290391807656,-0.025000000000000355,LOW,ROUTINE
NG-STU-1014,Elect & Elect Engineering,4.666666666666667,3.6122448979591835,4.311111111111111,4.37155963302752,0,4.145418547672238,0.00290290391807656,-0.35555555555555607,MODERATE,MONITOR
NG-STU-1015,Elect & Elect Engineering,3.7777777777777777,2.823529411764706,4.3125,3.64545454545455,0,3.64597739655473,0.026448474221649046,0.5347222222222223,LOW,ROUTINE
NG-STU-1016,Elect & Elect Engineering,4.555555555555555,3.8653846153846154,4.425531914893617,4.17117117117117,0,4.286513598569558,0.00290290391807656,-0.13002364066193817,LOW,ROUTINE
NG-STU-1017,Elect & Elect Engineering,4.488888888888889,3.4615384615384617,4.042553191489362,4.07727272727273,0,3.9687530583886748,0.00290290391807656,-0.44633569739952694,MODERATE,MONITOR
NG-STU-1018,Elect & Elect Engineering,4.533333333333333,3.510204081632653,3.9361702127659575,3.77130044843049,0,3.9132997523854796,0.00290290391807656,-0.5971631205673757,MODERATE,MONITOR
NG-STU-1019,Elect & Elect Engineering,3.888888888888889,3.2884615384615383,3.978723404255319,3.69090909090909,0,3.734060040349728,0.0041125808509054436,0.08983451536643017,LOW,ROUTINE
NG-STU-1020,Elect & Elect Engineering,4.555555555555555,3.0816326530612246,3.9183673469387754,3.79372197309417,0,3.7596848272890036,0.004795757419363697,-0.6371882086167799,MODERATE,MONITOR
NG-STU-1021,Elect & Elect Engineering,4.288888888888889,2.843137254901961,4.0212765957446805,3.81081081081081,0,3.6661212622121173,0.010734608367534914,-0.2676122931442082,LOW,ROUTINE
NG-STU-1022,Elect & Elect Engineering,2.7142857142857144,2.490566037735849,3.42,3.15789473684211,0,3.1363198433420156,0.21415865990915114,0.7057142857142855,HIGH,PRIORITY
NG-STU-1023,Elect & Elect Engineering,4.311111111111111,2.706896551724138,3.5714285714285716,3.4,0,3.452061837096846,0.010734608367534914,-0.7396825396825393,MODERATE,MONITOR
NG-STU-1024,Elect & Elect Engineering,4.333333333333333,3.3260869565217392,3.574468085106383,3.57918552036199,0,3.6815016108695002,0.00290290391807656,-0.7588652482269502,MODERATE,MONITOR
NG-STU-1025,Elect & Elect Engineering,3.511111111111111,2.3508771929824563,3.25,3.01731601731602,1,3.0744836093502275,0.3563269266337581,-0.26111111111111107,CRITICAL,URGENT
NG-STU-1026,Elect & Elect Engineering,4.133333333333334,3.0925925925925926,3.9574468085106385,3.50660792951542,0,3.6544245313847075,0.004795757419363697,-0.1758865248226953,LOW,ROUTINE
NG-STU-1027,Elect & Elect Engineering,4.133333333333334,3.62,4.468085106382978,3.97247706422018,0,4.092801380527162,0.00290290391807656,0.33475177304964454,LOW,ROUTINE
NG-STU-1028,Elect & Elect Engineering,3.8444444444444446,3.1320754716981134,3.9583333333333335,3.75,0,3.687178464056194,0.0067888399829248046,0.11388888888888893,LOW,ROUTINE
NG-STU-1029,Elect & Elect Engineering,4.488888888888889,2.7586206896551726,3.7551020408163267,3.60869565217391,0,3.5806550988235157,0.010734608367534914,-0.7337868480725622,MODERATE,MONITOR
NG-STU-1030,Elect & Elect Engineering,3.888888888888889,2.3684210526315788,3.4705882352941178,3.21702127659574,0,3.3352663864281227,0.03771656761606071,-0.4183006535947711,HIGH,PRIORITY
NG-STU-1031,Elect & Elect Engineering,3.2666666666666666,2.7241379310344827,3.2857142857142856,3.19148936170213,0,3.1676109337321225,0.06991334545122718,0.01904761904761898,HIGH,PRIORITY
NG-STU-1032,Elect & Elect Engineering,4.386363636363637,4.270833333333333,4.448979591836735,4.37383177570093,0,4.402044976432614,0.00290290391807656,0.06261595547309806,LOW,ROUTINE
NG-STU-1033,Elect & Elect Engineering,3.977272727272727,2.4262295081967213,2.2653061224489797,2.59139784946237,1,2.7338477168039614,0.9612547096833592,-1.7119666048237474,CRITICAL,URGENT
NG-STU-1034,Elect & Elect Engineering,3.727272727272727,4.608695652173913,4.469387755102041,4.31603773584906,0,4.287687725894032,0.0072361813737831,0.7421150278293136,LOW,ROUTINE
NG-STU-1035,Elect & Elect Engineering,3.909090909090909,4.782608695652174,4.673469387755102,4.52358490566038,0,4.4273311927597465,0.0041125808509054436,0.7643784786641925,LOW,ROUTINE
NG-STU-1036,Elect & Elect Engineering,3.1818181818181817,2.764705882352941,3.26,3.18918918918919,0,3.179784699697893,0.11079427504237278,0.07818181818181813,HIGH,PRIORITY
NG-STU-1037,Elect & Elect Engineering,4.318181818181818,4.260869565217392,4.142857142857143,4.16981132075472,0,4.23431277778603,0.00290290391807656,-0.1753246753246751,LOW,ROUTINE
NG-STU-1038,Elect & Elect Engineering,3.1818181818181817,3.0208333333333335,3.7450980392156863,3.39555555555556,0,3.4268772259572695,0.03621812596054824,0.5632798573975046,MODERATE,MONITOR
NG-STU-1039,Elect & Elect Engineering,4.386363636363637,4.5,4.408163265306122,4.30841121495327,0,4.391507592465438,0.00290290391807656,0.021799628942485327,LOW,ROUTINE
NG-STU-1040,Elect & Elect Engineering,3.022222222222222,3.34,3.018181818181818,3.10483870967742,0,3.178609401616126,0.22363005800761937,-0.004040404040404066,HIGH,PRIORITY
NG-STU-1041,Elect & Elect Engineering,3.1818181818181817,2.3636363636363638,2.980392156862745,2.86166007905138,1,2.8936667418292603,0.8465844787412569,-0.2014260249554365,CRITICAL,URGENT
NG-STU-1042,Elect & Elect Engineering,3.2045454545454546,3.282608695652174,3.0408163265306123,3.35321100917431,0,3.2199663859805407,0.18762421789815317,-0.1637291280148423,HIGH,PRIORITY
NG-STU-1043,Elect & Elect Engineering,4.159090909090909,4.130434782608695,4.26530612244898,4.24056603773585,0,4.201993071301704,0.00290290391807656,0.10621521335807049,LOW,ROUTINE
NG-STU-1044,Elect & Elect Engineering,4.4772727272727275,4.608695652173913,4.591836734693878,4.52358490566038,0,4.529593666147457,0.00290290391807656,0.11456400742115047,LOW,ROUTINE
NG-STU-1045,Elect & Elect Engineering,4.590909090909091,4.760869565217392,4.755102040816326,4.7122641509434,0,4.675545507420148,0.00290290391807656,0.16419294990723543,LOW,ROUTINE
NG-STU-1046,Elect & Elect Engineering,2.772727272727273,2.262295081967213,2.42,2.43939393939394,1,2.48942063704109,0.9972068572114692,-0.352727272727273,CRITICAL,URGENT
NG-STU-1047,Elect & Elect Engineering,3.272727272727273,2.909090909090909,3.1176470588235294,3.08583690987124,1,3.178999576800881,0.18544515431541309,-0.1550802139037435,HIGH,PRIORITY
NG-STU-1048,Elect & Elect Engineering,4.75,4.673913043478261,4.714285714285714,4.61320754716981,0,4.657547983078107,0.00290290391807656,-0.03571428571428559,LOW,ROUTINE
NG-STU-1049,Elect & Elect Engineering,4.840909090909091,4.782608695652174,5.0,4.87735849056604,0,4.761844260647879,0.00290290391807656,0.15909090909090917,LOW,ROUTINE
NG-STU-1050,Elect & Elect Engineering,2.8181818181818183,2.316666666666667,3.7450980392156863,3.14102564102564,0,3.2752648778528193,0.4489691210867493,0.926916221033868,HIGH,PRIORITY
NG-STU-1051,Elect & Elect Engineering,4.5,4.108695652173913,4.020408163265306,3.74429223744292,0,4.136519873250797,0.00290290391807656,-0.4795918367346941,MODERATE,MONITOR
NG-STU-1052,Elect & Elect Engineering,3.4,1.7580645161290323,2.0277777777777777,2.46875,1,2.390985584482787,0.9977728665314147,-1.3722222222222222,CRITICAL,URGENT
NG-STU-1053,Elect & Elect Engineering,4.795454545454546,4.304347826086956,4.26530612244898,4.41981132075472,0,4.387896875240477,0.00290290391807656,-0.5301484230055662,MODERATE,MONITOR
NG-STU-1054,Elect & Elect Engineering,3.8863636363636362,4.326086956521739,4.163265306122449,4.18867924528302,0,4.13232722391769,0.0041125808509054436,0.2769016697588129,LOW,ROUTINE
NG-STU-1055,Elect & Elect Engineering,3.6444444444444444,2.7719298245614037,1.9423076923076923,2.38629283489097,1,2.6178313196878458,0.9818893445665957,-1.702136752136752,CRITICAL,URGENT
NG-STU-1056,Elect & Elect Engineering,2.6136363636363638,3.1320754716981134,3.2745098039215685,3.0,1,3.2681971296057846,0.14310873354905831,0.6608734402852048,HIGH,PRIORITY
NG-STU-1057,Elect & Elect Engineering,4.7272727272727275,4.673913043478261,4.673469387755102,4.60377358490566,0,4.6262808334491465,0.00290290391807656,-0.05380333951762584,LOW,ROUTINE
NG-STU-1058,Elect & Elect Engineering,4.25,4.239130434782608,4.408163265306122,4.32863849765258,0,4.259407965032836,0.00290290391807656,0.15816326530612201,LOW,ROUTINE
NG-STU-1059,Elect & Elect Engineering,2.8222222222222224,1.8428571428571427,2.176470588235294,2.06329113924051,1,2.305691845060612,0.9985315735314748,-0.6457516339869285,CRITICAL,URGENT
NG-STU-1060,Elect & Elect Engineering,4.818181818181818,4.608695652173913,4.755102040816326,4.75,0,4.713225466536697,0.00290290391807656,-0.06307977736549208,LOW,ROUTINE
NG-STU-1061,Elect & Elect Engineering,4.340909090909091,3.8260869565217392,3.510204081632653,3.7962962962963,0,3.771451539581317,0.00290290391807656,-0.8307050092764379,MODERATE,MONITOR
NG-STU-1062,Elect & Elect Engineering,4.590909090909091,4.565217391304348,4.836734693877551,4.61792452830189,0,4.654394505183143,0.00290290391807656,0.24582560296846,LOW,ROUTINE
NG-STU-1063,Elect & Elect Engineering,3.9545454545454546,3.6458333333333335,3.2244897959183674,3.47136563876652,0,3.4830114507114613,0.008207163817508316,-0.7300556586270872,MODERATE,MONITOR
NG-STU-1064,Elect & Elect Engineering,2.8636363636363638,2.807017543859649,2.510204081632653,2.73092369477912,1,2.7379584297174437,0.9653137702145677,-0.3534322820037108,CRITICAL,URGENT
NG-STU-1065,Elect & Elect Engineering,3.4545454545454546,3.22,3.7346938775510203,3.53636363636364,0,3.4897516690799972,0.015847729818018342,0.28014842300556575,MODERATE,MONITOR
NG-STU-1066,Elect & Elect Engineering,4.7727272727272725,4.739130434782608,4.836734693877551,4.5188679245283,0,4.694576491123389,0.00290290391807656,0.06400742115027835,LOW,ROUTINE
NG-STU-1067,Elect & Elect Engineering,4.7727272727272725,4.586956521739131,4.836734693877551,4.66981132075472,0,4.677344851643261,0.00290290391807656,0.06400742115027835,LOW,ROUTINE
NG-STU-1068,Elect & Elect Engineering,3.5,3.7291666666666665,3.75,3.58407079646018,0,3.6472080873185586,0.011875559585425164,0.25,LOW,ROUTINE
NG-STU-1069,Elect & Elect Engineering,3.533333333333333,3.0384615384615383,3.4693877551020407,3.30603448275862,0,3.374309839797974,0.026358446096470176,-0.06394557823129254,MODERATE,MONITOR
NG-STU-1070,Elect & Elect Engineering,1.7127659574468086,3.3773584905660377,3.452830188679245,3.53478260869565,0,3.3894125709126213,0.0793857793325636,1.7400642312324366,MODERATE,MONITOR
NG-STU-1071,Elect & Elect Engineering,3.577777777777778,3.68,3.5531914893617023,3.45045045045045,0,3.6209427884864507,0.011875559585425164,-0.024586288416075686,LOW,ROUTINE
NG-STU-1072,Elect & Elect Engineering,3.282608695652174,3.34,1.8688524590163935,2.65818181818182,1,2.710278004410407,0.9528121108650195,-1.4137562366357803,CRITICAL,URGENT
NG-STU-1073,Elect & Elect Engineering,3.5106382978723403,3.25,3.1923076923076925,3.17903930131004,0,3.2905405092369375,0.023516637356205117,-0.31833060556464776,HIGH,PRIORITY
NG-STU-1074,Elect & Elect Engineering,2.7916666666666665,2.04,1.6031746031746033,1.82920110192837,1,2.095148582897791,0.9989869951143301,-1.1884920634920633,CRITICAL,URGENT
NG-STU-1075,Elect & Elect Engineering,2.979591836734694,2.5416666666666665,2.25,1.9266862170088,1,2.5191591991554683,0.9942495525538516,-0.7295918367346941,CRITICAL,URGENT
NG-STU-1076,Elect & Elect Engineering,4.022222222222222,3.9,3.702127659574468,3.57207207207207,0,3.829308525899717,0.00290290391807656,-0.32009456264775427,MODERATE,MONITOR
NG-STU-1077,Elect & Elect Engineering,3.488888888888889,3.28,3.816326530612245,3.64840182648402,0,3.553070315310239,0.011875559585425164,0.327437641723356,MODERATE,MONITOR
NG-STU-1078,Elect & Elect Engineering,4.377777777777778,3.78,3.0851063829787235,3.60538116591928,0,3.644717620995132,0.01531474885225532,-1.2926713947990547,MODERATE,MONITOR
NG-STU-1079,Elect & Elect Engineering,3.977777777777778,3.14,2.509433962264151,2.94331983805668,1,3.0641912670897105,0.5901400454497533,-1.4683438155136268,CRITICAL,URGENT
NG-STU-1080,Elect & Elect Engineering,3.4130434782608696,3.0784313725490198,2.4482758620689653,2.89626556016598,1,2.867506855565589,0.9017233281173446,-0.9647676161919043,CRITICAL,URGENT
NG-STU-1081,Elect & Elect Engineering,3.3191489361702127,3.48,2.3846153846153846,2.81368821292776,1,2.986428747785504,0.8796638280088283,-0.9345335515548281,CRITICAL,URGENT
NG-STU-1082,Elect & Elect Engineering,3.723404255319149,3.215686274509804,2.433333333333333,2.8953488372093,1,2.9349351350905435,0.8319724786571971,-1.2900709219858157,CRITICAL,URGENT
NG-STU-1083,Elect & Elect Engineering,4.511111111111111,4.647058823529412,4.4375,4.45622119815668,0,4.486846096012236,0.00290290391807656,-0.07361111111111107,LOW,ROUTINE
NG-STU-1084,Elect & Elect Engineering,3.8666666666666667,4.18,4.085106382978723,4.01388888888889,0,4.0063497058573105,0.0041125808509054436,0.2184397163120564,LOW,ROUTINE
NG-STU-1085,Elect & Elect Engineering,4.6,4.08,4.078431372549019,4.31674208144796,0,4.160695057752052,0.00290290391807656,-0.5215686274509803,MODERATE,MONITOR
NG-STU-1086,Elect & Elect Engineering,4.666666666666667,4.46,4.142857142857143,4.30593607305936,0,4.324981313613458,0.00290290391807656,-0.5238095238095237,MODERATE,MONITOR
NG-STU-1087,Elect & Elect Engineering,4.222222222222222,4.04,4.191489361702128,4.09302325581395,0,4.148816084088231,0.00290290391807656,-0.030732860520094718,LOW,ROUTINE
NG-STU-1088,Elect & Elect Engineering,2.9782608695652173,1.625,1.5862068965517242,2.1522491349481,1,2.1256502972428475,0.9989201384294297,-1.392053973013493,CRITICAL,URGENT
NG-STU-1089,Elect & Elect Engineering,4.466666666666667,4.74,4.446808510638298,4.47441860465116,0,4.500899146384356,0.00290290391807656,-0.019858156028369045,LOW,ROUTINE
NG-STU-1090,Elect & Elect Engineering,3.7777777777777777,3.6153846153846154,3.2916666666666665,3.54782608695652,0,3.513343742045695,0.008734599255204397,-0.48611111111111116,MODERATE,MONITOR
NG-STU-1091,Elect & Elect Engineering,3.8666666666666667,3.6,3.2641509433962264,3.59276018099548,0,3.5313065088268565,0.008207163817508316,-0.6025157232704403,MODERATE,MONITOR
NG-STU-1092,Elect & Elect Engineering,4.2,3.94,3.6382978723404253,3.74774774774775,0,3.8422734871839754,0.00290290391807656,-0.5617021276595748,MODERATE,MONITOR
NG-STU-1093,Elect & Elect Engineering,4.333333333333333,4.6,4.425531914893617,4.29302325581395,0,4.43188267792517,0.00290290391807656,0.09219858156028415,LOW,ROUTINE
NG-STU-1094,Elect & Elect Engineering,4.444444444444445,4.86,4.659574468085107,4.53023255813954,0,4.588047961668987,0.00290290391807656,0.21513002364066214,LOW,ROUTINE
NG-STU-1095,Elect & Elect Engineering,4.844444444444444,4.9,4.829787234042553,4.82790697674419,0,4.745817975485293,0.00290290391807656,-0.014657210401891163,LOW,ROUTINE
NG-STU-1096,Elect & Elect Engineering,4.777777777777778,4.9,4.829787234042553,4.84651162790698,0,4.736406475316825,0.00290290391807656,0.05200945626477527,LOW,ROUTINE
NG-STU-1097,Elect & Elect Engineering,3.617021276595745,2.607843137254902,2.36,2.7027027027027,1,2.7072912575709247,0.9722567476592419,-1.257021276595745,CRITICAL,URGENT
NG-STU-1098,Elect & Elect Engineering,3.911111111111111,4.22,3.9148936170212765,3.93119266055046,0,3.943823419445569,0.0041125808509054436,0.00378250591016549,LOW,ROUTINE
NG-STU-1099,Elect & Elect Engineering,4.644444444444445,4.62,4.829787234042553,4.70697674418605,0,4.661492457048029,0.00290290391807656,0.18534278959810813,LOW,ROUTINE
NG-STU-1100,Elect & Elect Engineering,4.7555555555555555,4.72,4.659574468085107,4.61395348837209,0,4.631254129873482,0.00290290391807656,-0.09598108747044876,LOW,ROUTINE
NG-STU-1101,Elect & Elect Engineering,4.555555555555555,4.36,4.170212765957447,4.35813953488372,0,4.276811355631466,0.00290290391807656,-0.3853427895981083,MODERATE,MONITOR
NG-STU-1102,Elect & Elect Engineering,4.333333333333333,4.12,4.0,4.07906976744186,0,4.108335259725651,0.00290290391807656,-0.33333333333333304,MODERATE,MONITOR
NG-STU-1103,Elect & Elect Engineering,4.266666666666667,4.12,3.8297872340425534,4.01860465116279,0,3.939416042301716,0.00290290391807656,-0.4368794326241132,MODERATE,MONITOR
NG-STU-1104,Elect & Elect Engineering,3.8297872340425534,3.86,3.8125,3.8125,0,3.760816826744411,0.0041125808509054436,-0.01728723404255339,LOW,ROUTINE
NG-STU-1105,Elect & Elect Engineering,3.0416666666666665,3.24,3.4313725490196076,3.5,0,3.3698713742846396,0.016409051676605193,0.3897058823529411,MODERATE,MONITOR
NG-STU-1106,Elect & Elect Engineering,4.266666666666667,3.96,3.3529411764705883,3.62770562770563,0,3.6698664494329645,0.00290290391807656,-0.9137254901960783,MODERATE,MONITOR
NG-STU-1107,Elect & Elect Engineering,4.2444444444444445,4.12,3.816326530612245,3.92694063926941,0,3.939416042301716,0.00290290391807656,-0.42811791383219955,MODERATE,MONITOR
NG-STU-1108,Elect & Elect Engineering,3.510204081632653,3.62,3.6666666666666665,3.55506607929515,0,3.6139598745134163,0.011875559585425164,0.15646258503401356,LOW,ROUTINE
NG-STU-1109,Elect & Elect Engineering,3.4565217391304346,2.92,2.9836065573770494,2.8212927756654,1,3.082848164678175,0.42501131089049654,-0.4729151817533852,CRITICAL,URGENT
NG-STU-1110,Elect & Elect Engineering,4.111111111111111,4.0,3.382978723404255,3.84090909090909,0,3.7086738205369767,0.00290290391807656,-0.7281323877068555,MODERATE,MONITOR
NG-STU-1111,Elect & Elect Engineering,3.9545454545454546,3.625,2.357142857142857,2.85657370517928,1,3.111548303262517,0.6440633012565256,-1.5974025974025974,HIGH,PRIORITY
NG-STU-1112,Elect & Elect Engineering,3.8222222222222224,3.48,3.0816326530612246,3.69545454545455,0,3.4711914361505514,0.02158463471731463,-0.7405895691609978,MODERATE,MONITOR
NG-STU-1113,Elect & Elect Engineering,4.377777777777778,4.2,3.4680851063829787,3.8256880733945,0,3.869444577207519,0.00290290391807656,-0.9096926713947995,MODERATE,MONITOR
NG-STU-1114,Elect & Elect Engineering,3.977777777777778,3.72,3.8333333333333335,3.85253456221198,0,3.7635618997673763,0.0041125808509054436,-0.14444444444444438,LOW,ROUTINE
NG-STU-1115,Elect & Elect Engineering,4.533333333333333,4.46,4.170212765957447,4.07407407407407,0,4.300806129112203,0.00290290391807656,-0.36312056737588616,MODERATE,MONITOR
NG-STU-1116,Elect & Elect Engineering,3.911111111111111,4.12,4.531914893617022,4.3302325581395404,0,4.22658802608777,0.0041125808509054436,0.6208037825059107,LOW,ROUTINE
NG-STU-1117,Elect & Elect Engineering,4.044444444444444,3.62,4.276595744680851,4.01395348837209,0,4.005466520015796,0.00290290391807656,0.2321513002364064,LOW,ROUTINE
NG-STU-1118,Elect & Elect Engineering,4.311111111111111,4.72,4.541666666666667,4.52314814814815,0,4.48977821392809,0.00290290391807656,0.23055555555555607,LOW,ROUTINE
NG-STU-1119,Elect & Elect Engineering,3.326530612244898,3.2448979591836733,1.9827586206896552,2.27574750830565,1,2.6840822593608067,0.9528121108650195,-1.3437719915552426,CRITICAL,URGENT
NG-STU-1120,Elect & Elect Engineering,2.9583333333333335,2.66,2.1,2.65354330708661,1,2.5099525995680194,0.9962798366053751,-0.8583333333333334,CRITICAL,URGENT
NG-STU-1121,Elect & Elect Engineering,4.111111111111111,4.64,4.319148936170213,4.4093023255814,0,4.333395415488044,0.00290290391807656,0.20803782505910196,LOW,ROUTINE
NG-STU-1122,Elect & Elect Engineering,4.088888888888889,4.38,3.9574468085106385,4.03703703703704,0,4.052470699683832,0.00290290391807656,-0.13144208037825011,LOW,ROUTINE
NG-STU-1123,Elect & Elect Engineering,3.2666666666666666,3.2,3.1320754716981134,3.24122807017544,0,3.2656966721438767,0.1285516423824891,-0.1345911949685532,HIGH,PRIORITY
NG-STU-1124,Elect & Elect Engineering,4.911111111111111,4.88,4.829787234042553,4.76744186046512,0,4.759868408853328,0.00290290391807656,-0.08132387706855848,LOW,ROUTINE
NG-STU-1125,Elect & Elect Engineering,4.622222222222222,4.7,4.851063829787234,4.73488372093023,0,4.68425247504932,0.00290290391807656,0.2288416075650126,LOW,ROUTINE
NG-STU-1126,Elect & Elect Engineering,3.3555555555555556,3.52,3.4081632653061225,3.31506849315068,0,3.4462379017115143,0.015847729818018342,0.05260770975056683,MODERATE,MONITOR
NG-STU-1127,Elect & Elect Engineering,4.111111111111111,3.12,2.8867924528301887,3.40869565217391,0,3.307257904226542,0.07969046723744144,-1.224318658280922,HIGH,PRIORITY
NG-STU-1128,Elect & Elect Engineering,2.9574468085106385,3.2,2.6666666666666665,2.92916666666667,1,2.999959467133528,0.8330200433219223,-0.29078014184397194,CRITICAL,URGENT
NG-STU-1129,Elect & Elect Engineering,3.3333333333333335,2.5,2.523076923076923,2.62313432835821,1,2.73465144964727,0.9643098108563825,-0.8102564102564105,CRITICAL,URGENT
NG-STU-1130,Elect & Elect Engineering,2.477272727272727,2.7142857142857144,1.0454545454545454,2.52985074626866,1,2.3028947060129354,0.9956168775723467,-1.4318181818181817,CRITICAL,URGENT
NG-STU-1131,Elect & Elect Engineering,3.723404255319149,3.52,2.129032258064516,2.82706766917293,1,2.9809145931154433,0.9318652888108168,-1.5943719972546329,CRITICAL,URGENT
NG-STU-1132,Info & Comm Engineering,2.0392156862745097,2.375,2.2051282051282053,2.57142857142857,1,2.521969399434976,0.9956312429767109,0.16591251885369562,CRITICAL,URGENT
NG-STU-1133,Info & Comm Engineering,1.793103448275862,1.3870967741935485,2.3466666666666667,2.23655913978495,1,2.2965990811984103,0.9965609953377762,0.5535632183908046,CRITICAL,URGENT
NG-STU-1134,Info & Comm Engineering,3.9047619047619047,3.46875,4.016666666666667,4.00917431192661,0,3.9310572644204096,0.0013759030156537658,0.11190476190476195,LOW,ROUTINE
NG-STU-1135,Info & Comm Engineering,2.5833333333333335,2.375,1.7176470588235293,2.27306273062731,1,2.321180308602876,0.9948451210120344,-0.8656862745098042,CRITICAL,URGENT
NG-STU-1136,Info & Comm Engineering,2.8260869565217392,1.84375,2.8055555555555554,2.99596774193548,1,2.791597708642929,0.9211080845674494,-0.020531400966183888,CRITICAL,URGENT
NG-STU-1137,Info & Comm Engineering,2.3877551020408165,1.8214285714285714,2.361111111111111,2.47709923664122,1,2.480285507363778,0.994124941821371,-0.026643990929705375,CRITICAL,URGENT
NG-STU-1138,Info & Comm Engineering,2.9047619047619047,2.1875,3.4307692307692306,3.2152466367713,0,3.2014997502447025,0.20318587961938164,0.5260073260073259,HIGH,PRIORITY
NG-STU-1139,Info & Comm Engineering,1.9454545454545455,1.98,2.3442622950819674,2.15241635687732,1,2.3669015299277096,0.9965609953377762,0.3988077496274218,CRITICAL,URGENT
NG-STU-1140,Info & Comm Engineering,3.6818181818181817,3.96875,3.7666666666666666,3.83636363636364,0,3.9234825239464812,0.00399379770149108,0.08484848484848495,LOW,ROUTINE
NG-STU-1141,Info & Comm Engineering,1.640625,2.2162162162162162,2.027027027027027,2.36861313868613,1,2.3365795219830288,0.9987522416920961,0.3864020270270272,CRITICAL,URGENT
NG-STU-1142,Info & Comm Engineering,2.1363636363636362,2.066666666666667,1.9733333333333334,2.46124031007752,1,2.335655480412691,0.9987522416920961,-0.16303030303030286,CRITICAL,URGENT
NG-STU-1143,Info & Comm Engineering,2.702127659574468,3.03125,3.090909090909091,3.32743362831858,0,3.2644346263228035,0.12458322003888929,0.38878143133462295,HIGH,PRIORITY
NG-STU-1144,Info & Comm Engineering,3.9523809523809526,3.34375,3.85,3.86425339366516,0,3.784145934862723,0.0013759030156537658,-0.10238095238095246,LOW,ROUTINE
NG-STU-1145,Info & Comm Engineering,2.0943396226415096,2.25,2.6176470588235294,2.49799196787149,1,2.625198211533714,0.9911611410308501,0.5233074361820198,CRITICAL,URGENT
NG-STU-1146,Info & Comm Engineering,2.297872340425532,2.357142857142857,1.8620689655172413,2.39007092198582,1,2.331107496612478,0.9976856757285151,-0.4358033749082908,CRITICAL,URGENT
NG-STU-1147,Info & Comm Engineering,2.717391304347826,2.3333333333333335,3.142857142857143,3.16450216450216,0,3.08946062930576,0.35264227826866923,0.42546583850931663,CRITICAL,URGENT
NG-STU-1148,Info & Comm Engineering,1.8793103448275863,1.90625,2.550724637681159,2.516,1,2.4980068472279466,0.9928729708800045,0.6714142928535729,CRITICAL,URGENT
NG-STU-1149,Info & Comm Engineering,2.9761904761904763,3.25,3.8333333333333335,3.72018348623853,0,3.584387110237631,0.010971659271331709,0.8571428571428572,MODERATE,MONITOR
NG-STU-1150,Info & Comm Engineering,2.8846153846153846,2.0294117647058822,1.5714285714285714,2.3271375464684,1,2.2039956994488024,0.996969933302337,-1.3131868131868132,CRITICAL,URGENT
NG-STU-1151,Info & Comm Engineering,4.1395348837209305,3.53125,3.966666666666667,4.07407407407407,0,3.912657583049806,0.0009704097246419624,-0.1728682170542637,LOW,ROUTINE
NG-STU-1152,Info & Comm Engineering,3.0,2.625,3.3492063492063493,3.45814977973568,0,3.2354708546068394,0.06874804349804407,0.3492063492063493,HIGH,PRIORITY
NG-STU-1153,Info & Comm Engineering,2.761904761904762,2.9375,3.753846153846154,3.64545454545455,0,3.5002592951950118,0.025948331834889923,0.991941391941392,MODERATE,MONITOR
NG-STU-1154,Info & Comm Engineering,3.4651162790697674,2.689655172413793,3.4285714285714284,3.36199095022624,0,3.3315101389823814,0.0345191099748824,-0.036544850498339,HIGH,PRIORITY
NG-STU-1155,Info & Comm Engineering,2.1607142857142856,1.78125,1.9069767441860466,2.29370629370629,1,2.2290695201302477,0.9978650542740215,-0.253737541528239,CRITICAL,URGENT
NG-STU-1156,Info & Comm Engineering,3.3255813953488373,3.0625,3.453125,3.51363636363636,0,3.461363685919327,0.012382760155697645,0.12754360465116266,MODERATE,MONITOR
NG-STU-1157,Info & Comm Engineering,4.642857142857143,4.3125,4.683333333333334,4.70232558139535,0,4.623309048978235,0.0009704097246419624,0.04047619047619033,LOW,ROUTINE
NG-STU-1158,Info & Comm Engineering,2.62,2.625,3.4833333333333334,3.16814159292035,0,3.281667267673329,0.10055599971290954,0.8633333333333333,HIGH,PRIORITY
NG-STU-1159,Info & Comm Engineering,4.285714285714286,4.46875,4.8,4.62325581395349,0,4.6458916735980065,0.0009704097246419624,0.5142857142857142,LOW,ROUTINE
NG-STU-1160,Info & Comm Engineering,3.5714285714285716,3.4375,3.7,3.93953488372093,0,3.7557157090843636,0.00399379770149108,0.12857142857142856,LOW,ROUTINE
NG-STU-1161,Info & Comm Engineering,1.7543859649122806,1.5925925925925926,1.4772727272727273,1.91891891891892,1,1.984248807707298,0.9987522416920961,-0.2771132376395533,CRITICAL,URGENT
NG-STU-1162,Info & Comm Engineering,2.3958333333333335,2.75,3.532258064516129,3.31838565022422,0,3.3437906565145648,0.05892590823788205,1.1364247311827955,HIGH,PRIORITY
NG-STU-1163,Info & Comm Engineering,2.4782608695652173,2.71875,2.142857142857143,2.75303643724696,1,2.6127432276349536,0.9869768293832877,-0.3354037267080745,CRITICAL,URGENT
NG-STU-1164,Info & Comm Engineering,2.611111111111111,2.90625,3.306451612903226,3.34913793103448,0,3.262912108386693,0.04932151962212405,0.6953405017921148,HIGH,PRIORITY
NG-STU-1165,Info & Comm Engineering,2.7567567567567566,1.7674418604651163,2.0923076923076924,2.41825095057034,1,2.41595254068185,0.996969933302337,-0.6644490644490642,CRITICAL,URGENT
NG-STU-1166,Info & Comm Engineering,2.2972972972972974,2.269230769230769,2.4285714285714284,2.55371900826446,1,2.57115259164777,0.994124941821371,0.131274131274131,CRITICAL,URGENT
NG-STU-1167,Info & Comm Engineering,2.972972972972973,3.217391304347826,3.6862745098039214,3.51904761904762,0,3.5731589905105743,0.010971659271331709,0.7133015368309485,MODERATE,MONITOR
NG-STU-1168,Info & Comm Engineering,2.7027027027027026,1.6,1.7313432835820894,2.36032388663968,1,2.2188219280091936,0.996969933302337,-0.9713594191206132,CRITICAL,URGENT
NG-STU-1169,Info & Comm Engineering,2.72972972972973,2.782608695652174,3.1538461538461537,3.25,0,3.1911176956832743,0.08115882428511774,0.4241164241164239,HIGH,PRIORITY
NG-STU-1170,Info & Comm Engineering,3.4864864864864864,2.8260869565217392,4.04,3.72169811320755,0,3.600809749881189,0.014725145590969439,0.5535135135135136,MODERATE,MONITOR
NG-STU-1171,Info & Comm Engineering,2.945945945945946,2.422222222222222,3.0689655172413794,3.19444444444444,0,3.0464675325817088,0.31301305696171716,0.1230195712954334,CRITICAL,URGENT
NG-STU-1172,Info & Comm Engineering,2.7027027027027026,1.9583333333333333,2.171875,2.44313725490196,1,2.41595254068185,0.9956116747898422,-0.5308277027027026,CRITICAL,URGENT
NG-STU-1173,Info & Comm Engineering,4.54054054054054,4.6,4.574468085106383,4.61951219512195,0,4.611951497423073,0.0009704097246419624,0.03392754456584246,LOW,ROUTINE
NG-STU-1174,Info & Comm Engineering,3.4594594594594597,3.466666666666667,3.36,3.57211538461538,0,3.5738420564453315,0.005343911819755263,-0.09945945945945978,MODERATE,MONITOR
NG-STU-1175,Info & Comm Engineering,3.972972972972973,4.044444444444444,4.51063829787234,4.30243902439024,0,4.319062399512988,0.0013759030156537658,0.5376653248993675,LOW,ROUTINE
NG-STU-1176,Info & Comm Engineering,3.108108108108108,3.688888888888889,4.333333333333333,3.94761904761905,0,3.981932345309586,0.00553528410131432,1.2252252252252251,LOW,ROUTINE
NG-STU-1177,Info & Comm Engineering,3.2162162162162162,3.4,3.7142857142857144,3.77142857142857,0,3.7010660360553436,0.00553528410131432,0.4980694980694982,LOW,ROUTINE
NG-STU-1178,Info & Comm Engineering,4.135135135135135,3.911111111111111,3.3404255319148937,3.74271844660194,0,3.74304829784154,0.0009704097246419624,-0.7947096032202414,MODERATE,MONITOR
NG-STU-1179,Info & Comm Engineering,3.4285714285714284,3.2222222222222223,3.156862745098039,3.45714285714286,0,3.39750421045587,0.010651325248861587,-0.2717086834733893,MODERATE,MONITOR
NG-STU-1180,Info & Comm Engineering,2.324324324324324,2.6595744680851063,2.19672131147541,2.69396551724138,1,2.622220488585247,0.9893960601454933,-0.12760301284891407,CRITICAL,URGENT
NG-STU-1181,Info & Comm Engineering,2.7027027027027026,1.5333333333333334,1.4788732394366197,2.03821656050955,1,2.057933668381742,0.996969933302337,-1.2238294632660829,CRITICAL,URGENT
NG-STU-1182,Info & Comm Engineering,2.5675675675675675,2.1578947368421053,2.5833333333333335,2.60416666666667,1,2.652275235309884,0.9878563024432989,0.015765765765765938,CRITICAL,URGENT
NG-STU-1183,Info & Comm Engineering,2.810810810810811,2.7708333333333335,3.34,3.36792452830189,0,3.2394127537986694,0.04221766307462255,0.5291891891891889,HIGH,PRIORITY
NG-STU-1184,Info & Comm Engineering,1.8421052631578947,1.8695652173913044,1.452054794520548,1.83076923076923,1,1.911480164508127,0.9987522416920961,-0.3900504686373467,CRITICAL,URGENT
NG-STU-1185,Info & Comm Engineering,3.189189189189189,2.6444444444444444,2.9,3.2511013215859,0,3.139713783552858,0.39961258174517483,-0.2891891891891891,HIGH,PRIORITY
NG-STU-1186,Info & Comm Engineering,3.4324324324324325,3.311111111111111,3.1176470588235294,3.62200956937799,0,3.4401824031712276,0.0279006441059163,-0.314785373608903,MODERATE,MONITOR
NG-STU-1187,Info & Comm Engineering,2.3783783783783785,2.1555555555555554,2.5081967213114753,2.58050847457627,1,2.6214775636592096,0.9878563024432989,0.1298183429330968,CRITICAL,URGENT
NG-STU-1188,Info & Comm Engineering,3.27027027027027,2.111111111111111,2.456140350877193,2.82553191489362,1,2.7608210088899625,0.9758051131358334,-0.8141299193930771,CRITICAL,URGENT
NG-STU-1189,Info & Comm Engineering,4.8108108108108105,4.822222222222222,4.9361702127659575,4.80487804878049,0,4.815490416344409,0.0009704097246419624,0.12535940195514694,LOW,ROUTINE
NG-STU-1190,Info & Comm Engineering,2.891891891891892,3.4,3.0784313725490198,3.43601895734597,0,3.3557366592334414,0.05594704676007544,0.18653948065712767,MODERATE,MONITOR
NG-STU-1191,Info & Comm Engineering,2.7142857142857144,2.511111111111111,3.142857142857143,3.11627906976744,0,3.109787680151423,0.13622242683384744,0.4285714285714284,HIGH,PRIORITY
NG-STU-1192,Info & Comm Engineering,3.4054054054054053,2.6,2.6607142857142856,3.15652173913043,0,3.0483468135577065,0.7642049815535478,-0.7446911196911197,CRITICAL,URGENT
NG-STU-1193,Info & Comm Engineering,2.972972972972973,2.7333333333333334,1.9242424242424243,2.5,1,2.5187105442182283,0.9804089481734004,-1.0487305487305485,CRITICAL,URGENT
NG-STU-1194,Info & Comm Engineering,4.243243243243243,4.333333333333333,4.25531914893617,4.35609756097561,0,4.362764707124531,0.0009704097246419624,0.012075905692927158,LOW,ROUTINE
NG-STU-1195,Info & Comm Engineering,2.7837837837837838,2.577777777777778,2.8666666666666667,2.77272727272727,1,2.943029230741282,0.7034240040561176,0.08288288288288292,CRITICAL,URGENT
NG-STU-1196,Info & Comm Engineering,3.135135135135135,2.7111111111111112,2.75,3.18981481481481,0,3.002544692674286,0.6528457251471701,-0.3851351351351351,CRITICAL,URGENT
NG-STU-1197,Info & Comm Engineering,3.0,2.8666666666666667,3.4375,3.42380952380952,0,3.358593476013036,0.03338677614438754,0.4375,MODERATE,MONITOR
NG-STU-1198,Info & Comm Engineering,3.7837837837837838,4.177777777777778,4.340425531914893,4.35121951219512,0,4.221531602722761,0.002425996690220517,0.5566417481311094,LOW,ROUTINE
NG-STU-1199,Info & Comm Engineering,2.710526315789474,1.6595744680851063,1.2258064516129032,1.94295302013423,1,2.041895828787659,0.996969933302337,-1.4847198641765706,CRITICAL,URGENT
NG-STU-1200,Info & Comm Engineering,3.7027027027027026,3.466666666666667,3.28,3.73557692307692,0,3.59219667895791,0.004537045877456442,-0.4227027027027028,MODERATE,MONITOR
NG-STU-1201,Info & Comm Engineering,3.081081081081081,3.7555555555555555,3.872340425531915,3.86829268292683,0,3.7451871239131,0.00553528410131432,0.7912593444508338,LOW,ROUTINE
NG-STU-1202,Info & Comm Engineering,2.4324324324324325,2.7916666666666665,2.625,2.85152838427948,1,2.859040239992666,0.9139209182852425,0.19256756756756754,CRITICAL,URGENT
NG-STU-1203,Info & Comm Engineering,3.27027027027027,2.977777777777778,2.877551020408163,3.10267857142857,0,3.209945768227116,0.2742370013961957,-0.39271924986210704,HIGH,PRIORITY
NG-STU-1204,Info & Comm Engineering,2.4594594594594597,1.934782608695652,2.2857142857142856,2.2911877394636,1,2.46735045828376,0.9964774847392991,-0.17374517374517406,CRITICAL,URGENT
NG-STU-1205,Info & Comm Engineering,2.5945945945945947,2.6875,3.0,2.88744588744589,1,3.0341223608940395,0.6676541654084113,0.40540540540540526,CRITICAL,URGENT
NG-STU-1206,Info & Comm Engineering,3.189189189189189,2.9347826086956523,3.04,3.18224299065421,0,3.2420179048762727,0.1479041083425189,-0.149189189189189,HIGH,PRIORITY
NG-STU-1207,Info & Comm Engineering,3.27027027027027,3.1555555555555554,2.392857142857143,2.93013100436681,1,3.0120168127596627,0.801466618433948,-0.8774131274131274,CRITICAL,URGENT
NG-STU-1208,Info & Comm Engineering,3.7027027027027026,3.2888888888888888,3.7291666666666665,3.85446009389671,0,3.7066461644420965,0.0037559885402347706,0.026463963963963888,LOW,ROUTINE
NG-STU-1209,Info & Comm Engineering,3.108108108108108,2.688888888888889,2.706896551724138,3.07692307692308,1,2.988602579698606,0.7705201479511152,-0.40121155638397,CRITICAL,URGENT
NG-STU-1210,Info & Comm Engineering,3.7837837837837838,4.177777777777778,4.170212765957447,4.10243902439024,0,4.14448836654151,0.002425996690220517,0.3864289821736633,LOW,ROUTINE
NG-STU-1211,Info & Comm Engineering,3.5405405405405403,3.5217391304347827,3.7708333333333335,3.89855072463768,0,3.7416163446678077,0.00399379770149108,0.23029279279279313,LOW,ROUTINE
NG-STU-1212,Info & Comm Engineering,3.0,3.3333333333333335,3.18,3.35238095238095,0,3.4022297095651886,0.02174618399590746,0.18000000000000016,MODERATE,MONITOR
NG-STU-1213,Info & Comm Engineering,3.3783783783783785,3.2,2.792452830188679,3.06511627906977,1,3.2401471188629714,0.2763781789446238,-0.5859255481896994,HIGH,PRIORITY
NG-STU-1214,Info & Comm Engineering,3.27027027027027,3.3777777777777778,3.46,3.41706161137441,0,3.5669163217574122,0.00553528410131432,0.1897297297297298,MODERATE,MONITOR
NG-STU-1215,Info & Comm Engineering,3.945945945945946,3.511111111111111,3.163265306122449,3.83574879227053,0,3.5879258378576377,0.00275331761602036,-0.7826806398234969,MODERATE,MONITOR
NG-STU-1216,Info & Comm Engineering,4.702702702702703,4.644444444444445,4.625,4.68932038834951,0,4.669398611695847,0.0009704097246419624,-0.07770270270270263,LOW,ROUTINE
NG-STU-1217,Info & Comm Engineering,3.324324324324324,3.441860465116279,2.6607142857142856,3.33796296296296,0,3.2906787310206567,0.33535234394692615,-0.6636100386100385,HIGH,PRIORITY
NG-STU-1218,Info & Comm Engineering,3.4594594594594597,3.066666666666667,3.0185185185185186,3.32258064516129,0,3.237057404045296,0.17284078031990377,-0.44094094094094105,HIGH,PRIORITY
NG-STU-1219,Info & Comm Engineering,4.108108108108108,4.044444444444444,4.361702127659575,4.39024390243902,0,4.2607987547229955,0.0009704097246419624,0.25359401955146676,LOW,ROUTINE
NG-STU-1220,Info & Comm Engineering,3.4864864864864864,4.088888888888889,4.276595744680851,4.17073170731707,0,4.122811086794278,0.00399379770149108,0.7901092581943643,LOW,ROUTINE
NG-STU-1221,Info & Comm Engineering,2.6578947368421053,1.9333333333333333,1.7384615384615385,2.04180064308682,1,2.2188219280091936,0.9978650542740215,-0.9194331983805668,CRITICAL,URGENT
NG-STU-1222,Info & Comm Engineering,4.378378378378378,4.688888888888889,3.30188679245283,4.2085308056872,0,3.993809717721477,0.0011728882725601391,-1.076491585925548,MODERATE,MONITOR
NG-STU-1223,Info & Comm Engineering,3.918918918918919,3.6,2.723404255319149,3.33018867924528,0,3.404928533470939,0.11102815403892892,-1.19551466359977,MODERATE,MONITOR
NG-STU-1224,Info & Comm Engineering,3.135135135135135,2.977777777777778,3.82,3.75961538461538,0,3.5464438555749913,0.012382760155697645,0.6848648648648648,MODERATE,MONITOR
NG-STU-1225,Info & Comm Engineering,3.2432432432432434,3.022222222222222,3.0555555555555554,3.30373831775701,0,3.2420179048762727,0.1479041083425189,-0.18768768768768807,HIGH,PRIORITY
NG-STU-1226,Info & Comm Engineering,2.4324324324324325,1.9787234042553192,1.9491525423728813,2.38372093023256,1,2.30598590322977,0.9978650542740215,-0.4832798900595512,CRITICAL,URGENT
NG-STU-1227,Info & Comm Engineering,4.4324324324324325,4.534883720930233,3.9615384615384617,4.39423076923077,0,4.269938919075661,0.0009704097246419624,-0.4708939708939708,MODERATE,MONITOR
NG-STU-1228,Info & Comm Engineering,3.1621621621621623,3.021276595744681,3.269230769230769,3.49769585253456,0,3.358914244818178,0.024508692044403566,0.10706860706860688,MODERATE,MONITOR
NG-STU-1229,Info & Comm Engineering,3.2972972972972974,3.558139534883721,3.510204081632653,3.60287081339713,0,3.6159858663996793,0.00553528410131432,0.2129067843353556,LOW,ROUTINE
NG-STU-1230,Info & Comm Engineering,4.378378378378378,4.266666666666667,3.9574468085106385,4.31219512195122,0,4.217971954102651,0.0009704097246419624,-0.4209315698677396,MODERATE,MONITOR
NG-STU-1231,Info & Comm Engineering,3.2972972972972974,2.888888888888889,2.48,2.97757847533632,1,2.9643653970538644,0.7555956554259,-0.8172972972972974,CRITICAL,URGENT
NG-STU-1232,Info & Comm Engineering,3.3191489361702127,3.0357142857142856,2.816326530612245,3.08583690987124,1,3.18147605931842,0.35001576287855257,-0.5028224055579678,HIGH,PRIORITY
NG-STU-1233,Info & Comm Engineering,4.553191489361702,4.591836734693878,4.74468085106383,4.67592592592593,0,4.714713350170569,0.0009704097246419624,0.1914893617021276,LOW,ROUTINE
NG-STU-1234,Info & Comm Engineering,2.893617021276596,2.6724137931034484,3.25531914893617,3.32894736842105,0,3.164958601279979,0.12886798862100485,0.3617021276595742,HIGH,PRIORITY
NG-STU-1235,Info & Comm Engineering,3.6382978723404253,3.056603773584906,2.5686274509803924,3.27433628318584,0,3.062041046130075,0.655491903059535,-1.069670421360033,CRITICAL,URGENT
NG-STU-1236,Info & Comm Engineering,3.0638297872340425,2.2758620689655173,2.0677966101694913,2.50740740740741,1,2.4845216474101366,0.9935838677252671,-0.9960331770645512,CRITICAL,URGENT
NG-STU-1237,Info & Comm Engineering,4.0212765957446805,3.5918367346938775,3.9148936170212765,3.84403669724771,0,3.8421108100581947,0.0012742328642570094,-0.10638297872340408,LOW,ROUTINE
NG-STU-1238,Info & Comm Engineering,3.6808510638297873,3.0816326530612246,3.489795918367347,3.56422018348624,0,3.5433282751838315,0.006593270533127071,-0.1910551454624403,MODERATE,MONITOR
NG-STU-1239,Info & Comm Engineering,3.4893617021276597,2.4,2.737704918032787,3.10655737704918,0,3.02384159813687,0.736466206838607,-0.7516567840948727,CRITICAL,URGENT
NG-STU-1240,Info & Comm Engineering,4.574468085106383,3.9411764705882355,4.319148936170213,4.34259259259259,0,4.366059050627292,0.0009704097246419624,-0.25531914893617014,LOW,ROUTINE
NG-STU-1241,Info & Comm Engineering,3.851063829787234,3.7755102040816326,3.836734693877551,3.87614678899083,0,3.9029892567409052,0.0013759030156537658,-0.0143291359096831,LOW,ROUTINE
NG-STU-1242,Info & Comm Engineering,3.872340425531915,3.306122448979592,3.7346938775510203,3.79816513761468,0,3.7506703814572195,0.0013759030156537658,-0.1376465479808946,LOW,ROUTINE
NG-STU-1243,Info & Comm Engineering,3.3404255319148937,2.8275862068965516,3.4081632653061225,3.39148936170213,0,3.3761938999177885,0.020324091626735555,0.0677377333912288,MODERATE,MONITOR
NG-STU-1244,Info & Comm Engineering,2.74468085106383,2.721311475409836,3.0638297872340425,3.16379310344828,0,3.0815879493245952,0.19059463821881925,0.31914893617021267,CRITICAL,URGENT
NG-STU-1245,Info & Comm Engineering,3.574468085106383,3.1020408163265305,3.4,3.5296803652968,0,3.5011844652294837,0.006593270533127071,-0.1744680851063829,MODERATE,MONITOR
NG-STU-1246,Info & Comm Engineering,3.978723404255319,3.7547169811320753,3.872340425531915,3.97222222222222,0,3.880050560611369,0.0012742328642570094,-0.10638297872340408,LOW,ROUTINE
NG-STU-1247,Info & Comm Engineering,4.297872340425532,3.8461538461538463,3.8767123287671232,4.11926605504587,0,3.988822213759165,0.0009704097246419624,-0.4211600116584089,MODERATE,MONITOR
NG-STU-1248,Info & Comm Engineering,4.25531914893617,3.7755102040816326,4.244897959183674,4.21559633027523,0,4.202421205478091,0.0009704097246419624,-0.010421189752496396,LOW,ROUTINE
NG-STU-1249,Info & Comm Engineering,3.5106382978723403,3.2777777777777777,3.765957446808511,3.87782805429864,0,3.672636944927961,0.00399379770149108,0.2553191489361706,LOW,ROUTINE
NG-STU-1250,Info & Comm Engineering,3.276595744680851,2.693548387096774,3.2708333333333335,3.26521739130435,0,3.2952150884659397,0.039912370464526496,-0.005762411347517649,HIGH,PRIORITY
NG-STU-1251,Info & Comm Engineering,3.574468085106383,3.0,2.5084745762711864,2.96470588235294,1,3.062041046130075,0.655491903059535,-1.0659935088351964,CRITICAL,URGENT
NG-STU-1252,Info & Comm Engineering,4.0638297872340425,3.2941176470588234,3.872340425531915,3.87155963302752,0,3.8072171738221217,0.0009704097246419624,-0.1914893617021276,LOW,ROUTINE
NG-STU-1253,Info & Comm Engineering,3.425531914893617,3.1607142857142856,3.4893617021276597,3.54260089686099,0,3.5200347454638785,0.008814366713699598,0.06382978723404253,MODERATE,MONITOR
NG-STU-1254,Info & Comm Engineering,3.297872340425532,2.618181818181818,3.206896551724138,3.39,0,3.2469200303505446,0.06909600428076577,-0.09097578870139422,HIGH,PRIORITY
NG-STU-1255,Info & Comm Engineering,3.3191489361702127,2.2419354838709675,2.8461538461538463,3.06808510638298,1,2.9386263429818316,0.7940650014079597,-0.4729950900163664,CRITICAL,URGENT
NG-STU-1256,Info & Comm Engineering,2.8085106382978724,2.4754098360655736,2.5517241379310347,2.60754716981132,1,2.7689445445239174,0.9503808073725865,-0.2567865003668377,CRITICAL,URGENT
NG-STU-1257,Info & Comm Engineering,3.5106382978723403,2.759259259259259,2.457627118644068,2.859375,1,2.9765064362294718,0.8249010213042793,-1.0530111792282724,CRITICAL,URGENT
NG-STU-1258,Info & Comm Engineering,3.5106382978723403,2.2419354838709675,3.0,3.07203389830508,1,3.005214257713752,0.6235286112203806,-0.5106382978723403,CRITICAL,URGENT
NG-STU-1259,Info & Comm Engineering,4.446808510638298,3.509433962264151,3.6808510638297873,4.03211009174312,0,3.913757496642892,0.0009704097246419624,-0.7659574468085104,MODERATE,MONITOR
NG-STU-1260,Info & Comm Engineering,4.1063829787234045,3.0555555555555554,3.723404255319149,3.72850678733032,0,3.6664221308382063,0.002183261891699509,-0.38297872340425565,MODERATE,MONITOR
NG-STU-1261,Info & Comm Engineering,3.6808510638297873,3.150943396226415,2.240740740740741,2.96442687747036,1,3.018031148448227,0.8383519774991117,-1.4401103230890464,CRITICAL,URGENT
NG-STU-1262,Info & Comm Engineering,4.042553191489362,3.6530612244897958,3.5531914893617023,3.68981481481481,0,3.8030147012145394,0.0009704097246419624,-0.4893617021276597,MODERATE,MONITOR
NG-STU-1263,Info & Comm Engineering,4.340425531914893,3.5306122448979593,3.4468085106382977,3.99082568807339,0,3.800492713462082,0.0009704097246419624,-0.8936170212765955,MODERATE,MONITOR
NG-STU-1264,Info & Comm Engineering,3.5531914893617023,3.3461538461538463,3.8297872340425534,3.73059360730594,0,3.6925468000255406,0.00399379770149108,0.27659574468085113,LOW,ROUTINE
NG-STU-1265,Info & Comm Engineering,4.553191489361702,4.142857142857143,4.617021276595745,4.50462962962963,0,4.4713109697026985,0.0009704097246419624,0.06382978723404253,LOW,ROUTINE
NG-STU-1266,Info & Comm Engineering,3.404255319148936,3.0576923076923075,3.7872340425531914,3.29955947136564,0,3.5464438555749913,0.01195749552676837,0.3829787234042552,MODERATE,MONITOR
NG-STU-1267,Info & Comm Engineering,2.3191489361702127,2.2058823529411766,2.4,2.48897058823529,1,2.567431943773266,0.994124941821371,0.08085106382978724,CRITICAL,URGENT
NG-STU-1268,Info & Comm Engineering,2.851063829787234,2.564516129032258,2.6842105263157894,2.82936507936508,1,2.900777568803456,0.8770604946497572,-0.16685330347144456,CRITICAL,URGENT
NG-STU-1269,Info & Comm Engineering,4.0638297872340425,3.784313725490196,4.1063829787234045,4.12844036697248,0,4.022135426875394,0.0009704097246419624,0.042553191489361986,LOW,ROUTINE
NG-STU-1270,Info & Comm Engineering,4.553191489361702,3.5294117647058822,3.5106382978723403,3.69026548672566,0,3.8148066777823715,0.0009704097246419624,-1.042553191489362,MODERATE,MONITOR
NG-STU-1271,Info & Comm Engineering,3.297872340425532,2.435483870967742,3.36734693877551,3.15384615384615,0,3.3315101389823814,0.041037901046695115,0.06947459834997805,HIGH,PRIORITY
NG-STU-1272,Info & Comm Engineering,4.51063829787234,4.450980392156863,4.723404255319149,4.61926605504587,0,4.637442602278007,0.0009704097246419624,0.21276595744680904,LOW,ROUTINE
NG-STU-1273,Info & Comm Engineering,4.1063829787234045,3.1296296296296298,3.702127659574468,3.72888888888889,0,3.7250931903827578,0.0016051989889645597,-0.40425531914893664,MODERATE,MONITOR
NG-STU-1274,Info & Comm Engineering,3.4680851063829787,3.2941176470588234,3.382978723404255,3.57918552036199,0,3.5247725118030644,0.005343911819755263,-0.08510638297872353,MODERATE,MONITOR
NG-STU-1275,Info & Comm Engineering,3.382978723404255,2.1666666666666665,1.8275862068965518,2.56716417910448,1,2.42009995689636,0.9933543544126499,-1.5553925165077034,CRITICAL,URGENT
NG-STU-1276,Info & Comm Engineering,3.4680851063829787,2.896551724137931,3.0384615384615383,3.40434782608696,0,3.198991928829082,0.16396089279277618,-0.4296235679214404,HIGH,PRIORITY
NG-STU-1277,Info & Comm Engineering,3.5106382978723403,2.8461538461538463,3.5714285714285716,3.43111111111111,0,3.4678715565533866,0.014725145590969439,0.060790273556231345,MODERATE,MONITOR
NG-STU-1278,Info & Comm Engineering,3.25531914893617,2.7037037037037037,3.150943396226415,3.37444933920705,0,3.2469200303505446,0.039912370464526496,-0.10437575270975508,HIGH,PRIORITY
NG-STU-1279,Info & Comm Engineering,4.595744680851064,4.020408163265306,4.531914893617022,4.29680365296804,0,4.455488300817322,0.0009704097246419624,-0.06382978723404253,LOW,ROUTINE
NG-STU-1280,Info & Comm Engineering,3.74468085106383,3.036363636363636,2.9649122807017543,3.55172413793103,0,3.3081346437984376,0.08961409655065095,-0.7797685703620756,HIGH,PRIORITY
NG-STU-1281,Info & Comm Engineering,3.723404255319149,2.661290322580645,3.0925925925925926,3.38114754098361,0,3.3015697033795646,0.11818991052057765,-0.6308116627265563,HIGH,PRIORITY
NG-STU-1282,Info & Comm Engineering,3.4680851063829787,2.6166666666666667,2.4237288135593222,2.90438247011952,1,2.8656360162325134,0.9399988165061458,-1.0443562928236565,CRITICAL,URGENT
NG-STU-1283,Info & Comm Engineering,3.2,3.175438596491228,2.076923076923077,2.65,1,2.861828632433506,0.9177012483572412,-1.123076923076923,CRITICAL,URGENT
NG-STU-1284,Info & Comm Engineering,4.288888888888889,3.2549019607843137,2.830188679245283,3.52252252252252,0,3.451955380957264,0.028441224918222808,-1.458700209643606,MODERATE,MONITOR
NG-STU-1285,Info & Comm Engineering,3.4,3.0545454545454547,2.388888888888889,2.92703862660944,1,2.9533457532151113,0.8413437174526616,-1.011111111111111,CRITICAL,URGENT
NG-STU-1286,Info & Comm Engineering,4.8,4.551020408163265,4.382978723404255,4.50934579439252,0,4.5329564901502355,0.0009704097246419624,-0.4170212765957446,MODERATE,MONITOR
NG-STU-1287,Info & Comm Engineering,4.0,3.2280701754385963,3.74468085106383,3.70089285714286,0,3.707992188741862,0.0012742328642570094,-0.25531914893617014,LOW,ROUTINE
NG-STU-1288,Info & Comm Engineering,3.422222222222222,3.3529411764705883,3.3191489361702127,3.50462962962963,0,3.4884774612866227,0.0064530387186581125,-0.10307328605200938,MODERATE,MONITOR
NG-STU-1289,Info & Comm Engineering,4.622222222222222,4.1020408163265305,4.23404255319149,4.3411214953271,0,4.346633862860185,0.0009704097246419624,-0.3881796690307322,MODERATE,MONITOR
NG-STU-1290,Info & Comm Engineering,4.2,3.4814814814814814,3.617021276595745,4.01369863013699,0,3.8172162861477337,0.0009704097246419624,-0.5829787234042554,MODERATE,MONITOR
NG-STU-1291,Info & Comm Engineering,4.622222222222222,4.591836734693878,4.702127659574468,4.71028037383178,0,4.701599112678371,0.0009704097246419624,0.07990543735224609,LOW,ROUTINE
NG-STU-1292,Info & Comm Engineering,4.155555555555556,2.8679245283018866,2.5272727272727273,2.91358024691358,1,3.1245334120839328,0.3891599213554054,-1.6282828282828286,HIGH,PRIORITY
NG-STU-1293,Info & Comm Engineering,3.488888888888889,3.176470588235294,2.92,3.27149321266968,0,3.306735033594892,0.10655395912304932,-0.568888888888889,HIGH,PRIORITY
NG-STU-1294,Info & Comm Engineering,3.8666666666666667,2.3934426229508197,2.4210526315789473,2.90283400809717,1,2.9476339462496313,0.8514138309185917,-1.4456140350877194,CRITICAL,URGENT
NG-STU-1295,Info & Comm Engineering,2.7555555555555555,2.4716981132075473,1.7758620689655173,2.4,1,2.4282234925303148,0.9909950484912856,-0.9796934865900382,CRITICAL,URGENT
NG-STU-1296,Info & Comm Engineering,3.7333333333333334,3.189655172413793,3.3529411764705883,3.49339207048458,0,3.5223070082560706,0.004009130717351334,-0.3803921568627451,MODERATE,MONITOR
NG-STU-1297,Info & Comm Engineering,3.488888888888889,2.593220338983051,2.5925925925925926,3.00836820083682,1,2.9403220896333417,0.8489670725851601,-0.8962962962962964,CRITICAL,URGENT
NG-STU-1298,Info & Comm Engineering,3.8,3.018181818181818,3.34,3.60986547085202,0,3.463635948711519,0.0030939853897606995,-0.45999999999999996,MODERATE,MONITOR
NG-STU-1299,Info & Comm Engineering,3.911111111111111,3.150943396226415,3.1020408163265305,3.51339285714286,0,3.491974716921837,0.012036321349151353,-0.8090702947845805,MODERATE,MONITOR
NG-STU-1300,Info & Comm Engineering,3.688888888888889,2.4655172413793105,1.8923076923076922,2.69721115537849,1,2.6672127568749335,0.9738994779128134,-1.7965811965811969,CRITICAL,URGENT
NG-STU-1301,Info & Comm Engineering,3.8,3.0377358490566038,3.617021276595745,3.58636363636364,0,3.5949757828199314,0.0030939853897606995,-0.18297872340425503,MODERATE,MONITOR
NG-STU-1302,Info & Comm Engineering,3.933333333333333,2.803921568627451,1.8070175438596492,2.82113821138211,1,2.799488560435128,0.8614082693320761,-2.1263157894736837,CRITICAL,URGENT
NG-STU-1303,Info & Comm Engineering,3.8666666666666667,3.290909090909091,3.404255319148936,3.76818181818182,0,3.6234464018472075,0.0013759030156537658,-0.4624113475177305,MODERATE,MONITOR
NG-STU-1304,Info & Comm Engineering,4.066666666666666,3.510204081632653,3.24,3.70967741935484,0,3.6092302230767097,0.0019426752476074617,-0.8266666666666662,MODERATE,MONITOR
NG-STU-1305,Info & Comm Engineering,4.288888888888889,3.2941176470588234,2.826923076923077,3.46188340807175,0,3.4946335736726213,0.028441224918222808,-1.4619658119658117,MODERATE,MONITOR
NG-STU-1306,Info & Comm Engineering,4.066666666666666,2.406779661016949,3.0185185185185186,3.13362068965517,0,3.224180273390192,0.11421677735364029,-1.0481481481481478,HIGH,PRIORITY
NG-STU-1307,Info & Comm Engineering,3.3333333333333335,3.4444444444444446,3.6808510638297873,3.74429223744292,0,3.7010660360553436,0.00553528410131432,0.34751773049645385,LOW,ROUTINE
NG-STU-1308,Info & Comm Engineering,3.488888888888889,2.888888888888889,3.489795918367347,3.19457013574661,0,3.438978163387021,0.010462146765773945,0.0009070294784581101,MODERATE,MONITOR
NG-STU-1309,Info & Comm Engineering,4.4222222222222225,3.9591836734693877,4.0,4.26635514018692,0,4.211074796085608,0.0009704097246419624,-0.4222222222222225,MODERATE,MONITOR
NG-STU-1310,Info & Comm Engineering,3.488888888888889,3.061224489795918,2.4285714285714284,3.00429184549356,1,2.973986206729996,0.7982976392875818,-1.0603174603174605,CRITICAL,URGENT
NG-STU-1311,Info & Comm Engineering,3.2,2.262295081967213,1.6065573770491803,2.67527675276753,1,2.350994090715262,0.9935838677252671,-1.5934426229508198,CRITICAL,URGENT
NG-STU-1312,Info & Comm Engineering,4.133333333333334,2.509433962264151,2.2857142857142856,2.69685039370079,1,2.8906636158325494,0.845458550429597,-1.8476190476190482,CRITICAL,URGENT
NG-STU-1313,Info & Comm Engineering,3.977777777777778,2.6610169491525424,1.7391304347826086,2.30479452054795,1,2.708502018256519,0.9173379361129476,-2.2386473429951694,CRITICAL,URGENT
NG-STU-1314,Info & Comm Engineering,4.4222222222222225,4.163265306122449,3.9361702127659575,4.23364485981308,0,4.155621490082413,0.0009704097246419624,-0.48605200945626503,MODERATE,MONITOR
NG-STU-1315,Info & Comm Engineering,4.444444444444445,4.1020408163265305,3.595744680851064,4.1214953271028,0,4.049345115486969,0.0009704097246419624,-0.8486997635933808,MODERATE,MONITOR
NG-STU-1316,Info & Comm Engineering,3.3333333333333335,2.5686274509803924,2.015625,2.636,1,2.654260191687506,0.9781811712768596,-1.3177083333333335,CRITICAL,URGENT
NG-STU-1317,Info & Comm Engineering,3.9555555555555557,3.4693877551020407,3.617021276595745,3.75700934579439,0,3.767560730081445,0.0013759030156537658,-0.3385342789598109,MODERATE,MONITOR
NG-STU-1318,Info & Comm Engineering,3.422222222222222,2.721311475409836,3.0727272727272728,3.12605042016807,0,3.1735746305879955,0.09663712301431568,-0.3494949494949493,HIGH,PRIORITY
NG-STU-1319,Info & Comm Engineering,4.955555555555556,4.877551020408164,4.808510638297872,4.88785046728972,0,4.818556610261199,0.0009704097246419624,-0.14704491725768332,LOW,ROUTINE
NG-STU-1320,Info & Comm Engineering,4.355555555555555,3.142857142857143,3.4791666666666665,3.76851851851852,0,3.7045415925262812,0.0016051989889645597,-0.8763888888888887,MODERATE,MONITOR
NG-STU-1321,Info & Comm Engineering,4.155555555555556,3.2037037037037037,2.450980392156863,3.3215859030837,0,3.226230447675675,0.33634499561027836,-1.704575163398693,HIGH,PRIORITY
NG-STU-1322,Info & Comm Engineering,4.777777777777778,4.489795918367347,4.446808510638298,4.5981308411215,0,4.573057103120172,0.0009704097246419624,-0.33096926713947994,MODERATE,MONITOR
NG-STU-1323,Info & Comm Engineering,3.8,3.1666666666666665,3.02,3.45535714285714,0,3.376439586852829,0.03788397254842181,-0.7799999999999998,MODERATE,MONITOR
NG-STU-1324,Info & Comm Engineering,4.2444444444444445,3.2244897959183674,3.0,3.50900900900901,0,3.4516585810430236,0.017154944190848398,-1.2444444444444445,MODERATE,MONITOR
NG-STU-1325,Info & Comm Engineering,4.133333333333334,3.3461538461538463,2.9607843137254903,3.54708520179372,0,3.452954431636756,0.017154944190848398,-1.1725490196078434,MODERATE,MONITOR
NG-STU-1326,Info & Comm Engineering,3.422222222222222,2.2413793103448274,1.6428571428571428,2.16558441558442,1,2.3440667619412148,0.9933543544126499,-1.7793650793650793,CRITICAL,URGENT
NG-STU-1327,Info & Comm Engineering,4.266666666666667,3.4081632653061225,3.36734693877551,3.75,0,3.7352026738301713,0.0009704097246419624,-0.8993197278911564,MODERATE,MONITOR
NG-STU-1328,Info & Comm Engineering,4.533333333333333,3.980392156862745,4.361702127659575,4.11111111111111,0,4.351745086307002,0.0009704097246419624,-0.17163120567375856,LOW,ROUTINE
NG-STU-1329,Info & Comm Engineering,4.0,3.5384615384615383,3.723404255319149,3.84792626728111,0,3.7997399260994866,0.0012742328642570094,-0.27659574468085113,LOW,ROUTINE
NG-STU-1330,Info & Comm Engineering,3.933333333333333,2.727272727272727,2.292307692307692,2.9031007751938,1,2.9027848686910414,0.7899975377356439,-1.641025641025641,CRITICAL,URGENT
NG-STU-1331,Info & Comm Engineering,4.066666666666666,4.122448979591836,4.680851063829787,4.45327102803738,0,4.431780790511695,0.0009704097246419624,0.6141843971631209,LOW,ROUTINE
NG-STU-1332,Info & Comm Engineering,4.133333333333334,3.2941176470588234,2.9148936170212765,3.28508771929825,0,3.452954431636756,0.017154944190848398,-1.2184397163120573,MODERATE,MONITOR
NG-STU-1333,Info & Comm Engineering,4.355555555555555,3.5918367346938775,3.574468085106383,3.75462962962963,0,3.8365145834413257,0.0009704097246419624,-0.7810874704491724,MODERATE,MONITOR
NG-STU-1334,Info & Comm Engineering,4.4,4.1020408163265305,3.3137254901960786,3.96788990825688,0,3.791827630227208,0.0011728882725601391,-1.0862745098039217,MODERATE,MONITOR
NG-STU-1335,Info & Comm Engineering,2.5555555555555554,2.2131147540983607,1.6231884057971016,1.99672131147541,1,2.222326987873691,0.9978650542740215,-0.9323671497584538,CRITICAL,URGENT
NG-STU-1336,Info & Comm Engineering,4.022222222222222,2.963636363636364,1.9787234042553192,3.10878661087866,0,2.9877064766389236,0.7258977310813671,-2.0434988179669027,CRITICAL,URGENT
NG-STU-1337,Info & Comm Engineering,3.977777777777778,2.938775510204082,2.9714285714285715,3.292,0,3.326097410579599,0.05282295246371659,-1.0063492063492063,HIGH,PRIORITY
NG-STU-1338,Info & Comm Engineering,4.777777777777778,4.163265306122449,4.1063829787234045,4.25454545454545,0,4.248037077043415,0.0009704097246419624,-0.6713947990543732,MODERATE,MONITOR
NG-STU-1339,Info & Comm Engineering,4.488888888888889,2.5128205128205128,3.5319148936170213,3.80630630630631,0,3.62342724861206,0.006422558669489659,-0.9569739952718677,MODERATE,MONITOR
NG-STU-1340,Info & Comm Engineering,4.4222222222222225,4.3061224489795915,4.468085106382978,4.54672897196262,0,4.476599899267425,0.0009704097246419624,0.04586288416075579,LOW,ROUTINE
NG-STU-1341,Info & Comm Engineering,4.021739130434782,3.8823529411764706,2.938775510204082,3.50909090909091,0,3.5172451554907243,0.017154944190848398,-1.0829636202307005,MODERATE,MONITOR
NG-STU-1342,Info & Comm Engineering,3.891304347826087,3.5294117647058822,3.3207547169811322,3.64125560538117,0,3.636220895973033,0.0013759030156537658,-0.5705496308449547,MODERATE,MONITOR
NG-STU-1343,Info & Comm Engineering,3.5217391304347827,3.3207547169811322,3.9565217391304346,3.69124423963134,0,3.7345566809351673,0.00399379770149108,0.4347826086956519,LOW,ROUTINE
NG-STU-1344,Info & Comm Engineering,3.282608695652174,2.4363636363636365,2.2,2.79446640316206,1,2.730495600802481,0.9727633042089078,-1.0826086956521737,CRITICAL,URGENT
NG-STU-1345,Info & Comm Engineering,2.347826086956522,2.3076923076923075,2.4262295081967213,2.75298804780877,1,2.6318602646423392,0.994124941821371,0.07840342124019939,CRITICAL,URGENT
NG-STU-1346,Info & Comm Engineering,3.4782608695652173,1.7169811320754718,1.6233766233766234,2.1183800623053,1,2.3159625513017743,0.9933543544126499,-1.854884246188594,CRITICAL,URGENT
NG-STU-1347,Info & Comm Engineering,3.595744680851064,2.3620689655172415,1.8703703703703705,2.84230769230769,1,2.6179261194512335,0.9889304644740552,-1.7253743104806933,CRITICAL,URGENT
NG-STU-1348,Info & Comm Engineering,3.5217391304347827,3.2549019607843137,2.9782608695652173,3.35483870967742,0,3.3109384171730682,0.06721021220698058,-0.5434782608695654,HIGH,PRIORITY
NG-STU-1349,Info & Comm Engineering,4.6521739130434785,4.408163265306122,4.5,4.50704225352113,0,4.5419989590010506,0.0009704097246419624,-0.1521739130434785,LOW,ROUTINE
NG-STU-1350,Info & Comm Engineering,3.5652173913043477,2.4754098360655736,1.8970588235294117,2.64459930313589,1,2.639973655707642,0.9738994779128134,-1.668158567774936,CRITICAL,URGENT
NG-STU-1351,Info & Comm Engineering,4.369565217391305,4.204081632653061,4.5,4.3849765258216,0,4.464861761079422,0.0009704097246419624,0.13043478260869534,LOW,ROUTINE
NG-STU-1352,Info & Comm Engineering,3.5652173913043477,2.183333333333333,1.828125,2.27331189710611,1,2.490942566855511,0.9911157722711385,-1.7370923913043477,CRITICAL,URGENT
NG-STU-1353,Info & Comm Engineering,3.869565217391304,3.375,2.76,3.34529147982063,0,3.3687527853312287,0.11102815403892892,-1.1095652173913044,MODERATE,MONITOR
NG-STU-1354,Info & Comm Engineering,4.695652173913044,4.489795918367347,4.978260869565218,4.76056338028169,0,4.7157788658480015,0.0009704097246419624,0.28260869565217384,LOW,ROUTINE
NG-STU-1355,Info & Comm Engineering,3.5434782608695654,3.4285714285714284,3.0208333333333335,3.39449541284404,0,3.4322298931381123,0.06475062304714181,-0.5226449275362319,MODERATE,MONITOR
NG-STU-1356,Info & Comm Engineering,3.260869565217391,3.2452830188679247,3.2708333333333335,3.52511415525114,0,3.4457992685712653,0.011030654950287218,0.00996376811594235,MODERATE,MONITOR
NG-STU-1357,Info & Comm Engineering,3.608695652173913,3.510204081632653,2.9166666666666665,3.53881278538813,0,3.4366953740448283,0.06721021220698058,-0.6920289855072466,MODERATE,MONITOR
NG-STU-1358,Info & Comm Engineering,4.086956521739131,3.9591836734693877,4.065217391304348,4.13615023474178,0,4.120128464501602,0.0009704097246419624,-0.02173913043478315,LOW,ROUTINE
NG-STU-1359,Info & Comm Engineering,3.8,2.9056603773584904,3.84,3.62114537444934,0,3.632604496445032,0.0035072674085906545,0.040000000000000036,LOW,ROUTINE
NG-STU-1360,Info & Comm Engineering,3.533333333333333,2.6724137931034484,3.297872340425532,3.29694323144105,0,3.335765397078404,0.031250335757970406,-0.2354609929078011,HIGH,PRIORITY
NG-STU-1361,Info & Comm Engineering,4.088888888888889,3.183673469387755,4.081632653061225,3.7027027027027,0,3.8564105287036807,0.0016051989889645597,-0.007256235827663993,LOW,ROUTINE
NG-STU-1362,Info & Comm Engineering,3.8444444444444446,3.3529411764705883,3.9361702127659575,3.86301369863014,0,3.8265344137749473,0.0013759030156537658,0.09172576832151291,LOW,ROUTINE
NG-STU-1363,Info & Comm Engineering,3.8,3.0727272727272728,3.7291666666666665,3.75892857142857,0,3.627154978837973,0.002484320291960129,-0.0708333333333333,LOW,ROUTINE
NG-STU-1364,Info & Comm Engineering,3.7555555555555555,2.4827586206896552,3.74468085106383,3.3056768558952,0,3.539445241855375,0.018354100172343787,-0.010874704491725673,MODERATE,MONITOR
NG-STU-1365,Info & Comm Engineering,3.2,2.6140350877192984,3.3541666666666665,3.19213973799127,0,3.2952150884659397,0.03571776477280387,0.15416666666666634,HIGH,PRIORITY
NG-STU-1366,Info & Comm Engineering,3.7555555555555555,2.5964912280701755,2.877551020408163,3.13191489361702,0,3.2029471545074997,0.32783381159187835,-0.8780045351473924,HIGH,PRIORITY
NG-STU-1367,Info & Comm Engineering,4.555555555555555,3.4693877551020407,4.16,4.04545454545455,0,4.121248999583921,0.0009704097246419624,-0.3955555555555552,MODERATE,MONITOR
NG-STU-1368,Info & Comm Engineering,4.4222222222222225,3.6538461538461537,4.531914893617022,4.33181818181818,0,4.308614528820002,0.0009704097246419624,0.10969267139479921,LOW,ROUTINE
NG-STU-1369,Info & Comm Engineering,4.466666666666667,3.36734693877551,3.574468085106383,3.61290322580645,0,3.7803165619861807,0.0009704097246419624,-0.892198581560284,MODERATE,MONITOR
NG-STU-1370,Info & Comm Engineering,3.7333333333333334,3.1666666666666665,4.170212765957447,3.97747747747748,0,3.8807704307435893,0.004009130717351334,0.43687943262411366,LOW,ROUTINE
NG-STU-1371,Info & Comm Engineering,4.377777777777778,4.0,4.51063829787234,4.19354838709677,0,4.431313116316067,0.0009704097246419624,0.13286052009456206,LOW,ROUTINE
NG-STU-1372,Info & Comm Engineering,3.2,2.6315789473684212,3.4791666666666665,3.23788546255507,0,3.373653948936729,0.03571776477280387,0.27916666666666634,MODERATE,MONITOR
NG-STU-1373,Info & Comm Engineering,4.2444444444444445,3.489795918367347,4.382978723404255,4.13824884792627,0,4.132647428242174,0.0009704097246419624,0.13853427895981074,LOW,ROUTINE
NG-STU-1374,Info & Comm Engineering,3.022222222222222,2.1481481481481484,3.02,3.10878661087866,0,2.930742805975103,0.6883864444730539,-0.0022222222222221255,CRITICAL,URGENT
NG-STU-1375,Info & Comm Engineering,4.488888888888889,4.0,4.595744680851064,4.48387096774194,0,4.456997005382409,0.0009704097246419624,0.10685579196217532,LOW,ROUTINE
NG-STU-1376,Info & Comm Engineering,3.7777777777777777,3.2857142857142856,3.857142857142857,3.70776255707763,0,3.7661831680815614,0.002425996690220517,0.07936507936507953,LOW,ROUTINE
NG-STU-1377,Info & Comm Engineering,4.111111111111111,3.480769230769231,4.617021276595745,4.26363636363636,0,4.198283858936284,0.0009704097246419624,0.5059101654846341,LOW,ROUTINE
NG-STU-1378,Info & Comm Engineering,3.511111111111111,2.3620689655172415,3.625,3.34334763948498,0,3.426868325243573,0.06873852894814683,0.11388888888888893,MODERATE,MONITOR
NG-STU-1379,Info & Comm Engineering,3.911111111111111,3.4693877551020407,3.893617021276596,3.7716894977169,0,3.834982333245317,0.0013759030156537658,-0.01749408983451506,LOW,ROUTINE
NG-STU-1380,Info & Comm Engineering,4.533333333333333,3.803921568627451,4.723404255319149,4.53881278538813,0,4.43879036283054,0.0009704097246419624,0.1900709219858161,LOW,ROUTINE
NG-STU-1381,Info & Comm Engineering,3.533333333333333,2.6379310344827585,3.851063829787234,3.51101321585903,0,3.5188156842998395,0.02599062518620189,0.3177304964539007,MODERATE,MONITOR
NG-STU-1382,Info & Comm Engineering,4.6,4.285714285714286,4.659574468085107,4.61751152073733,0,4.587923899053311,0.0009704097246419624,0.059574468085107135,LOW,ROUTINE
NG-STU-1383,Info & Comm Engineering,4.733333333333333,4.081632653061225,4.872340425531915,4.59447004608295,0,4.594142119321339,0.0009704097246419624,0.13900709219858154,LOW,ROUTINE
NG-STU-1384,Info & Comm Engineering,3.8444444444444446,3.314814814814815,4.3061224489795915,3.98214285714286,0,4.022658009999534,0.0013759030156537658,0.46167800453514696,LOW,ROUTINE
NG-STU-1385,Info & Comm Engineering,4.022222222222222,3.4693877551020407,4.319148936170213,4.11520737327189,0,4.086120878880102,0.0009704097246419624,0.29692671394799053,LOW,ROUTINE
NG-STU-1386,Info & Comm Engineering,4.555555555555555,3.693877551020408,4.446808510638298,4.3778801843318,0,4.3058648120714125,0.0009704097246419624,-0.10874704491725762,LOW,ROUTINE
NG-STU-1387,Info & Comm Engineering,3.911111111111111,3.1964285714285716,4.1063829787234045,3.70535714285714,0,3.8351061434846088,0.002275339813544725,0.19527186761229354,LOW,ROUTINE
NG-STU-1388,Info & Comm Engineering,3.2222222222222223,3.036363636363636,3.8333333333333335,3.57456140350877,0,3.557671975302048,0.012382760155697645,0.6111111111111112,MODERATE,MONITOR
NG-STU-1389,Info & Comm Engineering,3.022222222222222,2.6315789473684212,3.061224489795918,3.16521739130435,0,3.0945639340345745,0.33897153794947416,0.03900226757369607,CRITICAL,URGENT
NG-STU-1390,Info & Comm Engineering,3.9555555555555557,3.2962962962962963,3.851063829787234,3.78666666666667,0,3.784145934862723,0.0013759030156537658,-0.10449172576832177,LOW,ROUTINE
NG-STU-1391,Info & Comm Engineering,3.2444444444444445,2.6166666666666667,4.224489795918367,3.59565217391304,0,3.590809452103114,0.03571776477280387,0.9800453514739225,MODERATE,MONITOR
NG-STU-1392,Info & Comm Engineering,4.666666666666667,4.346938775510204,4.723404255319149,4.66820276497696,0,4.623309048978235,0.0009704097246419624,0.05673758865248235,LOW,ROUTINE
NG-STU-1393,Info & Comm Engineering,3.911111111111111,3.2264150943396226,3.851063829787234,3.67873303167421,0,3.7414677421473654,0.0013759030156537658,-0.060047281323877044,LOW,ROUTINE
NG-STU-1394,Info & Comm Engineering,4.066666666666666,3.450980392156863,4.297872340425532,4.04109589041096,0,4.093031939860876,0.0009704097246419624,0.2312056737588657,LOW,ROUTINE
NG-STU-1395,Info & Comm Engineering,4.311111111111111,4.081632653061225,4.595744680851064,4.49769585253456,0,4.428812391857263,0.0009704097246419624,0.28463356973995335,LOW,ROUTINE
NG-STU-1396,Info & Comm Engineering,4.555555555555555,4.081632653061225,4.617021276595745,4.46543778801843,0,4.4713109697026985,0.0009704097246419624,0.061465721040189436,LOW,ROUTINE
NG-STU-1397,Info & Comm Engineering,4.0,2.9827586206896552,4.1063829787234045,3.80088495575221,0,3.7358134587681597,0.002865724610070873,0.10638297872340452,LOW,ROUTINE
NG-STU-1398,Info & Comm Engineering,3.8444444444444446,2.925925925925926,4.319148936170213,3.66071428571429,0,3.7994405128083018,0.0035072674085906545,0.4747044917257681,LOW,ROUTINE
NG-STU-1399,Info & Comm Engineering,2.6,2.6724137931034484,3.1666666666666665,3.14042553191489,0,3.1549333490871443,0.1830250490779017,0.5666666666666664,HIGH,PRIORITY
NG-STU-1400,Info & Comm Engineering,4.177777777777778,4.163265306122449,4.787234042553192,4.52995391705069,0,4.484561765959418,0.0009704097246419624,0.6094562647754138,LOW,ROUTINE
NG-STU-1401,Info & Comm Engineering,3.2,2.45,3.38,3.25531914893617,0,3.3315101389823814,0.041037901046695115,0.17999999999999972,HIGH,PRIORITY
NG-STU-1402,Info & Comm Engineering,3.9555555555555557,3.176470588235294,4.340425531914893,4.0365296803653,0,3.9280196054728225,0.002275339813544725,0.3848699763593375,LOW,ROUTINE
NG-STU-1403,Info & Comm Engineering,4.066666666666666,3.0588235294117645,3.765957446808511,3.69406392694064,0,3.6664221308382063,0.002183261891699509,-0.3007092198581556,MODERATE,MONITOR
NG-STU-1404,Info & Comm Engineering,3.6444444444444444,2.716666666666667,3.75,3.45338983050847,0,3.5133837916214135,0.014725145590969439,0.10555555555555562,MODERATE,MONITOR
NG-STU-1405,Info & Comm Engineering,4.159090909090909,3.9565217391304346,4.612244897959184,4.32547169811321,0,4.381799913211922,0.0009704097246419624,0.45315398886827474,LOW,ROUTINE
NG-STU-1406,Info & Comm Engineering,4.5,4.391304347826087,4.183673469387755,4.16037735849057,0,4.337052314145987,0.0009704097246419624,-0.3163265306122449,MODERATE,MONITOR
NG-STU-1407,Info & Comm Engineering,3.8636363636363638,3.122448979591837,3.2857142857142856,3.26008968609865,0,3.540269775037232,0.0027493461543325647,-0.5779220779220782,MODERATE,MONITOR
NG-STU-1408,Info & Comm Engineering,3.6363636363636362,3.5652173913043477,3.979591836734694,3.9622641509434,0,3.8315797414020913,0.00399379770149108,0.34322820037105783,LOW,ROUTINE
NG-STU-1409,Info & Comm Engineering,4.886363636363637,4.586956521739131,4.795918367346939,4.7311320754717,0,4.76491361304996,0.0009704097246419624,-0.0904452690166977,LOW,ROUTINE
NG-STU-1410,Info & Comm Engineering,4.090909090909091,4.130434782608695,4.551020408163265,4.37264150943396,0,4.340366784732061,0.0009704097246419624,0.4601113172541744,LOW,ROUTINE
NG-STU-1411,Info & Comm Engineering,2.5681818181818183,2.4545454545454546,2.2641509433962264,2.5843137254902,1,2.6219498272224024,0.9901893316367583,-0.304030874785592,CRITICAL,URGENT
NG-STU-1412,Info & Comm Engineering,4.136363636363637,3.8085106382978724,3.836734693877551,4.0,0,3.940042881373497,0.0009704097246419624,-0.29962894248608585,LOW,ROUTINE
NG-STU-1413,Info & Comm Engineering,3.8181818181818183,4.326086956521739,4.428571428571429,4.37264150943396,0,4.364349182464346,0.0013759030156537658,0.6103896103896105,LOW,ROUTINE
NG-STU-1414,Info & Comm Engineering,4.045454545454546,4.326086956521739,4.0,4.20283018867925,0,4.18247892852184,0.0009704097246419624,-0.04545454545454586,LOW,ROUTINE
NG-STU-1415,Info & Comm Engineering,2.7954545454545454,1.5512820512820513,1.1636363636363636,2.04854368932039,1,2.041895828787659,0.996969933302337,-1.6318181818181818,CRITICAL,URGENT
NG-STU-1416,Info & Comm Engineering,3.977272727272727,4.217391304347826,4.326530612244898,4.22169811320755,0,4.273043014267277,0.0013759030156537658,0.34925788497217125,LOW,ROUTINE
NG-STU-1417,Info & Comm Engineering,4.068181818181818,3.14,2.63265306122449,3.37229437229437,0,3.343175594256767,0.12720345728361637,-1.4355287569573285,HIGH,PRIORITY
NG-STU-1418,Info & Comm Engineering,2.3863636363636362,3.3207547169811322,2.509433962264151,2.80694980694981,1,3.0053505362871475,0.7796829408260303,0.12307032590051481,CRITICAL,URGENT
NG-STU-1419,Info & Comm Engineering,4.909090909090909,4.804347826086956,4.8979591836734695,4.84905660377358,0,4.829540849712444,0.0009704097246419624,-0.011131725417439675,LOW,ROUTINE
NG-STU-1420,Info & Comm Engineering,3.3181818181818183,3.723404255319149,3.2857142857142856,3.6,0,3.582615233294942,0.0066838633413360245,-0.032467532467532756,MODERATE,MONITOR
NG-STU-1421,Info & Comm Engineering,2.8666666666666667,1.5342465753424657,1.087719298245614,1.80058651026393,1,1.9883328720228597,0.996969933302337,-1.7789473684210526,CRITICAL,URGENT
NG-STU-1422,Info & Comm Engineering,4.2727272727272725,4.48936170212766,4.081632653061225,4.28169014084507,0,4.274061381876147,0.0009704097246419624,-0.1910946196660479,LOW,ROUTINE
NG-STU-1423,Info & Comm Engineering,3.0,2.581818181818182,2.7346938775510203,2.9698275862069,1,2.9298521693674666,0.8699938997047637,-0.26530612244897966,CRITICAL,URGENT
NG-STU-1424,Info & Comm Engineering,2.7954545454545454,3.326923076923077,3.0784313725490198,3.08016877637131,1,3.2966418623983396,0.059423798512761104,0.28297682709447436,HIGH,PRIORITY
NG-STU-1425,Info & Comm Engineering,3.25,3.372549019607843,3.795918367346939,3.6221198156682,0,3.6519964914130765,0.00553528410131432,0.545918367346939,LOW,ROUTINE
NG-STU-1426,Info & Comm Engineering,4.0,3.8958333333333335,3.3877551020408165,3.53363228699552,0,3.74228972372539,0.0012742328642570094,-0.6122448979591835,MODERATE,MONITOR
NG-STU-1427,Info & Comm Engineering,2.5,2.4754098360655736,2.5384615384615383,2.62592592592593,1,2.7659901936026574,0.9645495716881052,0.038461538461538325,CRITICAL,URGENT
NG-STU-1428,Info & Comm Engineering,3.4318181818181817,3.5833333333333335,3.8,3.55251141552511,0,3.7081945128682214,0.005343911819755263,0.36818181818181817,LOW,ROUTINE
NG-STU-1429,Info & Comm Engineering,4.181818181818182,3.8043478260869565,3.36734693877551,3.8302752293578,0,3.7793433483579815,0.0009704097246419624,-0.8144712430426715,MODERATE,MONITOR
NG-STU-1430,Info & Comm Engineering,2.9545454545454546,2.262295081967213,1.7058823529411764,2.22372881355932,1,2.2734522387224017,0.9967703841700198,-1.2486631016042782,CRITICAL,URGENT
NG-STU-1431,Info & Comm Engineering,4.0227272727272725,4.108695652173913,4.551020408163265,4.39150943396226,0,4.333455723751287,0.0009704097246419624,0.5282931354359928,LOW,ROUTINE
NG-STU-1432,Info & Comm Engineering,3.227272727272727,2.3333333333333335,2.129032258064516,2.76284584980237,1,2.626856694855611,0.9935838677252671,-1.098240469208211,CRITICAL,URGENT
NG-STU-1433,Info & Comm Engineering,2.9318181818181817,3.12,3.0517241379310347,3.24122807017544,0,3.24051907560332,0.20267928701996957,0.11990595611285304,HIGH,PRIORITY
NG-STU-1434,Info & Comm Engineering,3.5434782608695654,4.1,2.183333333333333,3.07874015748031,1,3.160528842344299,0.7699307473440506,-1.3601449275362323,HIGH,PRIORITY
NG-STU-1435,Info & Comm Engineering,2.760869565217391,2.8333333333333335,1.7790697674418605,2.49466192170819,1,2.5077609478888414,0.9816007651280206,-0.9817997977755306,CRITICAL,URGENT
NG-STU-1436,Info & Comm Engineering,4.088888888888889,4.2,4.170212765957447,4.10599078341014,0,4.183755518541744,0.0009704097246419624,0.08132387706855848,LOW,ROUTINE
NG-STU-1437,Info & Comm Engineering,2.8214285714285716,2.16,3.015873015873016,2.75486381322957,1,2.875261733665545,0.8300715970213598,0.1944444444444442,CRITICAL,URGENT
NG-STU-1438,Info & Comm Engineering,2.888888888888889,2.0392156862745097,1.8412698412698412,2.3705035971223,1,2.2932228948913926,0.996969933302337,-1.0476190476190477,CRITICAL,URGENT
NG-STU-1439,Info & Comm Engineering,4.333333333333333,4.22,3.72,4.21100917431193,0,4.08688834274322,0.0009704097246419624,-0.6133333333333328,MODERATE,MONITOR
NG-STU-1440,Info & Comm Engineering,3.111111111111111,3.48,3.148936170212766,3.17256637168142,0,3.4512992542074556,0.011030654950287218,0.0378250591016549,MODERATE,MONITOR
NG-STU-1441,Info & Comm Engineering,4.155555555555556,4.52,4.0638297872340425,4.26046511627907,0,4.250195132908369,0.0009704097246419624,-0.09172576832151336,LOW,ROUTINE
NG-STU-1442,Info & Comm Engineering,4.533333333333333,4.78,4.319148936170213,4.55348837209302,0,4.508396673582762,0.0009704097246419624,-0.21418439716312054,LOW,ROUTINE
NG-STU-1443,Info & Comm Engineering,4.133333333333334,4.1,3.489795918367347,3.76255707762557,0,3.903730956525012,0.0009704097246419624,-0.6435374149659867,MODERATE,MONITOR
NG-STU-1444,Info & Comm Engineering,4.333333333333333,4.24,3.425531914893617,3.79638009049774,0,3.905565988216199,0.0009704097246419624,-0.9078014184397158,MODERATE,MONITOR
NG-STU-1445,Info & Comm Engineering,3.3617021276595747,4.3,4.085106382978723,3.95391705069124,0,3.9867458504534286,0.005343911819755263,0.7234042553191484,LOW,ROUTINE
NG-STU-1446,Info & Comm Engineering,3.3191489361702127,3.8,3.9148936170212765,3.73059360730594,0,3.7591292368887794,0.00553528410131432,0.5957446808510638,LOW,ROUTINE
NG-STU-1447,Info & Comm Engineering,2.7551020408163267,2.4516129032258065,1.7708333333333333,2.44485294117647,1,2.4282234925303148,0.9909950484912856,-0.9842687074829934,CRITICAL,URGENT
NG-STU-1448,Info & Comm Engineering,3.1777777777777776,3.44,2.978723404255319,3.27232142857143,0,3.358035120385449,0.09092393538358615,-0.19905437352245858,MODERATE,MONITOR
NG-STU-1449,Info & Comm Engineering,2.4909090909090907,3.392156862745098,3.75,3.38325991189427,0,3.630323481789447,0.01652223649860338,1.2590909090909093,LOW,ROUTINE
NG-STU-1450,Info & Comm Engineering,2.6122448979591835,1.6229508196721312,1.5757575757575757,2.20774647887324,1,2.184396928149082,0.9978650542740215,-1.0364873222016078,CRITICAL,URGENT
NG-STU-1451,Info & Comm Engineering,3.111111111111111,3.230769230769231,2.0,2.63461538461538,1,2.780790801732857,0.8707487988724627,-1.1111111111111112,CRITICAL,URGENT
NG-STU-1452,Info & Comm Engineering,2.9574468085106385,2.607843137254902,1.953125,2.57818181818182,1,2.545689608791009,0.9889320913413862,-1.0043218085106385,CRITICAL,URGENT
NG-STU-1453,Info & Comm Engineering,4.311111111111111,4.54,4.446808510638298,4.52558139534884,0,4.5003822507152895,0.0009704097246419624,0.13569739952718685,LOW,ROUTINE
NG-STU-1454,Info & Comm Engineering,3.340909090909091,3.0816326530612246,2.3506493506493507,3.25,0,2.9036009720363025,0.7957773622143505,-0.9902597402597402,CRITICAL,URGENT
NG-STU-1455,Info & Comm Engineering,4.555555555555555,4.72,4.729166666666667,4.65740740740741,0,4.707748952052793,0.0009704097246419624,0.1736111111111116,LOW,ROUTINE
NG-STU-1456,Info & Comm Engineering,3.2222222222222223,2.98,3.357142857142857,3.29203539823009,0,3.3829248254485376,0.012382760155697645,0.13492063492063489,MODERATE,MONITOR
NG-STU-1457,Info & Comm Engineering,3.2888888888888888,3.38,2.9791666666666665,3.45,0,3.332976156373541,0.09092393538358615,-0.30972222222222223,HIGH,PRIORITY
NG-STU-1458,Info & Comm Engineering,3.4893617021276597,3.94,3.173076923076923,3.64,0,3.5549606286944315,0.007971063926632072,-0.3162847790507368,MODERATE,MONITOR
NG-STU-1459,Info & Comm Engineering,3.977777777777778,2.7,2.492063492063492,3.28870292887029,0,3.0468252350712963,0.5196364585702803,-1.4857142857142858,CRITICAL,URGENT
NG-STU-1460,Info & Comm Engineering,3.466666666666667,3.36,3.0425531914893615,3.21198156682028,0,3.347570540714358,0.06922960693309675,-0.42411347517730524,HIGH,PRIORITY
NG-STU-1461,Info & Comm Engineering,3.7333333333333334,4.04,3.8085106382978724,3.82325581395349,0,3.949543974180443,0.002425996690220517,0.075177304964539,LOW,ROUTINE
NG-STU-1462,Info & Comm Engineering,3.02,2.48,1.8363636363636364,2.56363636363636,1,2.474070681330033,0.9904058018931318,-1.1836363636363636,CRITICAL,URGENT
NG-STU-1463,Info & Comm Engineering,3.061224489795918,3.3529411764705883,3.4583333333333335,3.48230088495575,0,3.528963628151373,0.00553528410131432,0.39710884353741527,MODERATE,MONITOR
NG-STU-1464,Info & Comm Engineering,3.0638297872340425,2.96,3.6530612244897958,3.40178571428571,0,3.4763119659509107,0.012382760155697645,0.5892314372557532,MODERATE,MONITOR
NG-STU-1465,Info & Comm Engineering,4.466666666666667,4.38,4.595744680851064,4.53023255813954,0,4.519347469402646,0.0009704097246419624,0.12907801418439746,LOW,ROUTINE
NG-STU-1466,Info & Comm Engineering,4.4,4.54,4.659574468085107,4.55348837209302,0,4.615715679525066,0.0009704097246419624,0.2595744680851064,LOW,ROUTINE
NG-STU-1467,Info & Comm Engineering,3.6,3.5,3.4615384615384617,3.73181818181818,0,3.6706355394286994,0.00399379770149108,-0.1384615384615384,LOW,ROUTINE
NG-STU-1468,Info & Comm Engineering,3.6904761904761907,3.0625,3.3174603174603177,3.48444444444444,0,3.4375744984775576,0.010801283345626467,-0.373015873015873,MODERATE,MONITOR
NG-STU-1469,Info & Comm Engineering,4.136363636363637,3.6875,4.0,3.94470046082949,0,4.0131791164190505,0.0009704097246419624,-0.1363636363636367,LOW,ROUTINE
NG-STU-1470,Info & Comm Engineering,3.0869565217391304,3.1875,3.5833333333333335,3.67579908675799,0,3.534983025495462,0.009128879755108517,0.4963768115942031,MODERATE,MONITOR
NG-STU-1471,Info & Comm Engineering,3.5476190476190474,2.1875,2.782608695652174,2.92549019607843,1,2.9694484019618845,0.7983343649826109,-0.7650103519668736,CRITICAL,URGENT
NG-STU-1472,Info & Comm Engineering,2.0,1.92,2.15,2.31617647058824,1,2.285536876402319,0.998191471924221,0.1499999999999999,CRITICAL,URGENT
NG-STU-1473,Info & Comm Engineering,1.92,2.21875,2.7183098591549295,2.76150627615063,1,2.6995978108397103,0.9835927256918012,0.7983098591549296,CRITICAL,URGENT
NG-STU-1474,Info & Comm Engineering,3.909090909090909,3.25,3.5166666666666666,3.7926267281106,0,3.622912019086198,0.0013759030156537658,-0.39242424242424256,MODERATE,MONITOR
NG-STU-1475,Info & Comm Engineering,3.3488372093023258,2.21875,2.202127659574468,2.88593155893536,1,2.6167806425097075,0.9903909963751057,-1.1467095497278579,CRITICAL,URGENT
NG-STU-1476,Info & Comm Engineering,3.357142857142857,3.40625,3.6923076923076925,3.77272727272727,0,3.7010660360553436,0.005343911819755263,0.3351648351648353,LOW,ROUTINE
NG-STU-1477,Info & Comm Engineering,4.309523809523809,4.25,4.583333333333333,4.41860465116279,0,4.4911628558775005,0.0009704097246419624,0.2738095238095237,LOW,ROUTINE
NG-STU-1478,Info & Comm Engineering,3.5714285714285716,2.96875,3.5161290322580645,3.63594470046083,0,3.516013358948347,0.008951528059690062,-0.05529953917050712,MODERATE,MONITOR
NG-STU-1479,Info & Comm Engineering,3.238095238095238,3.53125,3.103448275862069,3.51643192488263,0,3.4892519478134947,0.028876350458424207,-0.1346469622331692,MODERATE,MONITOR
NG-STU-1480,Info & Comm Engineering,2.4166666666666665,2.15625,2.736842105263158,2.9375,1,2.7809404127491333,0.9722264816744997,0.32017543859649145,CRITICAL,URGENT
NG-STU-1481,Mechanical Engineering,3.978723404255319,2.9215686274509802,3.0,3.61904761904762,0,3.3537394888049885,0.04804299007043264,-0.978723404255319,MODERATE,MONITOR
NG-STU-1482,Mechanical Engineering,2.978723404255319,2.9310344827586206,2.5294117647058822,2.97520661157025,1,2.959654419035879,0.8372430077727498,-0.44931163954943676,CRITICAL,URGENT
NG-STU-1483,Mechanical Engineering,4.23404255319149,3.7346938775510203,3.6739130434782608,3.98648648648649,0,3.937394757644362,0.0008363482136922849,-0.5601295097132288,MODERATE,MONITOR
NG-STU-1484,Mechanical Engineering,3.6808510638297873,3.056603773584906,2.7857142857142856,3.24793388429752,0,3.2561558067372793,0.2505414550581341,-0.8951367781155017,HIGH,PRIORITY
NG-STU-1485,Mechanical Engineering,3.2444444444444445,3.2452830188679247,3.3043478260869565,3.52863436123348,0,3.4718369447190116,0.005765046531412322,0.05990338164251208,MODERATE,MONITOR
NG-STU-1486,Mechanical Engineering,3.3617021276595747,2.4461538461538463,2.727272727272727,3.14285714285714,0,3.0292388207697316,0.7634062933900977,-0.6344294003868476,CRITICAL,URGENT
NG-STU-1487,Mechanical Engineering,3.978723404255319,2.727272727272727,2.9411764705882355,3.27083333333333,0,3.2660297518223906,0.06858441064003773,-1.0375469336670835,HIGH,PRIORITY
NG-STU-1488,Mechanical Engineering,4.0,3.489795918367347,2.5,3.42035398230089,0,3.316799230759636,0.18804923748203492,-1.5,HIGH,PRIORITY
NG-STU-1489,Mechanical Engineering,4.085106382978723,3.6470588235294117,3.1296296296296298,3.73777777777778,0,3.6841983272808885,0.0044517427444289845,-0.9554767533490933,MODERATE,MONITOR
NG-STU-1490,Mechanical Engineering,3.7777777777777777,2.6607142857142856,1.8,2.76811594202899,1,2.7419717120523006,0.9440696049230396,-1.9777777777777776,CRITICAL,URGENT
NG-STU-1491,Mechanical Engineering,4.0212765957446805,3.693877551020408,4.1,4.03603603603604,0,4.000383451010955,0.001098244513449242,0.0787234042553191,LOW,ROUTINE
NG-STU-1492,Mechanical Engineering,3.0851063829787235,2.6206896551724137,2.12,2.84677419354839,1,2.687582443503678,0.9747686794193635,-0.9651063829787234,CRITICAL,URGENT
NG-STU-1493,Mechanical Engineering,3.74468085106383,2.5,2.0344827586206895,2.89068825910931,1,2.80994731815968,0.9512221946237668,-1.7101980924431404,CRITICAL,URGENT
NG-STU-1494,Mechanical Engineering,3.425531914893617,3.2363636363636363,2.9272727272727272,3.31120331950207,0,3.31633563980593,0.07680360750494819,-0.49825918762088994,HIGH,PRIORITY
NG-STU-1495,Mechanical Engineering,4.808510638297872,4.36734693877551,4.4375,4.52272727272727,0,4.540077938062464,0.0008363482136922849,-0.3710106382978724,MODERATE,MONITOR
NG-STU-1496,Mechanical Engineering,2.978723404255319,2.9655172413793105,2.586206896551724,2.9917695473251,1,2.959654419035879,0.8193669313041181,-0.3925165077035948,CRITICAL,URGENT
NG-STU-1497,Mechanical Engineering,3.872340425531915,2.8627450980392157,1.8035714285714286,2.72307692307692,1,2.8330879486775653,0.8173283585239823,-2.068768996960486,CRITICAL,URGENT
NG-STU-1498,Mechanical Engineering,3.574468085106383,3.5918367346938775,3.391304347826087,3.65596330275229,0,3.6616578824349757,0.003443496661564852,-0.1831637372802959,LOW,ROUTINE
NG-STU-1499,Mechanical Engineering,4.872340425531915,4.244897959183674,4.108695652173913,4.30275229357798,0,4.409941853109495,0.0008363482136922849,-0.7636447733580018,MODERATE,MONITOR
NG-STU-1500,Mechanical Engineering,3.148936170212766,2.9298245614035086,2.0,2.952,1,2.7689846128331093,0.9368287824781881,-1.148936170212766,CRITICAL,URGENT
NG-STU-1501,Mechanical Engineering,4.595744680851064,4.612244897959184,4.434782608695652,4.60091743119266,0,4.607538914489315,0.0008363482136922849,-0.16096207215541192,LOW,ROUTINE
NG-STU-1502,Mechanical Engineering,3.872340425531915,2.888888888888889,2.767857142857143,3.27083333333333,0,3.287228158691551,0.11852016263411955,-1.1044832826747721,HIGH,PRIORITY
NG-STU-1503,Mechanical Engineering,4.148936170212766,3.63265306122449,3.5098039215686274,3.89473684210526,0,3.7934332724754505,0.0008363482136922849,-0.6391322486441382,MODERATE,MONITOR
NG-STU-1504,Mechanical Engineering,4.702127659574468,3.979591836734694,4.608695652173913,4.52293577981651,0,4.517896024411075,0.0008363482136922849,-0.0934320074005548,LOW,ROUTINE
NG-STU-1505,Mechanical Engineering,3.3404255319148937,2.9074074074074074,2.4375,3.21576763485477,0,3.005403013450357,0.79433723442702,-0.9029255319148937,CRITICAL,URGENT
NG-STU-1506,Mechanical Engineering,3.425531914893617,2.087719298245614,1.75,2.57034220532319,1,2.443595528721877,0.9922962776825288,-1.6755319148936172,CRITICAL,URGENT
NG-STU-1507,Mechanical Engineering,3.7555555555555555,2.2241379310344827,1.5892857142857142,2.57835820895522,1,2.564481440804884,0.9831377743094409,-2.166269841269841,CRITICAL,URGENT
NG-STU-1508,Mechanical Engineering,3.851063829787234,3.2941176470588234,3.0869565217391304,3.34841628959276,0,3.56649837144076,0.006302760712077481,-0.7641073080481036,MODERATE,MONITOR
NG-STU-1509,Mechanical Engineering,2.933333333333333,2.693548387096774,2.369565217391304,2.89068825910931,1,2.7190478244999827,0.9398036612891866,-0.5637681159420289,CRITICAL,URGENT
NG-STU-1510,Mechanical Engineering,4.808510638297872,4.3061224489795915,4.244897959183674,4.52036199095023,0,4.4775735891222785,0.0008363482136922849,-0.5636126791141987,MODERATE,MONITOR
NG-STU-1511,Mechanical Engineering,3.2888888888888888,2.1818181818181817,2.413793103448276,2.65779467680608,1,2.732813065151765,0.9797206744311289,-0.875095785440613,CRITICAL,URGENT
NG-STU-1512,Mechanical Engineering,4.0,3.6153846153846154,3.6739130434782608,3.98190045248869,0,3.839202018885786,0.001098244513449242,-0.32608695652173925,MODERATE,MONITOR
NG-STU-1513,Mechanical Engineering,4.127659574468085,3.857142857142857,3.5217391304347827,3.78636363636364,0,3.864531188903302,0.0008363482136922849,-0.6059204440333024,MODERATE,MONITOR
NG-STU-1514,Mechanical Engineering,3.6595744680851063,4.055555555555555,3.630434782608696,3.92444444444444,0,3.917341004076186,0.003443496661564852,-0.02913968547641055,LOW,ROUTINE
NG-STU-1515,Mechanical Engineering,3.106382978723404,2.4754098360655736,1.4,2.34163701067616,1,2.3586832312777024,0.9780864831387511,-1.7063829787234042,CRITICAL,URGENT
NG-STU-1516,Mechanical Engineering,3.234042553191489,2.5625,2.7454545454545456,3.00778210116732,1,3.0292388207697316,0.7431571397781891,-0.48858800773694355,CRITICAL,URGENT
NG-STU-1517,Mechanical Engineering,4.170212765957447,4.346938775510204,4.369565217391305,4.3302752293578,0,4.365414215993985,0.0008363482136922849,0.1993524514338576,LOW,ROUTINE
NG-STU-1518,Mechanical Engineering,4.404255319148936,3.510204081632653,3.3541666666666665,3.8,0,3.751953729829419,0.0008363482136922849,-1.0500886524822692,MODERATE,MONITOR
NG-STU-1519,Mechanical Engineering,3.893617021276596,3.4313725490196076,2.391304347826087,3.31441048034934,0,3.316799230759636,0.34221293014087933,-1.502312673450509,HIGH,PRIORITY
NG-STU-1520,Mechanical Engineering,3.688888888888889,2.064516129032258,2.685185185185185,2.90909090909091,1,2.952097023008354,0.8780481640467366,-1.003703703703704,CRITICAL,URGENT
NG-STU-1521,Mechanical Engineering,4.425531914893617,4.224489795918367,4.260869565217392,4.44954128440367,0,4.411809488907588,0.0008363482136922849,-0.16466234967622562,LOW,ROUTINE
NG-STU-1522,Mechanical Engineering,3.8085106382978724,2.65,2.92,3.18067226890756,0,3.248066985041229,0.12432525481395545,-0.8885106382978725,HIGH,PRIORITY
NG-STU-1523,Mechanical Engineering,3.2222222222222223,2.183333333333333,1.7413793103448276,2.2751677852349,1,2.407746581416306,0.9925620590083175,-1.4808429118773947,CRITICAL,URGENT
NG-STU-1524,Mechanical Engineering,4.574468085106383,4.612244897959184,4.521739130434782,4.56880733944954,0,4.61474137537723,0.0008363482136922849,-0.05272895467160055,LOW,ROUTINE
NG-STU-1525,Mechanical Engineering,4.127659574468085,2.5762711864406778,2.760869565217391,3.06584362139918,1,3.181549005632023,0.3355214930425876,-1.366790009250694,HIGH,PRIORITY
NG-STU-1526,Mechanical Engineering,3.2127659574468086,3.6862745098039214,3.6666666666666665,3.87111111111111,0,3.772171939569142,0.004773601304778054,0.4539007092198579,LOW,ROUTINE
NG-STU-1527,Mechanical Engineering,4.48936170212766,3.5510204081632653,4.083333333333333,3.95495495495496,0,4.069823739060719,0.0008363482136922849,-0.4060283687943267,MODERATE,MONITOR
NG-STU-1528,Mechanical Engineering,3.066666666666667,2.2941176470588234,2.28,2.5830258302583,1,2.647502405667427,0.9877701446166162,-0.7866666666666671,CRITICAL,URGENT
NG-STU-1529,Mechanical Engineering,3.3191489361702127,3.0,2.5357142857142856,3.0,1,3.0334290492488014,0.6947476812204806,-0.7834346504559271,CRITICAL,URGENT
NG-STU-1530,Mechanical Engineering,4.276595744680851,3.7551020408163267,3.608695652173913,3.88990825688073,0,3.9052155616263207,0.0008363482136922849,-0.6679000925069376,MODERATE,MONITOR
NG-STU-1531,Mechanical Engineering,4.680851063829787,4.448979591836735,4.065217391304348,4.31192660550459,0,4.36242494024536,0.0008363482136922849,-0.6156336725254397,MODERATE,MONITOR
NG-STU-1532,Mechanical Engineering,2.466666666666667,2.1940298507462686,2.1272727272727274,2.61216730038023,1,2.479920276554205,0.9975233514764564,-0.33939393939393936,CRITICAL,URGENT
NG-STU-1533,Mechanical Engineering,3.978723404255319,3.44,3.4565217391304346,3.76146788990826,0,3.742301834669212,0.001098244513449242,-0.5222016651248844,MODERATE,MONITOR
NG-STU-1534,Mechanical Engineering,3.723404255319149,2.4833333333333334,2.878787878787879,2.93951612903226,1,3.157777711485563,0.4294776146981976,-0.84461637653127,HIGH,PRIORITY
NG-STU-1535,Mechanical Engineering,4.2444444444444445,3.7142857142857144,2.25,2.66333333333333,1,3.310973978438272,0.3954353306117153,-1.9944444444444445,HIGH,PRIORITY
NG-STU-1536,Mechanical Engineering,4.688888888888889,4.244897959183674,4.391304347826087,4.55504587155963,0,4.474994569355906,0.0008363482136922849,-0.2975845410628022,LOW,ROUTINE
NG-STU-1537,Mechanical Engineering,4.066666666666666,2.7017543859649122,2.7115384615384617,3.20083682008368,0,3.226694674567744,0.22045866187184301,-1.3551282051282048,HIGH,PRIORITY
NG-STU-1538,Mechanical Engineering,3.933333333333333,3.3469387755102042,3.6875,3.79279279279279,0,3.778312459682609,0.0011858893505855255,-0.24583333333333313,LOW,ROUTINE
NG-STU-1539,Mechanical Engineering,4.666666666666667,3.823529411764706,3.369565217391304,3.95454545454545,0,3.88219774208303,0.0008363482136922849,-1.2971014492753628,MODERATE,MONITOR
NG-STU-1540,Mechanical Engineering,4.622222222222222,4.1020408163265305,4.0,4.36238532110092,0,4.261765738424095,0.0008363482136922849,-0.6222222222222218,MODERATE,MONITOR
NG-STU-1541,Mechanical Engineering,3.2666666666666666,3.3684210526315788,2.8,3.37130801687764,0,3.3130663713042514,0.17081684847716738,-0.4666666666666668,HIGH,PRIORITY
NG-STU-1542,Mechanical Engineering,4.111111111111111,2.8867924528301887,2.5081967213114753,3.17573221757322,0,3.154433288922059,0.317369999377809,-1.6029143897996354,HIGH,PRIORITY
NG-STU-1543,Mechanical Engineering,4.7555555555555555,4.653061224489796,4.217391304347826,4.58715596330275,0,4.525956234291238,0.0008363482136922849,-0.5381642512077294,MODERATE,MONITOR
NG-STU-1544,Mechanical Engineering,3.911111111111111,2.69811320754717,2.418181818181818,3.08016877637131,1,3.020421693410742,0.6597541330085802,-1.492929292929293,CRITICAL,URGENT
NG-STU-1545,Mechanical Engineering,3.2444444444444445,2.462962962962963,1.8448275862068966,2.46360153256705,1,2.5573104870146506,0.9780864831387511,-1.399616858237548,CRITICAL,URGENT
NG-STU-1546,Mechanical Engineering,4.288888888888889,3.979591836734694,4.217391304347826,4.1743119266055,0,4.320789822671016,0.0008363482136922849,-0.07149758454106259,LOW,ROUTINE
NG-STU-1547,Mechanical Engineering,2.7111111111111112,2.377049180327869,2.480769230769231,2.60754716981132,1,2.7456955832479637,0.9532180025065312,-0.2303418803418804,CRITICAL,URGENT
NG-STU-1548,Mechanical Engineering,3.688888888888889,3.109090909090909,2.857142857142857,3.34188034188034,0,3.3208344680397377,0.14702357395714477,-0.8317460317460319,HIGH,PRIORITY
NG-STU-1549,Mechanical Engineering,4.0,3.9183673469387754,3.4347826086956523,3.88532110091743,0,3.866173986822134,0.001098244513449242,-0.5652173913043477,MODERATE,MONITOR
NG-STU-1550,Mechanical Engineering,4.2444444444444445,2.288135593220339,1.5596330275229358,3.34913793103448,0,2.9289894276716435,0.9588273135715017,-2.6848114169215087,CRITICAL,URGENT
NG-STU-1551,Mechanical Engineering,4.222222222222222,3.2549019607843137,3.630434782608696,3.80454545454545,0,3.768399596902644,0.0008363482136922849,-0.5917874396135265,MODERATE,MONITOR
NG-STU-1552,Mechanical Engineering,4.088888888888889,3.8979591836734695,3.0,3.60810810810811,0,3.5684494175479227,0.014818162994783633,-1.0888888888888886,MODERATE,MONITOR
NG-STU-1553,Mechanical Engineering,4.644444444444445,4.714285714285714,4.5,4.65137614678899,0,4.6363350727044,0.0008363482136922849,-0.14444444444444482,LOW,ROUTINE
NG-STU-1554,Mechanical Engineering,3.8,3.109090909090909,3.04,3.51931330472103,0,3.409042165909195,0.026485885569292753,-0.7599999999999998,MODERATE,MONITOR
NG-STU-1555,Mechanical Engineering,4.666666666666667,4.122448979591836,4.456521739130435,4.30733944954128,0,4.464940377585674,0.0008363482136922849,-0.21014492753623237,LOW,ROUTINE
NG-STU-1556,Mechanical Engineering,4.688888888888889,3.3333333333333335,3.68,4.05357142857143,0,3.9289710900301853,0.0008363482136922849,-1.008888888888889,MODERATE,MONITOR
NG-STU-1557,Mechanical Engineering,4.022222222222222,3.411764705882353,3.375,3.68918918918919,0,3.714551348953163,0.0008363482136922849,-0.6472222222222221,MODERATE,MONITOR
NG-STU-1558,Mechanical Engineering,4.822222222222222,4.571428571428571,4.5,4.6697247706422,0,4.652371140921879,0.0008363482136922849,-0.32222222222222197,MODERATE,MONITOR
NG-STU-1559,Mechanical Engineering,3.6222222222222222,2.981132075471698,1.967741935483871,2.94047619047619,1,2.8910769045899114,0.9040372736485396,-1.6544802867383512,CRITICAL,URGENT
NG-STU-1560,Mechanical Engineering,3.933333333333333,3.4285714285714284,4.065217391304348,4.06880733944954,0,3.955315223644903,0.0011858893505855255,0.13188405797101455,LOW,ROUTINE
NG-STU-1561,Mechanical Engineering,3.9555555555555557,2.980392156862745,3.0416666666666665,3.54054054054054,0,3.3683338731458052,0.035703541795334,-0.9138888888888892,MODERATE,MONITOR
NG-STU-1562,Mechanical Engineering,4.177777777777778,3.150943396226415,2.9565217391304346,3.46724890829694,0,3.4517219715948686,0.024291145520620526,-1.2212560386473434,MODERATE,MONITOR
NG-STU-1563,Mechanical Engineering,4.333333333333333,3.2641509433962264,3.9565217391304346,3.95495495495496,0,3.8944380821747533,0.0008363482136922849,-0.37681159420289845,MODERATE,MONITOR
NG-STU-1564,Mechanical Engineering,4.133333333333334,3.2142857142857144,2.6363636363636362,3.4504132231405,0,3.3772788546730697,0.07052567266488649,-1.4969696969696975,MODERATE,MONITOR
NG-STU-1565,Mechanical Engineering,4.111111111111111,2.9607843137254903,2.9565217391304346,3.15859030837004,0,3.3773016726367975,0.032770696941143054,-1.1545893719806761,MODERATE,MONITOR
NG-STU-1566,Mechanical Engineering,3.8222222222222224,2.740740740740741,2.1777777777777776,2.92916666666667,1,2.966611293512561,0.7869272758684219,-1.6444444444444448,CRITICAL,URGENT
NG-STU-1567,Mechanical Engineering,3.8444444444444446,3.2037037037037037,2.84,3.36909871244635,0,3.3949327960412,0.055914328624576765,-1.0044444444444447,MODERATE,MONITOR
NG-STU-1568,Mechanical Engineering,4.266666666666667,3.4489795918367347,2.811320754716981,3.57205240174673,0,3.540079203516915,0.03470303263533935,-1.4553459119496854,MODERATE,MONITOR
NG-STU-1569,Mechanical Engineering,4.2444444444444445,3.0588235294117645,2.338709677419355,3.26639344262295,0,3.091987050377118,0.452412089816436,-1.9057347670250895,CRITICAL,URGENT
NG-STU-1570,Mechanical Engineering,4.377777777777778,3.176470588235294,3.875,3.7488986784141,0,3.877797686949825,0.0013835631792026653,-0.5027777777777782,MODERATE,MONITOR
NG-STU-1571,Mechanical Engineering,4.133333333333334,2.559322033898305,1.8181818181818181,2.62365591397849,1,2.778540733496403,0.8708341733203216,-2.3151515151515154,CRITICAL,URGENT
NG-STU-1572,Mechanical Engineering,4.555555555555555,3.1372549019607843,3.130434782608696,3.61946902654867,0,3.6220215150985124,0.007347082976660444,-1.4251207729468596,MODERATE,MONITOR
NG-STU-1573,Mechanical Engineering,4.377777777777778,3.7058823529411766,3.549019607843137,3.94666666666667,0,3.9043542108326266,0.0008363482136922849,-0.8287581699346411,MODERATE,MONITOR
NG-STU-1574,Mechanical Engineering,4.311111111111111,3.310344827586207,3.1458333333333335,3.55793991416309,0,3.6545891270717568,0.0016745209849002589,-1.1652777777777774,MODERATE,MONITOR
NG-STU-1575,Mechanical Engineering,3.0,2.0588235294117645,3.3125,3.29411764705882,0,3.1370030106127675,0.20988830650769202,0.3125,HIGH,PRIORITY
NG-STU-1576,Mechanical Engineering,3.8666666666666667,2.7142857142857144,2.017543859649123,2.53479853479853,1,2.901525462785259,0.8426698312378961,-1.8491228070175438,CRITICAL,URGENT
NG-STU-1577,Mechanical Engineering,3.911111111111111,3.1176470588235294,2.557377049180328,3.02822580645161,1,3.220848109823835,0.29277428954443985,-1.353734061930783,HIGH,PRIORITY
NG-STU-1578,Mechanical Engineering,4.446808510638298,4.596153846153846,4.020833333333333,4.37444933920705,0,4.378231081643214,0.0008363482136922849,-0.4259751773049647,MODERATE,MONITOR
NG-STU-1579,Mechanical Engineering,2.8,2.338709677419355,2.4375,2.48201438848921,1,2.7456955832479637,0.9866387738105598,-0.3624999999999998,CRITICAL,URGENT
NG-STU-1580,Mechanical Engineering,3.2666666666666666,3.4107142857142856,2.611111111111111,3.35897435897436,0,3.1880512297291537,0.44852041819550387,-0.6555555555555554,HIGH,PRIORITY
NG-STU-1581,Mechanical Engineering,4.622222222222222,4.653846153846154,4.956521739130435,4.84474885844749,0,4.769074622534618,0.0008363482136922849,0.3342995169082128,LOW,ROUTINE
NG-STU-1582,Mechanical Engineering,3.1777777777777776,2.3636363636363638,1.7428571428571429,2.64944649446494,1,2.484013268960591,0.990729175521947,-1.4349206349206347,CRITICAL,URGENT
NG-STU-1583,Mechanical Engineering,4.688888888888889,4.865384615384615,4.978260869565218,4.88127853881279,0,4.80955463494748,0.0008363482136922849,0.28937198067632863,LOW,ROUTINE
NG-STU-1584,Mechanical Engineering,4.511111111111111,3.9038461538461537,4.434782608695652,4.3,0,4.396870530375224,0.0008363482136922849,-0.07632850241545874,LOW,ROUTINE
NG-STU-1585,Mechanical Engineering,4.311111111111111,4.153846153846154,4.0,4.19634703196347,0,4.209405940397694,0.0008363482136922849,-0.3111111111111109,MODERATE,MONITOR
NG-STU-1586,Mechanical Engineering,3.8444444444444446,2.7777777777777777,2.130434782608696,3.07916666666667,1,2.966611293512561,0.8426698312378961,-1.7140096618357488,CRITICAL,URGENT
NG-STU-1587,Mechanical Engineering,4.333333333333333,3.795918367346939,3.608695652173913,4.06363636363636,0,3.9530673411737465,0.0008363482136922849,-0.72463768115942,MODERATE,MONITOR
NG-STU-1588,Mechanical Engineering,4.866666666666666,4.73469387755102,4.673913043478261,4.79816513761468,0,4.76808812118246,0.0008363482136922849,-0.1927536231884055,LOW,ROUTINE
NG-STU-1589,Mechanical Engineering,4.511111111111111,2.795918367346939,3.3,3.68995633187773,0,3.509628758010628,0.003757364631489883,-1.2111111111111112,MODERATE,MONITOR
NG-STU-1590,Mechanical Engineering,3.6444444444444444,2.8214285714285716,2.8043478260869565,3.45132743362832,0,3.2191374324479956,0.3561413663705584,-0.8400966183574878,HIGH,PRIORITY
NG-STU-1591,Mechanical Engineering,4.533333333333333,3.673076923076923,3.782608695652174,4.14732142857143,0,3.988725600847071,0.0008363482136922849,-0.7507246376811594,MODERATE,MONITOR
NG-STU-1592,Mechanical Engineering,4.288888888888889,3.7755102040816326,4.021739130434782,4.04128440366972,0,4.111412902771491,0.0008363482136922849,-0.2671497584541065,LOW,ROUTINE
NG-STU-1593,Mechanical Engineering,4.2,3.163265306122449,2.5,3.53777777777778,0,3.2687322559474983,0.22591882000887048,-1.7000000000000002,HIGH,PRIORITY
NG-STU-1594,Mechanical Engineering,4.4222222222222225,3.693877551020408,3.0217391304347827,3.80542986425339,0,3.6282838849456245,0.014246602074970159,-1.4004830917874398,MODERATE,MONITOR
NG-STU-1595,Mechanical Engineering,4.022222222222222,2.736842105263158,2.8125,3.42978723404255,0,3.2991296703484796,0.1181609542950993,-1.2097222222222221,HIGH,PRIORITY
NG-STU-1596,Mechanical Engineering,3.511111111111111,3.4693877551020407,3.130434782608696,3.65596330275229,0,3.5359300774761255,0.018124719789177016,-0.3806763285024153,MODERATE,MONITOR
NG-STU-1597,Mechanical Engineering,4.5777777777777775,4.0,3.9130434782608696,4.23853211009174,0,4.1656908072490015,0.0008363482136922849,-0.6647342995169079,MODERATE,MONITOR
NG-STU-1598,Mechanical Engineering,4.555555555555555,4.0,3.260869565217391,3.91743119266055,0,3.8360414713856237,0.0016745209849002589,-1.2946859903381642,MODERATE,MONITOR
NG-STU-1599,Mechanical Engineering,4.488888888888889,3.8979591836734695,4.086956521739131,4.25688073394495,0,4.193695891213644,0.0008363482136922849,-0.4019323671497581,MODERATE,MONITOR
NG-STU-1600,Mechanical Engineering,3.888888888888889,2.7017543859649122,2.6956521739130435,3.31004366812227,0,3.203132490735935,0.28629593419343075,-1.1932367149758454,HIGH,PRIORITY
NG-STU-1601,Mechanical Engineering,4.733333333333333,4.081632653061225,3.5208333333333335,4.02272727272727,0,4.032542666353759,0.0008363482136922849,-1.2125,MODERATE,MONITOR
NG-STU-1602,Mechanical Engineering,4.266666666666667,3.5918367346938775,3.0217391304347827,3.61261261261261,0,3.5900685555614924,0.014246602074970159,-1.244927536231884,MODERATE,MONITOR
NG-STU-1603,Mechanical Engineering,4.111111111111111,2.923076923076923,2.8333333333333335,3.60515021459227,0,3.3598239203284574,0.060539708838716996,-1.2777777777777772,MODERATE,MONITOR
NG-STU-1604,Mechanical Engineering,3.6444444444444444,3.3461538461538463,3.108695652173913,3.57079646017699,0,3.520869752347994,0.018124719789177016,-0.5357487922705313,MODERATE,MONITOR
NG-STU-1605,Mechanical Engineering,2.911111111111111,2.111111111111111,2.42,2.7551867219917,1,2.637246894685781,0.989720997284131,-0.49111111111111105,CRITICAL,URGENT
NG-STU-1606,Mechanical Engineering,4.266666666666667,2.7758620689655173,2.6666666666666665,3.44444444444444,0,3.275480952597571,0.22045866187184301,-1.6,HIGH,PRIORITY
NG-STU-1607,Mechanical Engineering,3.6222222222222222,3.090909090909091,2.891304347826087,3.44933920704846,0,3.335425785947707,0.09319427507009422,-0.7309178743961353,HIGH,PRIORITY
NG-STU-1608,Mechanical Engineering,3.888888888888889,3.2884615384615383,4.130434782608695,4.07239819004525,0,3.969872733042778,0.0011858893505855255,0.2415458937198065,LOW,ROUTINE
NG-STU-1609,Mechanical Engineering,4.688888888888889,4.26530612244898,4.3478260869565215,4.55963302752294,0,4.474994569355906,0.0008363482136922849,-0.3410628019323676,MODERATE,MONITOR
NG-STU-1610,Mechanical Engineering,3.911111111111111,3.2857142857142856,3.5434782608695654,3.70044052863436,0,3.7221256831933105,0.0011858893505855255,-0.3676328502415456,MODERATE,MONITOR
NG-STU-1611,Mechanical Engineering,4.8,4.551020408163265,4.391304347826087,4.63761467889908,0,4.559472247987467,0.0008363482136922849,-0.4086956521739129,MODERATE,MONITOR
NG-STU-1612,Mechanical Engineering,4.288888888888889,3.9183673469387754,3.5217391304347827,3.95412844036697,0,3.9831581356194965,0.0008363482136922849,-0.767149758454106,MODERATE,MONITOR
NG-STU-1613,Mechanical Engineering,3.8222222222222224,2.982142857142857,2.630434782608696,3.37444933920705,0,3.290842227718533,0.19512956172638105,-1.1917874396135266,HIGH,PRIORITY
NG-STU-1614,Mechanical Engineering,4.311111111111111,3.6530612244897958,3.782608695652174,4.05504587155963,0,3.960540987321925,0.0008363482136922849,-0.5285024154589371,MODERATE,MONITOR
NG-STU-1615,Mechanical Engineering,4.266666666666667,3.979591836734694,3.088888888888889,3.84615384615385,0,3.7502862192723763,0.0044517427444289845,-1.1777777777777776,MODERATE,MONITOR
NG-STU-1616,Mechanical Engineering,3.8444444444444446,2.7962962962962963,2.5208333333333335,3.35775862068966,0,3.110651659892816,0.4824518957695502,-1.323611111111111,HIGH,PRIORITY
NG-STU-1617,Mechanical Engineering,4.0,3.4693877551020407,2.5434782608695654,3.38222222222222,0,3.316799230759636,0.18804923748203492,-1.4565217391304346,HIGH,PRIORITY
NG-STU-1618,Mechanical Engineering,4.7555555555555555,3.877551020408163,3.5833333333333335,4.09545454545455,0,4.069733590807333,0.0008363482136922849,-1.172222222222222,MODERATE,MONITOR
NG-STU-1619,Mechanical Engineering,3.8222222222222224,3.0925925925925926,3.652173913043478,3.72645739910314,0,3.6678955440619667,0.0019613569352280747,-0.17004830917874436,LOW,ROUTINE
NG-STU-1620,Mechanical Engineering,4.111111111111111,3.5510204081632653,4.0,3.94954128440367,0,3.978877407476712,0.0008363482136922849,-0.11111111111111072,LOW,ROUTINE
NG-STU-1621,Mechanical Engineering,4.288888888888889,3.938775510204082,3.760869565217391,4.12385321100917,0,4.039344912108794,0.0008363482136922849,-0.5280193236714976,MODERATE,MONITOR
NG-STU-1622,Mechanical Engineering,3.5555555555555554,3.795918367346939,4.181818181818182,3.92201834862385,0,4.015043775101115,0.003443496661564852,0.6262626262626263,LOW,ROUTINE
NG-STU-1623,Mechanical Engineering,4.7555555555555555,4.122448979591836,4.086956521739131,4.44954128440367,0,4.271973815114275,0.0008363482136922849,-0.6685990338164247,MODERATE,MONITOR
NG-STU-1624,Mechanical Engineering,4.6,4.183673469387755,3.5869565217391304,4.20361990950226,0,4.103420176826352,0.0008363482136922849,-1.0130434782608693,MODERATE,MONITOR
NG-STU-1625,Mechanical Engineering,2.2888888888888888,2.2203389830508473,2.015151515151515,1.99346405228758,1,2.3360848143414485,0.9975233514764564,-0.2737373737373736,CRITICAL,URGENT
NG-STU-1626,Mechanical Engineering,2.227272727272727,2.274193548387097,2.156862745098039,2.30147058823529,1,2.3616886028077575,0.9964122756123492,-0.07040998217468797,CRITICAL,URGENT
NG-STU-1627,Mechanical Engineering,2.2045454545454546,2.5964912280701755,2.3846153846153846,2.44117647058824,1,2.5981932356871384,0.9768594893060634,0.18006993006993,CRITICAL,URGENT
NG-STU-1628,Mechanical Engineering,3.772727272727273,3.6875,3.4347826086956523,3.6056338028169,0,3.7694072952541027,0.0020912676669811226,-0.3379446640316206,MODERATE,MONITOR
NG-STU-1629,Mechanical Engineering,4.681818181818182,4.543478260869565,4.333333333333333,4.41148325358852,0,4.516753457638736,0.0008363482136922849,-0.3484848484848486,MODERATE,MONITOR
NG-STU-1630,Mechanical Engineering,3.357142857142857,3.9,4.62,4.14084507042254,0,4.160814628355651,0.004608440773812096,1.262857142857143,LOW,ROUTINE
NG-STU-1631,Mechanical Engineering,3.6818181818181817,4.270833333333333,4.571428571428571,4.29245283018868,0,4.356924273474412,0.003443496661564852,0.8896103896103895,LOW,ROUTINE
NG-STU-1632,Mechanical Engineering,2.9,2.36,1.8666666666666667,2.31294964028777,1,2.412457679124967,0.9959399570777598,-1.0333333333333332,CRITICAL,URGENT
NG-STU-1633,Mechanical Engineering,3.6,2.8,1.8360655737704918,2.7406015037594,1,2.7264302391603428,0.939714580246737,-1.7639344262295082,CRITICAL,URGENT
NG-STU-1634,Mechanical Engineering,3.577777777777778,3.16,1.4375,2.690036900369,1,2.8305842204682876,0.8737752642987229,-2.140277777777778,CRITICAL,URGENT
NG-STU-1635,Mechanical Engineering,2.795918367346939,2.2,1.7580645161290323,2.64453125,1,2.3380041060630585,0.9964854689987838,-1.0378538512179067,CRITICAL,URGENT
NG-STU-1636,Mechanical Engineering,2.953488372093023,2.14,1.78125,2.01898734177215,1,2.3480293582558933,0.9962541346910854,-1.1722383720930232,CRITICAL,URGENT
NG-STU-1637,Mechanical Engineering,4.044444444444444,4.54,4.16,4.12442396313364,0,4.315419845778712,0.0008363482136922849,0.11555555555555586,LOW,ROUTINE
NG-STU-1638,Mechanical Engineering,2.2037037037037037,2.4166666666666665,2.2096774193548385,2.45220588235294,1,2.526035181749197,0.9893495118388901,0.005973715651134803,CRITICAL,URGENT
NG-STU-1639,Mechanical Engineering,4.27906976744186,4.18,2.8333333333333335,3.14566929133858,0,3.551890956884221,0.02460555773631687,-1.4457364341085266,MODERATE,MONITOR
NG-STU-1640,Mechanical Engineering,3.1956521739130435,2.36,2.564516129032258,2.9349593495935,1,2.8512870059067823,0.9553997030321012,-0.6311360448807855,CRITICAL,URGENT
NG-STU-1641,Mechanical Engineering,3.7333333333333334,3.66,2.2333333333333334,3.14406779661017,0,3.2020217832727,0.6208637527546148,-1.5,HIGH,PRIORITY
NG-STU-1642,Mechanical Engineering,4.177777777777778,4.3,3.6041666666666665,3.99078341013825,0,4.06463151043452,0.0008363482136922849,-0.5736111111111115,MODERATE,MONITOR
NG-STU-1643,Mechanical Engineering,4.288888888888889,4.096153846153846,4.375,4.25570776255708,0,4.350076230619088,0.0008363482136922849,0.08611111111111125,LOW,ROUTINE
NG-STU-1644,Mechanical Engineering,4.0,3.76,1.6875,2.94163424124514,1,2.997048958493662,0.570946533272792,-2.3125,CRITICAL,URGENT
NG-STU-1645,Mechanical Engineering,3.088888888888889,1.5466666666666666,1.631578947368421,2.52873563218391,1,2.298667137545099,0.9925620590083175,-1.457309941520468,CRITICAL,URGENT
NG-STU-1646,Mechanical Engineering,3.533333333333333,3.54,3.3137254901960786,3.67727272727273,0,3.6041349906891003,0.004159842689252604,-0.21960784313725457,LOW,ROUTINE
NG-STU-1647,Petroleum Engineering,3.125,2.305084745762712,2.2666666666666666,2.72161172161172,1,2.607469990017882,0.9919127752502503,-0.8583333333333334,CRITICAL,URGENT
NG-STU-1648,Petroleum Engineering,4.113636363636363,3.022222222222222,3.1911764705882355,3.62857142857143,0,3.444475503784939,0.005350095516225022,-0.9224598930481278,MODERATE,MONITOR
NG-STU-1649,Petroleum Engineering,4.212765957446808,3.9607843137254903,4.5,4.33796296296296,0,4.369849734301942,0.0011902217501633767,0.28723404255319185,LOW,ROUTINE
NG-STU-1650,Petroleum Engineering,3.74468085106383,3.4150943396226414,3.738095238095238,3.8348623853211,0,3.7693868218941695,0.0029745388042423993,-0.006585612968591725,LOW,ROUTINE
NG-STU-1651,Petroleum Engineering,4.468085106382978,4.09433962264151,4.119047619047619,4.14285714285714,0,4.264569311314334,0.0011902217501633767,-0.34903748733535966,MODERATE,MONITOR
NG-STU-1652,Petroleum Engineering,2.357142857142857,2.784313725490196,2.6,2.70682730923695,1,2.8025277979820356,0.9417975630582764,0.24285714285714288,CRITICAL,URGENT
NG-STU-1653,Petroleum Engineering,3.851063829787234,3.036363636363636,2.6470588235294117,2.99585062240664,1,3.250809812068988,0.2565813712616141,-1.2040050062578223,HIGH,PRIORITY
NG-STU-1654,Petroleum Engineering,4.340425531914893,3.8181818181818183,4.238095238095238,4.15,0,4.215434896344237,0.0011902217501633767,-0.10233029381965508,LOW,ROUTINE
NG-STU-1655,Petroleum Engineering,3.702127659574468,2.2903225806451615,3.422222222222222,2.97933884297521,1,3.3518380216639394,0.10158766138143231,-0.2799054373522458,HIGH,PRIORITY
NG-STU-1656,Petroleum Engineering,3.4893617021276597,2.581818181818182,2.7872340425531914,2.89344262295082,1,3.0492587656552796,0.5843682398636302,-0.7021276595744683,CRITICAL,URGENT
NG-STU-1657,Petroleum Engineering,3.8085106382978724,2.7241379310344827,2.2857142857142856,2.63670411985019,1,2.843962055577028,0.8219049204370582,-1.5227963525835868,CRITICAL,URGENT
NG-STU-1658,Petroleum Engineering,3.234042553191489,3.0,3.1956521739130435,3.19047619047619,0,3.3206350278313437,0.029900691660480753,-0.038390379278445685,HIGH,PRIORITY
NG-STU-1659,Petroleum Engineering,3.382978723404255,2.388888888888889,2.543859649122807,2.85774058577406,1,2.8112545902572372,0.9294675428266373,-0.8391190742814483,CRITICAL,URGENT
NG-STU-1660,Petroleum Engineering,3.574468085106383,2.9464285714285716,3.0408163265306123,3.48,0,3.282672838403494,0.13300026918538066,-0.5336517585757705,HIGH,PRIORITY
NG-STU-1661,Petroleum Engineering,3.4680851063829787,2.109375,2.739130434782609,2.77689243027888,1,2.875491446827413,0.9321282909436278,-0.7289546716003699,CRITICAL,URGENT
NG-STU-1662,Petroleum Engineering,2.978723404255319,2.2615384615384615,2.9375,2.8531746031746,1,2.875012894231085,0.8489709308790492,-0.04122340425531901,CRITICAL,URGENT
NG-STU-1663,Petroleum Engineering,4.446808510638298,4.2745098039215685,4.571428571428571,4.50462962962963,0,4.50921493059123,0.0011902217501633767,0.12462006079027343,LOW,ROUTINE
NG-STU-1664,Petroleum Engineering,3.765957446808511,2.6226415094339623,3.34,3.58260869565217,0,3.3635358743047656,0.019467270079489084,-0.425957446808511,MODERATE,MONITOR
NG-STU-1665,Petroleum Engineering,2.9574468085106385,2.019607843137255,1.9183673469387754,2.50579150579151,1,2.3145442859489513,0.9973658413951734,-1.039079461571863,CRITICAL,URGENT
NG-STU-1666,Petroleum Engineering,3.595744680851064,2.1272727272727274,3.3076923076923075,3.14876033057851,0,3.2426753933903263,0.1202570591490139,-0.2880523731587563,HIGH,PRIORITY
NG-STU-1667,Petroleum Engineering,3.4680851063829787,3.0727272727272728,3.7111111111111112,3.64125560538117,0,3.5324491160731926,0.011773704379159318,0.24302600472813252,MODERATE,MONITOR
NG-STU-1668,Petroleum Engineering,4.042553191489362,2.5606060606060606,2.9166666666666665,3.20833333333333,0,3.1952449914754233,0.12472327609017632,-1.1258865248226955,HIGH,PRIORITY
NG-STU-1669,Petroleum Engineering,3.8297872340425534,3.235294117647059,3.3333333333333335,3.38766519823789,0,3.5320828211912527,0.0016874100752780296,-0.4964539007092199,MODERATE,MONITOR
NG-STU-1670,Petroleum Engineering,4.1063829787234045,3.452830188679245,3.6136363636363638,3.82727272727273,0,3.7787325764890984,0.0011902217501633767,-0.49274661508704076,MODERATE,MONITOR
NG-STU-1671,Petroleum Engineering,3.8297872340425534,3.125,3.4358974358974357,3.60176991150442,0,3.606318298083866,0.002789912170588388,-0.3938897981451177,MODERATE,MONITOR
NG-STU-1672,Petroleum Engineering,4.340425531914893,3.7254901960784315,4.523809523809524,4.16666666666667,0,4.27029737648344,0.0011902217501633767,0.1833839918946305,LOW,ROUTINE
NG-STU-1673,Petroleum Engineering,4.851063829787234,4.490196078431373,4.476190476190476,4.60185185185185,0,4.589399745546104,0.0011902217501633767,-0.3748733535967581,MODERATE,MONITOR
NG-STU-1674,Petroleum Engineering,4.127659574468085,3.3454545454545452,3.2790697674418605,3.42424242424242,0,3.598323197738419,0.001438498616926138,-0.8485898070262246,MODERATE,MONITOR
NG-STU-1675,Petroleum Engineering,3.276595744680851,2.5762711864406778,2.6666666666666665,3.0635593220339,1,2.9892064051201865,0.8046551202276182,-0.6099290780141846,CRITICAL,URGENT
NG-STU-1676,Petroleum Engineering,3.3617021276595747,2.140625,1.9259259259259258,2.42700729927007,1,2.4414213479539186,0.9945762116292705,-1.4357762017336488,CRITICAL,URGENT
NG-STU-1677,Petroleum Engineering,3.723404255319149,2.393939393939394,2.9347826086956523,3.29460580912863,0,3.135223048144358,0.38986453853480657,-0.7886216466234965,HIGH,PRIORITY
NG-STU-1678,Petroleum Engineering,3.8085106382978724,3.0327868852459017,3.3095238095238093,3.36637931034483,0,3.4512456112873635,0.004581708990384327,-0.4989868287740631,MODERATE,MONITOR
NG-STU-1679,Petroleum Engineering,2.5531914893617023,2.25,2.3125,2.50191570881226,1,2.4979607773023345,0.9971267893425118,-0.24069148936170226,CRITICAL,URGENT
NG-STU-1680,Petroleum Engineering,3.8444444444444446,2.9473684210526314,2.4705882352941178,3.3304347826087,0,3.1221446346297386,0.44507446430073305,-1.3738562091503268,HIGH,PRIORITY
NG-STU-1681,Petroleum Engineering,3.595744680851064,1.9402985074626866,2.1296296296296298,2.5823754789272,1,2.6152990963628215,0.9927462059297639,-1.466115051221434,CRITICAL,URGENT
NG-STU-1682,Petroleum Engineering,2.893617021276596,1.6923076923076923,2.1044776119402986,2.42142857142857,1,2.4215565724797714,0.9973658413951734,-0.7891394093362973,CRITICAL,URGENT
NG-STU-1683,Petroleum Engineering,3.0425531914893615,2.234375,2.630434782608696,2.71031746031746,1,2.819467860842817,0.9343325184754433,-0.41211840888066575,CRITICAL,URGENT
NG-STU-1684,Petroleum Engineering,4.51063829787234,4.470588235294118,4.5476190476190474,4.625,0,4.535498006497899,0.0011902217501633767,0.036980749746707176,LOW,ROUTINE
NG-STU-1685,Petroleum Engineering,4.085106382978723,3.6491228070175437,2.9069767441860463,3.5948275862069,0,3.5037114520285146,0.02096386159541846,-1.1781296387926767,MODERATE,MONITOR
NG-STU-1686,Petroleum Engineering,4.595744680851064,4.098039215686274,3.6666666666666665,4.20091324200913,0,4.095566957194849,0.0011902217501633767,-0.9290780141843977,MODERATE,MONITOR
NG-STU-1687,Petroleum Engineering,4.48936170212766,3.6226415094339623,4.119047619047619,4.1743119266055,0,4.108622511013126,0.0011902217501633767,-0.3703140830800411,MODERATE,MONITOR
NG-STU-1688,Petroleum Engineering,3.872340425531915,2.6451612903225805,3.357142857142857,3.27310924369748,0,3.381498641085927,0.011123101253941154,-0.5151975683890577,MODERATE,MONITOR
NG-STU-1689,Petroleum Engineering,3.425531914893617,2.573529411764706,2.893617021276596,3.21991701244813,0,3.080573375115338,0.4407643888583137,-0.5319148936170213,CRITICAL,URGENT
NG-STU-1690,Petroleum Engineering,3.765957446808511,2.6862745098039214,2.240740740740741,2.94071146245059,1,2.843962055577028,0.9394454986820118,-1.52521670606777,CRITICAL,URGENT
NG-STU-1691,Petroleum Engineering,4.0212765957446805,3.339622641509434,3.880952380952381,3.84862385321101,0,3.773522451178894,0.0015627576298455148,-0.14032421479229962,LOW,ROUTINE
NG-STU-1692,Petroleum Engineering,4.1063829787234045,2.8983050847457625,2.64,3.1875,0,3.231346019853606,0.22168019147247026,-1.4663829787234044,HIGH,PRIORITY
NG-STU-1693,Petroleum Engineering,4.191489361702128,3.3333333333333335,3.6904761904761907,3.85321100917431,0,3.7901933987120895,0.0011902217501633767,-0.5010131712259369,MODERATE,MONITOR
NG-STU-1694,Petroleum Engineering,3.851063829787234,3.4444444444444446,2.9523809523809526,3.61261261261261,0,3.4683292536357957,0.02947727036482364,-0.8986828774062814,MODERATE,MONITOR
NG-STU-1695,Petroleum Engineering,4.23404255319149,3.4716981132075473,3.2857142857142856,3.79357798165138,0,3.688775084502311,0.001438498616926138,-0.948328267477204,MODERATE,MONITOR
NG-STU-1696,Petroleum Engineering,3.1702127659574466,2.590909090909091,2.1666666666666665,2.61389961389961,1,2.6381380121471527,0.9743091021562479,-1.00354609929078,CRITICAL,URGENT
NG-STU-1697,Petroleum Engineering,3.5319148936170213,3.3529411764705883,2.823529411764706,3.37333333333333,0,3.3135842642671705,0.12910952909167767,-0.7083854818523152,HIGH,PRIORITY
NG-STU-1698,Petroleum Engineering,4.787234042553192,4.392156862745098,3.9285714285714284,4.43518518518519,0,4.252329654170971,0.0011902217501633767,-0.8586626139817635,MODERATE,MONITOR
NG-STU-1699,Petroleum Engineering,4.25531914893617,4.333333333333333,4.0,4.40740740740741,0,4.211961878091721,0.0011902217501633767,-0.25531914893617014,LOW,ROUTINE
NG-STU-1700,Petroleum Engineering,3.1914893617021276,3.0,2.7551020408163267,2.95020746887967,1,3.1220618110385057,0.5823415124654572,-0.4363873208858009,HIGH,PRIORITY
NG-STU-1701,Petroleum Engineering,3.3617021276595747,2.8947368421052633,2.1875,2.75409836065574,1,2.7760379898251237,0.9355005568082717,-1.1742021276595747,CRITICAL,URGENT
NG-STU-1702,Petroleum Engineering,3.1702127659574466,2.6333333333333333,3.0,3.0253164556962,1,3.1017084634207,0.4495019980988464,-0.1702127659574466,HIGH,PRIORITY
NG-STU-1703,Petroleum Engineering,4.148936170212766,3.0344827586206895,3.142857142857143,3.47787610619469,0,3.4602247431984585,0.005350095516225022,-1.0060790273556228,MODERATE,MONITOR
NG-STU-1704,Petroleum Engineering,3.3617021276595747,1.7272727272727273,2.5,2.66030534351145,1,2.7155153778491803,0.9696186023422487,-0.8617021276595747,CRITICAL,URGENT
NG-STU-1705,Petroleum Engineering,2.9361702127659575,2.169811320754717,2.75,2.59839357429719,1,2.7799252763614293,0.9659368662298926,-0.18617021276595747,CRITICAL,URGENT
NG-STU-1706,Petroleum Engineering,3.5531914893617023,2.9166666666666665,3.3333333333333335,3.29310344827586,0,3.392509193435739,0.012410174785623219,-0.21985815602836878,MODERATE,MONITOR
NG-STU-1707,Petroleum Engineering,3.6382978723404253,3.339622641509434,4.190476190476191,3.84862385321101,0,3.8875958173013627,0.0048950957943023335,0.5521783181357653,LOW,ROUTINE
NG-STU-1708,Petroleum Engineering,3.723404255319149,3.2745098039215685,3.909090909090909,3.82110091743119,0,3.727893832086128,0.0046038672503413555,0.1856866537717603,LOW,ROUTINE
NG-STU-1709,Petroleum Engineering,3.8085106382978724,2.981818181818182,2.8541666666666665,3.2198275862069,0,3.249796845157246,0.10293406971765287,-0.9543439716312059,HIGH,PRIORITY
NG-STU-1710,Petroleum Engineering,4.622222222222222,4.1568627450980395,4.410256410256411,4.51415094339623,0,4.404691865483113,0.0011902217501633767,-0.2119658119658112,LOW,ROUTINE
NG-STU-1711,Petroleum Engineering,2.8222222222222224,1.9649122807017543,1.9285714285714286,2.49429657794677,1,2.294945514649231,0.9975286900717661,-0.8936507936507938,CRITICAL,URGENT
NG-STU-1712,Petroleum Engineering,4.555555555555555,3.9411764705882355,4.128205128205129,4.39150943396226,0,4.278883275634624,0.0011902217501633767,-0.4273504273504267,MODERATE,MONITOR
NG-STU-1713,Petroleum Engineering,4.688888888888889,4.411764705882353,4.82051282051282,4.71698113207547,0,4.670520238693651,0.0011902217501633767,0.13162393162393116,LOW,ROUTINE
NG-STU-1714,Petroleum Engineering,4.4,3.588235294117647,3.3333333333333335,3.7122641509434,0,3.719049790992752,0.0011902217501633767,-1.0666666666666669,MODERATE,MONITOR
NG-STU-1715,Petroleum Engineering,4.488888888888889,4.30188679245283,4.410256410256411,4.56542056074766,0,4.442867145002096,0.0011902217501633767,-0.07863247863247835,LOW,ROUTINE
NG-STU-1716,Petroleum Engineering,4.377777777777778,2.5901639344262297,2.891304347826087,3.15086206896552,0,3.243142583874687,0.12472327609017632,-1.4864734299516913,HIGH,PRIORITY
NG-STU-1717,Petroleum Engineering,4.088888888888889,3.0377358490566038,2.731707317073171,3.50909090909091,0,3.274371995900797,0.19570359986083205,-1.3571815718157176,HIGH,PRIORITY
NG-STU-1718,Petroleum Engineering,4.311111111111111,4.433962264150943,4.538461538461538,4.53738317757009,0,4.49365516580077,0.0011902217501633767,0.22735042735042743,LOW,ROUTINE
NG-STU-1719,Petroleum Engineering,3.977777777777778,2.7454545454545456,2.2962962962962963,2.94214876033058,1,2.9265788778630157,0.8219049204370582,-1.6814814814814816,CRITICAL,URGENT
NG-STU-1720,Petroleum Engineering,4.488888888888889,3.3636363636363638,2.4634146341463414,3.42533936651584,0,3.322136379501995,0.20065314984640242,-2.0254742547425475,HIGH,PRIORITY
NG-STU-1721,Petroleum Engineering,3.8444444444444446,2.8421052631578947,3.5609756097560976,3.56756756756757,0,3.5335146556584895,0.00626043985251839,-0.28346883468834694,MODERATE,MONITOR
NG-STU-1722,Petroleum Engineering,4.222222222222222,2.7,3.4565217391304346,3.55263157894737,0,3.5118508562357422,0.004421795523853961,-0.7657004830917877,MODERATE,MONITOR
NG-STU-1723,Petroleum Engineering,4.333333333333333,3.0701754385964914,2.103448275862069,3.07317073170732,1,3.072543377283655,0.7646428009718315,-2.229885057471264,CRITICAL,URGENT
NG-STU-1724,Petroleum Engineering,3.488888888888889,2.288135593220339,2.037037037037037,2.66666666666667,1,2.611619268276892,0.9927462059297639,-1.4518518518518517,CRITICAL,URGENT
NG-STU-1725,Petroleum Engineering,4.644444444444445,4.433962264150943,4.666666666666667,4.5981308411215,0,4.616100098042922,0.0011902217501633767,0.022222222222222143,LOW,ROUTINE
NG-STU-1726,Petroleum Engineering,4.0,2.8679245283018866,2.3404255319148937,3.19823788546256,0,2.948013341282311,0.6810621166119636,-1.6595744680851063,CRITICAL,URGENT
NG-STU-1727,Petroleum Engineering,3.8666666666666667,3.327272727272727,3.128205128205128,3.59722222222222,0,3.526465955791215,0.008948853412337983,-0.7384615384615385,MODERATE,MONITOR
NG-STU-1728,Petroleum Engineering,4.311111111111111,3.4901960784313726,3.883720930232558,4.12962962962963,0,3.908915897711831,0.0011902217501633767,-0.42739018087855296,MODERATE,MONITOR
NG-STU-1729,Petroleum Engineering,4.377777777777778,3.3333333333333335,3.5384615384615383,3.77358490566038,0,3.770184023174762,0.0011902217501633767,-0.8393162393162399,MODERATE,MONITOR
NG-STU-1730,Petroleum Engineering,3.8222222222222224,2.3934426229508197,2.0677966101694913,2.78210116731518,1,2.8163473781999926,0.951021708644331,-1.754425612052731,CRITICAL,URGENT
NG-STU-1731,Petroleum Engineering,4.222222222222222,3.7636363636363637,3.923076923076923,3.93981481481481,0,3.9555434452701834,0.0011902217501633767,-0.2991452991452994,LOW,ROUTINE
NG-STU-1732,Petroleum Engineering,3.6444444444444444,3.6,3.7435897435897436,4.07305936073059,0,3.753540984143475,0.0048950957943023335,0.09914529914529924,LOW,ROUTINE
NG-STU-1733,Petroleum Engineering,4.022222222222222,3.6862745098039214,3.5128205128205128,3.74528301886792,0,3.761730970624018,0.0011902217501633767,-0.5094017094017094,MODERATE,MONITOR
NG-STU-1734,Petroleum Engineering,4.022222222222222,3.7735849056603774,3.4358974358974357,3.92990654205607,0,3.786436520493881,0.0011902217501633767,-0.5863247863247865,MODERATE,MONITOR
NG-STU-1735,Petroleum Engineering,3.7777777777777777,2.5357142857142856,2.116279069767442,2.83116883116883,1,2.798816386641307,0.9600476728686235,-1.6614987080103356,CRITICAL,URGENT
NG-STU-1736,Petroleum Engineering,4.355555555555555,3.5686274509803924,2.8974358974358974,3.52914798206278,0,3.5667975712253295,0.02096386159541846,-1.4581196581196578,MODERATE,MONITOR
NG-STU-1737,Petroleum Engineering,4.6,3.823529411764706,3.2564102564102564,3.7906976744186,0,3.805870275917043,0.0023821945181687833,-1.3435897435897433,MODERATE,MONITOR
NG-STU-1738,Petroleum Engineering,4.288888888888889,3.588235294117647,3.097560975609756,3.61214953271028,0,3.6707547328773567,0.006325668145923181,-1.1913279132791326,MODERATE,MONITOR
NG-STU-1739,Petroleum Engineering,3.3555555555555556,2.2982456140350878,2.5283018867924527,2.91452991452991,1,2.8112545902572372,0.9696186023422487,-0.8272536687631029,CRITICAL,URGENT
NG-STU-1740,Petroleum Engineering,4.933333333333334,4.705882352941177,4.717948717948718,4.80188679245283,0,4.7618671094888025,0.0011902217501633767,-0.2153846153846155,LOW,ROUTINE
NG-STU-1741,Petroleum Engineering,4.266666666666667,3.2745098039215685,3.58974358974359,3.89622641509434,0,3.771045373968456,0.0011902217501633767,-0.6769230769230767,MODERATE,MONITOR
NG-STU-1742,Petroleum Engineering,4.777777777777778,4.03921568627451,3.7948717948717947,4.1953488372093,0,4.108354053651402,0.0011902217501633767,-0.982905982905983,MODERATE,MONITOR
NG-STU-1743,Petroleum Engineering,4.044444444444444,2.459016393442623,2.2708333333333335,2.83682008368201,1,2.8713622174276208,0.8703225171272897,-1.7736111111111108,CRITICAL,URGENT
NG-STU-1744,Petroleum Engineering,4.222222222222222,3.5283018867924527,3.7435897435897436,3.88785046728972,0,3.852294114628765,0.0011902217501633767,-0.4786324786324787,MODERATE,MONITOR
NG-STU-1745,Petroleum Engineering,4.444444444444445,4.0,3.6923076923076925,4.2122641509434,0,4.0713917726935955,0.0011902217501633767,-0.7521367521367521,MODERATE,MONITOR
NG-STU-1746,Petroleum Engineering,4.4,2.639344262295082,1.8636363636363635,2.76383763837638,1,2.8112346865900815,0.9056429045850618,-2.536363636363637,CRITICAL,URGENT
NG-STU-1747,Petroleum Engineering,3.6666666666666665,2.4166666666666665,2.0,3.0,1,2.718189083022047,0.9786212940287549,-1.6666666666666665,CRITICAL,URGENT
NG-STU-1748,Petroleum Engineering,4.7555555555555555,4.352941176470588,4.3076923076923075,4.5,0,4.438346272707258,0.0011902217501633767,-0.44786324786324805,MODERATE,MONITOR
NG-STU-1749,Petroleum Engineering,3.3555555555555556,2.9482758620689653,3.1666666666666665,3.12068965517241,0,3.3206350278313437,0.028891403435908465,-0.1888888888888891,HIGH,PRIORITY
NG-STU-1750,Petroleum Engineering,4.155555555555556,3.7735849056603774,3.4871794871794872,3.86915887850467,0,3.8113546195009107,0.0011902217501633767,-0.6683760683760687,MODERATE,MONITOR
NG-STU-1751,Petroleum Engineering,4.711111111111111,4.352941176470588,4.435897435897436,4.65566037735849,0,4.5008506216474435,0.0011902217501633767,-0.2752136752136751,LOW,ROUTINE
NG-STU-1752,Petroleum Engineering,3.7777777777777777,2.4918032786885247,1.7377049180327868,2.75095785440613,1,2.635837861089333,0.9652321781786142,-2.040072859744991,CRITICAL,URGENT
NG-STU-1753,Petroleum Engineering,4.177777777777778,3.358490566037736,3.4615384615384617,3.80841121495327,0,3.6925112976227283,0.0011902217501633767,-0.7162393162393164,MODERATE,MONITOR
NG-STU-1754,Petroleum Engineering,4.133333333333334,3.5090909090909093,3.1794871794871793,3.69907407407407,0,3.599097684265291,0.0023821945181687833,-0.9538461538461545,MODERATE,MONITOR
NG-STU-1755,Petroleum Engineering,4.127659574468085,3.7254901960784315,3.697674418604651,3.91469194312796,0,3.8559799998731923,0.0011902217501633767,-0.429985155863434,MODERATE,MONITOR
NG-STU-1756,Petroleum Engineering,3.574468085106383,3.0,3.5121951219512195,3.29074889867841,0,3.5020186194465484,0.010959348367447252,-0.062272963155163286,MODERATE,MONITOR
NG-STU-1757,Petroleum Engineering,4.446808510638298,4.352941176470588,3.441860465116279,4.11848341232227,0,4.02047745353302,0.0011902217501633767,-1.0049480455220188,MODERATE,MONITOR
NG-STU-1758,Petroleum Engineering,3.872340425531915,3.5090909090909093,3.2127659574468086,3.3859649122807,0,3.575535500433482,0.0033756198259051818,-0.6595744680851063,MODERATE,MONITOR
NG-STU-1759,Petroleum Engineering,4.8936170212765955,4.450980392156863,4.512195121951219,4.65876777251185,0,4.589791951742156,0.0011902217501633767,-0.3814218993253764,MODERATE,MONITOR
NG-STU-1760,Petroleum Engineering,3.5319148936170213,3.8518518518518516,4.2727272727272725,4.03255813953488,0,4.055438714633721,0.0048950957943023335,0.7408123791102512,LOW,ROUTINE
NG-STU-1761,Petroleum Engineering,3.851063829787234,3.5454545454545454,2.8048780487804876,3.45945945945946,0,3.4508515013274557,0.06768213877061542,-1.0461857810067463,MODERATE,MONITOR
NG-STU-1762,Petroleum Engineering,3.872340425531915,3.7450980392156863,3.8536585365853657,3.74528301886792,0,3.8658933694468867,0.0016874100752780296,-0.018681888946549208,LOW,ROUTINE
NG-STU-1763,Petroleum Engineering,3.4893617021276597,3.2941176470588234,3.2888888888888888,3.36529680365297,0,3.4951231752997085,0.0059116247309081655,-0.20047281323877097,MODERATE,MONITOR
NG-STU-1764,Petroleum Engineering,4.276595744680851,3.087719298245614,3.744186046511628,3.53363228699552,0,3.724986850383897,0.001968516760555075,-0.5324096981692228,MODERATE,MONITOR
NG-STU-1765,Petroleum Engineering,4.170212765957447,3.792452830188679,4.116279069767442,4.04694835680751,0,4.091379181517644,0.0011902217501633767,-0.05393369619000499,LOW,ROUTINE
NG-STU-1766,Petroleum Engineering,2.893617021276596,2.2241379310344827,2.9574468085106385,2.648,1,2.871292246356581,0.8489709308790492,0.06382978723404253,CRITICAL,URGENT
NG-STU-1767,Petroleum Engineering,4.177777777777778,3.1666666666666665,3.727272727272727,3.67713004484305,0,3.730709890984859,0.001968516760555075,-0.45050505050505096,MODERATE,MONITOR
NG-STU-1768,Petroleum Engineering,3.7777777777777777,2.8793103448275863,3.6818181818181817,3.58951965065502,0,3.5717386653666265,0.007805033749455425,-0.09595959595959602,MODERATE,MONITOR
NG-STU-1769,Petroleum Engineering,4.488888888888889,3.7735849056603774,4.0,3.9041095890411,0,4.102949219647989,0.0011902217501633767,-0.48888888888888893,MODERATE,MONITOR
NG-STU-1770,Petroleum Engineering,3.7555555555555555,2.3833333333333333,2.5833333333333335,2.94142259414226,1,2.893570115597862,0.8564231445414736,-1.172222222222222,CRITICAL,URGENT
NG-STU-1771,Petroleum Engineering,4.733333333333333,4.450980392156863,4.5,4.57603686635945,0,4.5562230405173505,0.0011902217501633767,-0.2333333333333334,LOW,ROUTINE
NG-STU-1772,Petroleum Engineering,2.8222222222222224,3.0350877192982457,2.739130434782609,2.96610169491525,1,3.0382619286327484,0.74763264860849,-0.08309178743961354,CRITICAL,URGENT
NG-STU-1773,Petroleum Engineering,4.4222222222222225,3.980392156862745,3.5,3.88940092165899,0,3.958126989512781,0.0011902217501633767,-0.9222222222222225,MODERATE,MONITOR
NG-STU-1774,Petroleum Engineering,4.355555555555555,3.4339622641509435,4.068181818181818,4.02262443438914,0,4.004990828886924,0.0011902217501633767,-0.28737373737373684,LOW,ROUTINE
NG-STU-1775,Petroleum Engineering,3.8,3.1454545454545455,3.0454545454545454,3.27826086956522,0,3.36900975025965,0.037287514892862,-0.7545454545454544,MODERATE,MONITOR
NG-STU-1776,Petroleum Engineering,4.4222222222222225,2.8867924528301887,3.466666666666667,3.55405405405405,0,3.5565346171711494,0.003132182427757168,-0.9555555555555557,MODERATE,MONITOR
NG-STU-1777,Petroleum Engineering,4.2,3.176470588235294,3.5434782608695654,3.63013698630137,0,3.6871250459292573,0.001968516760555075,-0.6565217391304348,MODERATE,MONITOR
NG-STU-1778,Petroleum Engineering,4.355555555555555,3.574074074074074,4.068181818181818,3.83181818181818,0,4.004990828886924,0.0011902217501633767,-0.28737373737373684,LOW,ROUTINE
NG-STU-1779,Petroleum Engineering,3.2666666666666666,2.8627450980392157,3.0,3.2,0,3.1704028049864665,0.27642993835560375,-0.2666666666666666,HIGH,PRIORITY
NG-STU-1780,Petroleum Engineering,3.7777777777777777,2.9310344827586206,3.227272727272727,3.375,0,3.4029505531719684,0.015042082294923653,-0.5505050505050506,MODERATE,MONITOR
NG-STU-1781,Petroleum Engineering,3.3777777777777778,2.9607843137254903,2.86,3.11203319502075,0,3.167481319816621,0.30912533738630776,-0.5177777777777779,HIGH,PRIORITY
NG-STU-1782,Petroleum Engineering,4.377777777777778,3.784313725490196,3.7045454545454546,4.00921658986175,0,3.9733987350673887,0.0011902217501633767,-0.6732323232323236,MODERATE,MONITOR
NG-STU-1783,Petroleum Engineering,3.2666666666666666,2.4833333333333334,2.8333333333333335,3.06751054852321,1,3.034625913898302,0.6127295338078277,-0.4333333333333331,CRITICAL,URGENT
NG-STU-1784,Petroleum Engineering,4.0,3.2241379310344827,3.4130434782608696,3.64035087719298,0,3.5683778717076944,0.0015627576298455148,-0.5869565217391304,MODERATE,MONITOR
NG-STU-1785,Petroleum Engineering,4.155555555555556,3.588235294117647,3.8863636363636362,3.82882882882883,0,3.8690318958793677,0.0011902217501633767,-0.26919191919191965,LOW,ROUTINE
NG-STU-1786,Petroleum Engineering,4.466666666666667,3.176470588235294,3.8863636363636362,3.73059360730594,0,3.841149390301176,0.001968516760555075,-0.5803030303030305,MODERATE,MONITOR
NG-STU-1787,Petroleum Engineering,4.466666666666667,3.6792452830188678,3.5454545454545454,3.90990990990991,0,3.8643217951830815,0.0011902217501633767,-0.9212121212121214,MODERATE,MONITOR
NG-STU-1788,Petroleum Engineering,3.7777777777777777,3.018181818181818,2.977272727272727,3.27678571428571,0,3.295744306374282,0.10774743054699218,-0.8005050505050506,HIGH,PRIORITY
NG-STU-1789,Petroleum Engineering,4.777777777777778,4.509803921568627,4.659090909090909,4.72350230414747,0,4.650073379593387,0.0011902217501633767,-0.11868686868686851,LOW,ROUTINE
NG-STU-1790,Petroleum Engineering,4.511111111111111,3.803921568627451,4.113636363636363,4.0958904109589,0,4.166576273688132,0.0011902217501633767,-0.39747474747474776,MODERATE,MONITOR
NG-STU-1791,Petroleum Engineering,4.4,3.9056603773584904,3.977272727272727,4.00900900900901,0,4.101594288561801,0.0011902217501633767,-0.4227272727272733,MODERATE,MONITOR
NG-STU-1792,Petroleum Engineering,4.711111111111111,4.2745098039215685,4.295454545454546,4.38709677419355,0,4.438346272707258,0.0011902217501633767,-0.4156565656565654,MODERATE,MONITOR
NG-STU-1793,Petroleum Engineering,3.1555555555555554,3.2037037037037037,2.9791666666666665,3.08119658119658,1,3.2480892599478492,0.16880942760512307,-0.17638888888888893,HIGH,PRIORITY
NG-STU-1794,Petroleum Engineering,4.311111111111111,3.7058823529411766,3.727272727272727,3.78538812785388,0,3.92050857167238,0.0011902217501633767,-0.5838383838383838,MODERATE,MONITOR
NG-STU-1795,Petroleum Engineering,3.511111111111111,2.4705882352941178,2.24,3.0327868852459,1,2.7371413148155668,0.9672704354725891,-1.2711111111111109,CRITICAL,URGENT
NG-STU-1796,Petroleum Engineering,3.6444444444444444,2.980392156862745,3.108695652173913,3.21333333333333,0,3.3752847008603637,0.05588712223863654,-0.5357487922705313,MODERATE,MONITOR
NG-STU-1797,Petroleum Engineering,3.7777777777777777,3.107142857142857,3.227272727272727,3.43111111111111,0,3.46162161271652,0.00979839015865565,-0.5505050505050506,MODERATE,MONITOR
NG-STU-1798,Petroleum Engineering,4.222222222222222,2.933333333333333,2.477272727272727,3.18181818181818,0,3.18305995202781,0.3612032625303832,-1.7449494949494953,HIGH,PRIORITY
NG-STU-1799,Petroleum Engineering,4.466666666666667,4.0,4.113636363636363,4.21461187214612,0,4.264569311314334,0.0011902217501633767,-0.35303030303030347,MODERATE,MONITOR
NG-STU-1800,Petroleum Engineering,4.155555555555556,3.036363636363636,3.8863636363636362,3.83111111111111,0,3.7072812385861376,0.002677066527675712,-0.26919191919191965,LOW,ROUTINE
NG-STU-1801,Petroleum Engineering,4.822222222222222,3.980392156862745,3.477272727272727,3.77981651376147,0,3.995089270470587,0.0011902217501633767,-1.344949494949495,MODERATE,MONITOR
NG-STU-1802,Petroleum Engineering,4.466666666666667,2.6724137931034484,3.6739130434782608,3.71861471861472,0,3.6251156394165522,0.007867636437504526,-0.792753623188406,MODERATE,MONITOR
NG-STU-1803,Petroleum Engineering,4.0,3.5,3.5681818181818183,3.86363636363636,0,3.7311628121860325,0.0015627576298455148,-0.43181818181818166,MODERATE,MONITOR
NG-STU-1804,Petroleum Engineering,4.688888888888889,4.215686274509804,4.045454545454546,4.26728110599078,0,4.268874163228981,0.0011902217501633767,-0.6434343434343432,MODERATE,MONITOR
NG-STU-1805,Petroleum Engineering,4.177777777777778,2.9107142857142856,3.727272727272727,3.47368421052632,0,3.644012795641863,0.003034827751075345,-0.45050505050505096,MODERATE,MONITOR
NG-STU-1806,Petroleum Engineering,4.222222222222222,2.912280701754386,3.422222222222222,3.66964285714286,0,3.5534767534149365,0.003034827751075345,-0.8000000000000003,MODERATE,MONITOR
NG-STU-1807,Petroleum Engineering,4.4,3.8627450980392157,3.9545454545454546,4.11059907834101,0,4.101594288561801,0.0011902217501633767,-0.44545454545454577,MODERATE,MONITOR
NG-STU-1808,Petroleum Engineering,4.333333333333333,3.6792452830188678,4.086956521739131,3.98660714285714,0,4.050059056252979,0.0011902217501633767,-0.24637681159420222,LOW,ROUTINE
NG-STU-1809,Petroleum Engineering,3.8222222222222224,3.107142857142857,3.1363636363636362,3.45945945945946,0,3.4795843794976813,0.0055749867584923936,-0.6858585858585862,MODERATE,MONITOR
NG-STU-1810,Petroleum Engineering,4.377777777777778,3.7777777777777777,4.409090909090909,4.04444444444444,0,4.243619509869383,0.0011902217501633767,0.03131313131313096,LOW,ROUTINE
NG-STU-1811,Petroleum Engineering,3.911111111111111,3.1379310344827585,3.590909090909091,3.60352422907489,0,3.6592192717214886,0.002789912170588388,-0.32020202020202015,MODERATE,MONITOR
NG-STU-1812,Petroleum Engineering,3.511111111111111,2.75,2.8043478260869565,3.11016949152542,0,3.136596382945038,0.4405457774279182,-0.7067632850241545,HIGH,PRIORITY
NG-STU-1813,Petroleum Engineering,3.7555555555555555,3.4339622641509435,3.3863636363636362,3.64864864864865,0,3.6421628422841574,0.0029745388042423993,-0.3691919191919193,MODERATE,MONITOR
NG-STU-1814,Petroleum Engineering,3.8222222222222224,3.0754716981132075,3.717391304347826,3.56,0,3.6327274081949787,0.0030460096885371424,-0.10483091787439625,LOW,ROUTINE
NG-STU-1815,Petroleum Engineering,3.6222222222222222,3.0714285714285716,3.311111111111111,3.32314410480349,0,3.423579758975759,0.010635072321134599,-0.31111111111111134,MODERATE,MONITOR
NG-STU-1816,Petroleum Engineering,3.7777777777777777,2.6166666666666667,2.9375,3.2008547008547,0,3.208034569391684,0.2629474110983732,-0.8402777777777777,HIGH,PRIORITY
NG-STU-1817,Petroleum Engineering,4.068181818181818,4.3478260869565215,4.0638297872340425,4.28217821782178,0,4.172346389710423,0.0011902217501633767,-0.004352030947775809,LOW,ROUTINE
NG-STU-1818,Petroleum Engineering,2.2888888888888888,1.8253968253968254,1.1785714285714286,2.06774193548387,1,1.9690427056350237,0.9982590352963409,-1.1103174603174601,CRITICAL,URGENT
NG-STU-1819,Petroleum Engineering,2.75,2.9183673469387754,3.0638297872340425,3.27450980392157,0,3.1383317456819304,0.16526863092982882,0.31382978723404253,HIGH,PRIORITY
NG-STU-1820,Petroleum Engineering,2.4545454545454546,1.2191780821917808,2.5869565217391304,2.24817518248175,1,2.465245554606979,0.990078926308512,0.1324110671936758,CRITICAL,URGENT
NG-STU-1821,Petroleum Engineering,3.590909090909091,2.1724137931034484,3.6458333333333335,3.22119815668203,0,3.4191608964344598,0.10158766138143231,0.05492424242424265,MODERATE,MONITOR
NG-STU-1822,Petroleum Engineering,2.5454545454545454,2.4833333333333334,3.04,3.19396551724138,0,3.0002267272714946,0.6868793375857011,0.4945454545454546,CRITICAL,URGENT
NG-STU-1823,Petroleum Engineering,4.113636363636363,4.369565217391305,4.191489361702128,4.13065326633166,0,4.235973443750565,0.0011902217501633767,0.07785299806576429,LOW,ROUTINE
NG-STU-1824,Petroleum Engineering,3.8181818181818183,3.4347826086956523,3.148936170212766,3.80769230769231,0,3.575535500433482,0.0033756198259051818,-0.6692456479690523,MODERATE,MONITOR
NG-STU-1825,Petroleum Engineering,2.9545454545454546,2.7358490566037736,3.4893617021276597,3.35406698564593,0,3.313882126960495,0.048274921471912736,0.5348162475822051,HIGH,PRIORITY
NG-STU-1826,Petroleum Engineering,3.9318181818181817,3.8867924528301887,4.340425531914893,4.1747572815534,0,4.183209369370574,0.0016874100752780296,0.40860735009671156,LOW,ROUTINE
NG-STU-1827,Petroleum Engineering,4.318181818181818,3.847826086956522,4.085106382978723,4.20100502512563,0,4.074764606122843,0.0011902217501633767,-0.23307543520309526,LOW,ROUTINE
NG-STU-1828,Petroleum Engineering,3.5454545454545454,3.717391304347826,3.8085106382978724,3.71859296482412,0,3.7726898325320612,0.0048950957943023335,0.263056092843327,LOW,ROUTINE
NG-STU-1829,Petroleum Engineering,2.8666666666666667,2.480769230769231,2.3333333333333335,2.67932489451477,1,2.614077285482153,0.9879099165697333,-0.5333333333333332,CRITICAL,URGENT
NG-STU-1830,Petroleum Engineering,2.86,3.02,2.543859649122807,3.00865800865801,1,2.9127645980337884,0.8731660629513889,-0.31614035087719294,CRITICAL,URGENT
NG-STU-1831,Petroleum Engineering,1.9275362318840579,2.847457627118644,3.1320754716981134,3.04366812227074,1,3.1122549755991953,0.41272001731267527,1.2045392398140555,HIGH,PRIORITY
NG-STU-1832,Petroleum Engineering,1.6382978723404256,2.4833333333333334,2.574468085106383,2.63157894736842,1,2.6706528521914357,0.982806887899645,0.9361702127659572,CRITICAL,URGENT
NG-STU-1833,Petroleum Engineering,3.111111111111111,3.72,3.0869565217391304,3.45631067961165,0,3.482372742071709,0.035194582334781045,-0.024154589371980784,MODERATE,MONITOR
NG-STU-1834,Petroleum Engineering,3.425531914893617,3.44,3.25531914893617,3.33640552995392,0,3.475257208311696,0.013035393849326848,-0.17021276595744705,MODERATE,MONITOR
NG-STU-1835,Petroleum Engineering,2.017857142857143,1.6290322580645162,2.25,2.16262975778547,1,2.3258944054236905,0.9984251272914721,0.2321428571428572,CRITICAL,URGENT
NG-STU-1836,Petroleum Engineering,2.2753623188405796,3.4615384615384617,2.909090909090909,3.42727272727273,0,3.260457488862017,0.27025384316472595,0.6337285902503296,HIGH,PRIORITY
NG-STU-1837,Petroleum Engineering,3.25,3.66,2.5416666666666665,3.1605504587156,0,3.1351250175770518,0.5898976805126706,-0.7083333333333335,HIGH,PRIORITY
NG-STU-1838,Petroleum Engineering,4.555555555555555,4.96,4.760869565217392,4.80097087378641,0,4.7205918709145385,0.0011902217501633767,0.20531400966183622,LOW,ROUTINE
NG-STU-1839,Petroleum Engineering,3.466666666666667,4.38,3.630434782608696,3.95673076923077,0,3.831502010291112,0.006547893118471068,0.163768115942029,LOW,ROUTINE
NG-STU-1840,Petroleum Engineering,4.155555555555556,4.28,4.270833333333333,4.28846153846154,0,4.3287659193453365,0.0011902217501633767,0.11527777777777715,LOW,ROUTINE
NG-STU-1841,Petroleum Engineering,3.933333333333333,4.1,3.1666666666666665,3.84285714285714,0,3.6453092776693974,0.0033756198259051818,-0.7666666666666666,MODERATE,MONITOR
