school,sex,age,subject,G1,G2,G3,fail,Predicted_Grade,Risk_Score,Early_Warning,Risk_Factors,Intervention_Priority,Interventions
GP,F,18,math,5,6,6,1,6.435158662913374,0.775,CRITICAL,High absenteeism | Low first-period performance | Low second-period performance | High social outings,HIGH,Immediate academic counselling required | Send attendance warning to student and guardian | Provide foundational revision sessions | Offer targeted tutoring for weak topics | Advise on time management and reduced social distractions
GP,F,17,math,5,5,6,1,6.224806689601657,0.905,CRITICAL,Low first-period performance | Low second-period performance,HIGH,Immediate academic counselling required | Provide foundational revision sessions | Offer targeted tutoring for weak topics
GP,F,15,math,7,8,10,0,7.24724158426641,0.255,LOW,Previous academic failures | High absenteeism | Low first-period performance | Low second-period performance,LOW,Refer to remedial classes for failed courses | Send attendance warning to student and guardian | Provide foundational revision sessions | Offer targeted tutoring for weak topics
GP,F,15,math,15,14,15,0,14.326054042720942,0.04,LOW,No significant risk factors identified,LOW,Continue current academic progress monitoring
GP,F,16,math,6,10,10,0,9.828512120692029,0.155,LOW,Low first-period performance,LOW,Provide foundational revision sessions
GP,M,16,math,15,15,15,0,15.48186439480805,0.005,LOW,High absenteeism | Excessive free time,LOW,Send attendance warning to student and guardian | Recommend supervised study groups
GP,M,16,math,12,12,11,0,12.311747148717185,0.03,LOW,High social outings | Excessive free time,LOW,Advise on time management and reduced social distractions | Recommend supervised study groups
GP,F,17,math,6,5,6,1,6.152467669560236,0.9,CRITICAL,High absenteeism | Low first-period performance | Low second-period performance | High social outings | Poor health,HIGH,Immediate academic counselling required | Send attendance warning to student and guardian | Provide foundational revision sessions | Offer targeted tutoring for weak topics | Advise on time management and reduced social distractions | Recommend medical check-up and health support
GP,M,15,math,16,18,19,0,18.533872926748895,0.02,LOW,Poor health,LOW,Recommend medical check-up and health support
GP,M,15,math,14,15,15,0,14.971191471114755,0.01,LOW,Excessive free time,LOW,Recommend supervised study groups
GP,F,15,math,10,8,9,1,6.434142783785533,0.85,CRITICAL,Low second-period performance | Poor health,HIGH,Immediate academic counselling required | Offer targeted tutoring for weak topics | Recommend medical check-up and health support
GP,F,15,math,10,12,12,0,12.235921571476641,0.04,LOW,No significant risk factors identified,LOW,Continue current academic progress monitoring
GP,M,15,math,14,14,14,0,14.108684583529028,0.005,LOW,Low study time,LOW,Assign structured study timetable and peer mentoring
GP,M,15,math,10,10,11,0,10.35080520252892,0.03,LOW,Excessive free time,LOW,Recommend supervised study groups
GP,M,15,math,14,16,16,0,15.939945389820702,0.025,LOW,Excessive free time,LOW,Recommend supervised study groups
GP,F,16,math,14,14,14,0,14.373822942110927,0.01,LOW,Low study time | High social outings | Poor health | Excessive free time,LOW,Assign structured study timetable and peer mentoring | Advise on time management and reduced social distractions | Recommend medical check-up and health support | Recommend supervised study groups
GP,F,16,math,13,14,14,0,14.087427870350249,0.03,LOW,High absenteeism | Poor health,LOW,Send attendance warning to student and guardian | Recommend medical check-up and health support
GP,F,16,math,8,10,10,0,10.403851133602616,0.215,LOW,Low first-period performance,LOW,Provide foundational revision sessions
GP,M,17,math,6,5,5,1,5.254696090080924,0.92,CRITICAL,Previous academic failures | High absenteeism | Low study time | Low first-period performance | Low second-period performance | High social outings | Alcohol consumption | Excessive free time,HIGH,Immediate academic counselling required | Refer to remedial classes for failed courses | Send attendance warning to student and guardian | Assign structured study timetable and peer mentoring | Provide foundational revision sessions | Offer targeted tutoring for weak topics | Advise on time management and reduced social distractions | Refer to wellness/counselling services | Recommend supervised study groups
GP,M,16,math,8,10,10,0,9.989834088964223,0.295,LOW,Low study time | Low first-period performance,LOW,Assign structured study timetable and peer mentoring | Provide foundational revision sessions
GP,M,15,math,13,14,15,0,14.526891760874326,0.0,LOW,Poor health | Excessive free time,LOW,Recommend medical check-up and health support | Recommend supervised study groups
GP,M,15,math,12,15,15,0,15.277096490387146,0.015,LOW,Low study time | Excessive free time,LOW,Assign structured study timetable and peer mentoring | Recommend supervised study groups
GP,M,16,math,15,15,16,0,15.322642565612215,0.005,LOW,Excessive free time,LOW,Recommend supervised study groups
GP,M,16,math,13,13,12,0,13.204097595127411,0.015,LOW,High social outings | Alcohol consumption | Excessive free time,LOW,Advise on time management and reduced social distractions | Refer to wellness/counselling services | Recommend supervised study groups
GP,F,15,math,10,9,8,1,8.776368139205456,0.87,CRITICAL,Low second-period performance,HIGH,Immediate academic counselling required | Offer targeted tutoring for weak topics
GP,F,16,math,6,9,8,1,8.708166358966983,0.895,CRITICAL,Previous academic failures | High absenteeism | Low study time | Low first-period performance | Low second-period performance | Poor family relationship,HIGH,Immediate academic counselling required | Refer to remedial classes for failed courses | Send attendance warning to student and guardian | Assign structured study timetable and peer mentoring | Provide foundational revision sessions | Offer targeted tutoring for weak topics | Suggest family engagement or counselling
GP,M,15,math,12,12,11,0,12.008996263153264,0.01,LOW,Low study time,LOW,Assign structured study timetable and peer mentoring
GP,M,15,math,15,16,15,0,15.555435235979807,0.07,LOW,Low study time | High social outings | Alcohol consumption | Poor health | Poor family relationship,LOW,Assign structured study timetable and peer mentoring | Advise on time management and reduced social distractions | Refer to wellness/counselling services | Recommend medical check-up and health support | Suggest family engagement or counselling
GP,M,16,math,11,11,11,0,11.002822202440871,0.065,LOW,No significant risk factors identified,LOW,Continue current academic progress monitoring
GP,M,16,math,10,12,11,0,11.580668475232265,0.075,LOW,High absenteeism | High social outings | Alcohol consumption | Excessive free time,LOW,Send attendance warning to student and guardian | Advise on time management and reduced social distractions | Refer to wellness/counselling services | Recommend supervised study groups
GP,M,15,math,9,11,12,0,9.930374652685083,0.04,LOW,Low first-period performance | Alcohol consumption | Excessive free time,LOW,Provide foundational revision sessions | Refer to wellness/counselling services | Recommend supervised study groups
GP,M,15,math,17,16,17,0,16.198385651604735,0.005,LOW,No significant risk factors identified,LOW,Continue current academic progress monitoring
GP,M,15,math,17,16,16,0,16.331031311824162,0.015,LOW,Excessive free time,LOW,Recommend supervised study groups
GP,M,15,math,8,10,12,0,9.80186936395924,0.13,LOW,Low first-period performance | Poor health,LOW,Provide foundational revision sessions | Recommend medical check-up and health support
GP,M,16,math,12,14,15,0,14.724000652892183,0.02,LOW,Low study time | Excessive free time,LOW,Assign structured study timetable and peer mentoring | Recommend supervised study groups
GP,F,15,math,8,7,6,1,4.566709373958568,0.7,CRITICAL,Low study time | Low first-period performance | Low second-period performance | Excessive free time,HIGH,Immediate academic counselling required | Assign structured study timetable and peer mentoring | Provide foundational revision sessions | Offer targeted tutoring for weak topics | Recommend supervised study groups
GP,M,15,math,15,16,18,0,16.344486470320426,0.0,LOW,Excessive free time,LOW,Recommend supervised study groups
GP,M,16,math,15,16,15,0,15.83254614301438,0.01,LOW,High absenteeism | Poor family relationship | Excessive free time,LOW,Send attendance warning to student and guardian | Suggest family engagement or counselling | Recommend supervised study groups
GP,F,15,math,12,12,11,0,11.716860093496207,0.065,LOW,No significant risk factors identified,LOW,Continue current academic progress monitoring
GP,F,15,math,14,13,13,0,12.184772311691173,0.02,LOW,High absenteeism | Low study time | Poor health,LOW,Send attendance warning to student and guardian | Assign structured study timetable and peer mentoring | Recommend medical check-up and health support
GP,F,16,math,7,10,11,0,10.456524988748118,0.455,MODERATE,Previous academic failures | High absenteeism | Low first-period performance,LOW,Refer to remedial classes for failed courses | Send attendance warning to student and guardian | Provide foundational revision sessions
GP,M,15,math,12,12,12,0,12.378240986233104,0.025,LOW,High absenteeism | Low study time | Alcohol consumption | Excessive free time,LOW,Send attendance warning to student and guardian | Assign structured study timetable and peer mentoring | Refer to wellness/counselling services | Recommend supervised study groups
GP,M,15,math,19,18,18,0,18.1086002488157,0.005,LOW,No significant risk factors identified,LOW,Continue current academic progress monitoring
GP,M,15,math,8,8,11,0,7.687463653184284,0.7,CRITICAL,Low study time | Low first-period performance | Low second-period performance | Poor health | Excessive free time,HIGH,Immediate academic counselling required | Assign structured study timetable and peer mentoring | Provide foundational revision sessions | Offer targeted tutoring for weak topics | Recommend medical check-up and health support | Recommend supervised study groups
GP,F,16,math,10,10,9,1,9.557071457237452,0.665,HIGH,Previous academic failures | High absenteeism,MEDIUM,Schedule meeting with academic adviser | Refer to remedial classes for failed courses | Send attendance warning to student and guardian
GP,F,15,math,8,8,6,1,7.387844219450838,0.905,CRITICAL,High absenteeism | Low first-period performance | Low second-period performance,HIGH,Immediate academic counselling required | Send attendance warning to student and guardian | Provide foundational revision sessions | Offer targeted tutoring for weak topics
GP,F,16,math,11,12,11,0,11.724244273911705,0.035,LOW,High absenteeism | High social outings | Alcohol consumption | Poor family relationship,LOW,Send attendance warning to student and guardian | Advise on time management and reduced social distractions | Refer to wellness/counselling services | Suggest family engagement or counselling
GP,M,16,math,19,19,20,0,19.625526401634268,0.01,LOW,Poor health,LOW,Recommend medical check-up and health support
GP,M,15,math,15,15,14,0,15.196397761844167,0.01,LOW,No significant risk factors identified,LOW,Continue current academic progress monitoring
GP,F,15,math,7,7,7,1,7.696749533189235,0.93,CRITICAL,Previous academic failures | Low first-period performance | Low second-period performance | High social outings | Excessive free time,HIGH,Immediate academic counselling required | Refer to remedial classes for failed courses | Provide foundational revision sessions | Offer targeted tutoring for weak topics | Advise on time management and reduced social distractions | Recommend supervised study groups
GP,F,16,math,12,13,13,0,12.921553241059797,0.015,LOW,No significant risk factors identified,LOW,Continue current academic progress monitoring
GP,F,15,math,11,13,13,0,12.911651446214492,0.025,LOW,No significant risk factors identified,LOW,Continue current academic progress monitoring
GP,M,15,math,11,11,10,0,10.22774519515059,0.1,LOW,Previous academic failures | High absenteeism | Low study time | High social outings | Alcohol consumption | Excessive free time,LOW,Refer to remedial classes for failed courses | Send attendance warning to student and guardian | Assign structured study timetable and peer mentoring | Advise on time management and reduced social distractions | Refer to wellness/counselling services | Recommend supervised study groups
GP,F,15,math,8,10,11,0,9.48974404945014,0.105,LOW,Low study time | Low first-period performance | High social outings,LOW,Assign structured study timetable and peer mentoring | Provide foundational revision sessions | Advise on time management and reduced social distractions
GP,F,15,math,10,13,13,0,12.65155575794738,0.035,LOW,High absenteeism | Low study time | High social outings | Alcohol consumption | Poor health,LOW,Send attendance warning to student and guardian | Assign structured study timetable and peer mentoring | Advise on time management and reduced social distractions | Refer to wellness/counselling services | Recommend medical check-up and health support
GP,F,16,math,8,9,10,0,9.017129377401183,0.15,LOW,High absenteeism | Low first-period performance | Low second-period performance | High social outings | Poor health,LOW,Send attendance warning to student and guardian | Provide foundational revision sessions | Offer targeted tutoring for weak topics | Advise on time management and reduced social distractions | Recommend medical check-up and health support
GP,F,15,math,14,15,15,0,15.1999631859612,0.01,LOW,Poor health,LOW,Recommend medical check-up and health support
GP,M,15,math,14,15,15,0,15.293990573790406,0.0,LOW,No significant risk factors identified,LOW,Continue current academic progress monitoring
GP,M,15,math,9,10,9,1,9.470195169159524,0.315,MODERATE,Low first-period performance,LOW,Provide foundational revision sessions
GP,F,16,math,15,16,16,0,16.35610831055556,0.005,LOW,No significant risk factors identified,LOW,Continue current academic progress monitoring
GP,F,16,math,10,11,11,0,10.706961116512517,0.05,LOW,High absenteeism | High social outings | Poor family relationship | Excessive free time,LOW,Send attendance warning to student and guardian | Advise on time management and reduced social distractions | Suggest family engagement or counselling | Recommend supervised study groups
GP,F,16,math,10,8,11,0,11.174417896706437,0.165,LOW,High absenteeism | Low study time | Low second-period performance | High social outings | Alcohol consumption | Excessive free time,LOW,Send attendance warning to student and guardian | Assign structured study timetable and peer mentoring | Offer targeted tutoring for weak topics | Advise on time management and reduced social distractions | Refer to wellness/counselling services | Recommend supervised study groups
GP,F,16,math,8,10,9,1,10.051573117383397,0.77,CRITICAL,Low first-period performance | Poor health | Excessive free time,HIGH,Immediate academic counselling required | Provide foundational revision sessions | Recommend medical check-up and health support | Recommend supervised study groups
GP,F,16,math,10,9,9,1,9.060181943316815,0.815,CRITICAL,Low second-period performance | High social outings | Alcohol consumption | Excessive free time,HIGH,Immediate academic counselling required | Offer targeted tutoring for weak topics | Advise on time management and reduced social distractions | Refer to wellness/counselling services | Recommend supervised study groups
GP,F,15,math,10,10,10,0,8.97940859100842,0.105,LOW,High social outings | Alcohol consumption | Poor health | Excessive free time,LOW,Advise on time management and reduced social distractions | Refer to wellness/counselling services | Recommend medical check-up and health support | Recommend supervised study groups
GP,F,16,math,16,15,15,0,15.74512257878069,0.005,LOW,Poor health | Excessive free time,LOW,Recommend medical check-up and health support | Recommend supervised study groups
GP,M,15,math,13,13,12,0,13.158252883256331,0.025,LOW,Alcohol consumption | Poor family relationship,LOW,Refer to wellness/counselling services | Suggest family engagement or counselling
GP,F,16,math,7,7,6,1,7.04883672092199,0.945,CRITICAL,Low first-period performance | Low second-period performance,HIGH,Immediate academic counselling required | Provide foundational revision sessions | Offer targeted tutoring for weak topics
GP,F,15,math,8,9,8,1,8.784287900228305,0.85,CRITICAL,Low first-period performance | Low second-period performance,HIGH,Immediate academic counselling required | Provide foundational revision sessions | Offer targeted tutoring for weak topics
GP,F,15,math,16,16,16,0,16.16404892186383,0.02,LOW,High absenteeism | Excessive free time,LOW,Send attendance warning to student and guardian | Recommend supervised study groups
GP,M,16,math,13,15,15,0,14.95723976788906,0.005,LOW,No significant risk factors identified,LOW,Continue current academic progress monitoring
GP,M,15,math,10,10,10,0,9.086642491303484,0.04,LOW,No significant risk factors identified,LOW,Continue current academic progress monitoring
GP,F,15,math,8,6,5,1,7.938469269385143,0.905,CRITICAL,Previous academic failures | Low first-period performance | Low second-period performance | High social outings | Alcohol consumption,HIGH,Immediate academic counselling required | Refer to remedial classes for failed courses | Provide foundational revision sessions | Offer targeted tutoring for weak topics | Advise on time management and reduced social distractions | Refer to wellness/counselling services
GP,M,16,math,12,12,14,0,12.588321695413152,0.005,LOW,Low study time,LOW,Assign structured study timetable and peer mentoring
GP,F,16,math,11,12,11,0,11.005500603265878,0.085,LOW,High absenteeism | Alcohol consumption,LOW,Send attendance warning to student and guardian | Refer to wellness/counselling services
GP,M,15,math,9,9,10,0,9.103587026309574,0.54,HIGH,High absenteeism | Low first-period performance | Low second-period performance,MEDIUM,Schedule meeting with academic adviser | Send attendance warning to student and guardian | Provide foundational revision sessions | Offer targeted tutoring for weak topics
GP,M,15,math,11,11,10,0,10.996825918700145,0.005,LOW,High absenteeism | Poor health | Excessive free time,LOW,Send attendance warning to student and guardian | Recommend medical check-up and health support | Recommend supervised study groups
GP,F,16,math,11,11,11,0,11.019379873430244,0.02,LOW,No significant risk factors identified,LOW,Continue current academic progress monitoring
GP,M,17,math,8,8,10,0,9.163711586417088,0.25,LOW,Previous academic failures | Low study time | Low first-period performance | Low second-period performance | Excessive free time,LOW,Refer to remedial classes for failed courses | Assign structured study timetable and peer mentoring | Provide foundational revision sessions | Offer targeted tutoring for weak topics | Recommend supervised study groups
GP,F,16,math,5,5,5,1,5.096741987684558,0.94,CRITICAL,High absenteeism | Low first-period performance | Low second-period performance | Poor family relationship | Excessive free time,HIGH,Immediate academic counselling required | Send attendance warning to student and guardian | Provide foundational revision sessions | Offer targeted tutoring for weak topics | Suggest family engagement or counselling | Recommend supervised study groups
GP,M,15,math,10,12,12,0,11.549022931933223,0.115,LOW,Low study time,LOW,Assign structured study timetable and peer mentoring
GP,M,15,math,11,10,11,0,10.336318684845205,0.03,LOW,No significant risk factors identified,LOW,Continue current academic progress monitoring
GP,F,15,math,7,6,6,1,7.1295809670535135,0.95,CRITICAL,High absenteeism | Low first-period performance | Low second-period performance | High social outings | Excessive free time,HIGH,Immediate academic counselling required | Send attendance warning to student and guardian | Provide foundational revision sessions | Offer targeted tutoring for weak topics | Advise on time management and reduced social distractions | Recommend supervised study groups
GP,M,15,math,15,15,15,0,15.285278994326188,0.01,LOW,No significant risk factors identified,LOW,Continue current academic progress monitoring
GP,F,15,math,9,10,10,0,9.898876110068034,0.12,LOW,Low first-period performance,LOW,Provide foundational revision sessions
GP,F,15,math,7,9,8,1,8.368210534779248,0.885,CRITICAL,Previous academic failures | High absenteeism | Low first-period performance | Low second-period performance | High social outings | Excessive free time,HIGH,Immediate academic counselling required | Refer to remedial classes for failed courses | Send attendance warning to student and guardian | Provide foundational revision sessions | Offer targeted tutoring for weak topics | Advise on time management and reduced social distractions | Recommend supervised study groups
GP,F,16,math,8,7,6,1,8.215581775920386,0.785,CRITICAL,Low first-period performance | Low second-period performance | High social outings | Poor health,HIGH,Immediate academic counselling required | Provide foundational revision sessions | Offer targeted tutoring for weak topics | Advise on time management and reduced social distractions | Recommend medical check-up and health support
GP,F,15,math,13,14,14,0,14.486375512208012,0.01,LOW,Poor health,LOW,Recommend medical check-up and health support
GP,M,16,math,11,10,10,0,9.888133473730688,0.045,LOW,Previous academic failures | High absenteeism | Excessive free time,LOW,Refer to remedial classes for failed courses | Send attendance warning to student and guardian | Recommend supervised study groups
GP,M,16,math,8,6,7,1,7.301947813667659,0.685,HIGH,High absenteeism | Low first-period performance | Low second-period performance | Alcohol consumption,MEDIUM,Schedule meeting with academic adviser | Send attendance warning to student and guardian | Provide foundational revision sessions | Offer targeted tutoring for weak topics | Refer to wellness/counselling services
GP,F,16,math,7,7,8,1,5.389972898368008,0.955,CRITICAL,Low first-period performance | Low second-period performance,HIGH,Immediate academic counselling required | Provide foundational revision sessions | Offer targeted tutoring for weak topics
GP,F,15,math,16,17,18,0,17.166173137304767,0.01,LOW,Low study time | High social outings | Poor health | Excessive free time,LOW,Assign structured study timetable and peer mentoring | Advise on time management and reduced social distractions | Recommend medical check-up and health support | Recommend supervised study groups
GP,F,16,math,7,6,6,1,6.308921747012206,0.91,CRITICAL,Low first-period performance | Low second-period performance | Poor health,HIGH,Immediate academic counselling required | Provide foundational revision sessions | Offer targeted tutoring for weak topics | Recommend medical check-up and health support
GP,F,16,math,11,10,10,0,9.786538885374345,0.055,LOW,Poor health,LOW,Recommend medical check-up and health support
GP,M,15,math,11,13,14,0,12.888321922166227,0.015,LOW,High absenteeism | High social outings,LOW,Send attendance warning to student and guardian | Advise on time management and reduced social distractions
GP,F,15,math,7,10,10,0,9.318413014890337,0.345,MODERATE,Previous academic failures | Low first-period performance | Poor health,LOW,Refer to remedial classes for failed courses | Provide foundational revision sessions | Recommend medical check-up and health support
GP,M,16,math,11,15,15,0,14.669062351602433,0.03,LOW,Low study time,LOW,Assign structured study timetable and peer mentoring
GP,F,16,math,8,9,10,0,9.3554885648818,0.315,MODERATE,Low first-period performance | Low second-period performance | High social outings,LOW,Provide foundational revision sessions | Offer targeted tutoring for weak topics | Advise on time management and reduced social distractions
GP,F,16,math,11,14,14,0,14.191946445455722,0.01,LOW,High absenteeism | Low study time | High social outings | Poor health,LOW,Send attendance warning to student and guardian | Assign structured study timetable and peer mentoring | Advise on time management and reduced social distractions | Recommend medical check-up and health support
GP,F,16,math,7,9,8,1,8.095042514996965,0.88,CRITICAL,Low first-period performance | Low second-period performance | High social outings,HIGH,Immediate academic counselling required | Provide foundational revision sessions | Offer targeted tutoring for weak topics | Advise on time management and reduced social distractions
GP,M,16,math,7,7,5,1,6.0317063150219905,0.765,CRITICAL,High absenteeism | Low study time | Low first-period performance | Low second-period performance | High social outings | Alcohol consumption | Excessive free time,HIGH,Immediate academic counselling required | Send attendance warning to student and guardian | Assign structured study timetable and peer mentoring | Provide foundational revision sessions | Offer targeted tutoring for weak topics | Advise on time management and reduced social distractions | Refer to wellness/counselling services | Recommend supervised study groups
GP,M,16,math,16,17,17,0,17.002888707187225,0.005,LOW,Excessive free time,LOW,Recommend supervised study groups
GP,M,15,math,10,13,14,0,13.057957983644572,0.015,LOW,Low study time,LOW,Assign structured study timetable and peer mentoring
GP,F,15,math,7,6,6,1,5.929189584985049,0.95,CRITICAL,High absenteeism | Low first-period performance | Low second-period performance | High social outings | Poor health,HIGH,Immediate academic counselling required | Send attendance warning to student and guardian | Provide foundational revision sessions | Offer targeted tutoring for weak topics | Advise on time management and reduced social distractions | Recommend medical check-up and health support
GP,M,15,math,16,18,18,0,18.248169883511338,0.02,LOW,High social outings | Poor health | Excessive free time,LOW,Advise on time management and reduced social distractions | Recommend medical check-up and health support | Recommend supervised study groups
GP,F,15,math,10,11,11,0,10.430261344434715,0.06,LOW,High absenteeism,LOW,Send attendance warning to student and guardian
GP,F,15,math,7,8,8,1,5.979315325894924,0.935,CRITICAL,High absenteeism | Low first-period performance | Low second-period performance,HIGH,Immediate academic counselling required | Send attendance warning to student and guardian | Provide foundational revision sessions | Offer targeted tutoring for weak topics
GP,M,16,math,16,18,18,0,18.24781663968174,0.005,LOW,No significant risk factors identified,LOW,Continue current academic progress monitoring
GP,M,15,math,10,13,13,0,12.63826487401165,0.12,LOW,High absenteeism | High social outings | Alcohol consumption | Poor health | Poor family relationship,LOW,Send attendance warning to student and guardian | Advise on time management and reduced social distractions | Refer to wellness/counselling services | Recommend medical check-up and health support | Suggest family engagement or counselling
GP,F,16,math,14,15,16,0,15.251827613302508,0.03,LOW,High social outings | Excessive free time,LOW,Advise on time management and reduced social distractions | Recommend supervised study groups
GP,M,15,math,18,19,19,0,18.864168445889568,0.0,LOW,High absenteeism | Low study time | Excessive free time,LOW,Send attendance warning to student and guardian | Assign structured study timetable and peer mentoring | Recommend supervised study groups
GP,F,16,math,7,10,10,0,9.179995984140533,0.19,LOW,Previous academic failures | Low first-period performance | Poor health,LOW,Refer to remedial classes for failed courses | Provide foundational revision sessions | Recommend medical check-up and health support
GP,F,16,math,10,13,13,0,12.433342013159262,0.11,LOW,Previous academic failures | High absenteeism,LOW,Refer to remedial classes for failed courses | Send attendance warning to student and guardian
GP,M,15,math,18,19,19,0,19.03375952261167,0.025,LOW,High absenteeism | Low study time | Excessive free time,LOW,Send attendance warning to student and guardian | Assign structured study timetable and peer mentoring | Recommend supervised study groups
GP,M,15,math,9,9,9,1,9.021849425849375,0.75,CRITICAL,High absenteeism | Low first-period performance | Low second-period performance | Excessive free time,HIGH,Immediate academic counselling required | Send attendance warning to student and guardian | Provide foundational revision sessions | Offer targeted tutoring for weak topics | Recommend supervised study groups
GP,M,16,math,15,15,16,0,15.437677032522402,0.015,LOW,High social outings | Excessive free time,LOW,Advise on time management and reduced social distractions | Recommend supervised study groups
GP,M,15,math,11,13,14,0,12.839288690695843,0.03,LOW,Poor health | Excessive free time,LOW,Recommend medical check-up and health support | Recommend supervised study groups
GP,M,16,math,13,14,13,0,14.076303364669087,0.0,LOW,Low study time | Excessive free time,LOW,Assign structured study timetable and peer mentoring | Recommend supervised study groups
GP,M,17,math,9,7,8,1,7.836045077325226,0.895,CRITICAL,Previous academic failures | High absenteeism | Low first-period performance | Low second-period performance | High social outings | Alcohol consumption,HIGH,Immediate academic counselling required | Refer to remedial classes for failed courses | Send attendance warning to student and guardian | Provide foundational revision sessions | Offer targeted tutoring for weak topics | Advise on time management and reduced social distractions | Refer to wellness/counselling services
GP,M,15,math,14,13,13,0,13.215025623580978,0.01,LOW,High absenteeism | Low study time | Excessive free time,LOW,Send attendance warning to student and guardian | Assign structured study timetable and peer mentoring | Recommend supervised study groups
GP,F,15,math,16,15,15,0,15.196029023983227,0.02,LOW,Poor health,LOW,Recommend medical check-up and health support
GP,M,15,math,16,14,15,0,14.608330148102526,0.035,LOW,High absenteeism | High social outings | Excessive free time,LOW,Send attendance warning to student and guardian | Advise on time management and reduced social distractions | Recommend supervised study groups
GP,F,16,math,13,13,13,0,12.812315144415345,0.005,LOW,No significant risk factors identified,LOW,Continue current academic progress monitoring
GP,M,16,math,14,11,13,0,11.91766493222216,0.015,LOW,High absenteeism | Low study time | High social outings | Alcohol consumption | Excessive free time,LOW,Send attendance warning to student and guardian | Assign structured study timetable and peer mentoring | Advise on time management and reduced social distractions | Refer to wellness/counselling services | Recommend supervised study groups
GP,F,16,math,8,7,8,1,5.085872342998803,0.92,CRITICAL,Low first-period performance | Low second-period performance | High social outings | Excessive free time,HIGH,Immediate academic counselling required | Provide foundational revision sessions | Offer targeted tutoring for weak topics | Advise on time management and reduced social distractions | Recommend supervised study groups
GP,M,15,math,13,13,12,0,12.160642346627506,0.06,LOW,Low study time | High social outings | Alcohol consumption | Excessive free time,LOW,Assign structured study timetable and peer mentoring | Advise on time management and reduced social distractions | Refer to wellness/counselling services | Recommend supervised study groups
GP,F,15,math,7,10,11,0,9.684076754291068,0.355,MODERATE,Low first-period performance | Poor health,LOW,Provide foundational revision sessions | Recommend medical check-up and health support
GP,F,19,math,7,8,9,1,8.561248711382051,0.905,CRITICAL,Previous academic failures | Low first-period performance | Low second-period performance | Excessive free time,HIGH,Immediate academic counselling required | Refer to remedial classes for failed courses | Provide foundational revision sessions | Offer targeted tutoring for weak topics | Recommend supervised study groups
GP,M,18,math,7,4,0,1,-0.3649521344670019,0.975,CRITICAL,Previous academic failures | Low study time | Low first-period performance | Low second-period performance,HIGH,Immediate academic counselling required | Refer to remedial classes for failed courses | Assign structured study timetable and peer mentoring | Provide foundational revision sessions | Offer targeted tutoring for weak topics
GP,M,16,math,18,18,18,0,17.992544173251076,0.005,LOW,High absenteeism | Low study time | High social outings | Alcohol consumption | Excessive free time,LOW,Send attendance warning to student and guardian | Assign structured study timetable and peer mentoring | Advise on time management and reduced social distractions | Refer to wellness/counselling services | Recommend supervised study groups
GP,F,15,math,12,0,0,1,0.2593436554001319,0.565,HIGH,Previous academic failures | Low second-period performance,MEDIUM,Schedule meeting with academic adviser | Refer to remedial classes for failed courses | Offer targeted tutoring for weak topics
GP,F,15,math,8,0,0,1,-0.002297834020916059,0.885,CRITICAL,Low study time | Low first-period performance | Low second-period performance,HIGH,Immediate academic counselling required | Assign structured study timetable and peer mentoring | Provide foundational revision sessions | Offer targeted tutoring for weak topics
GP,F,17,math,10,13,12,0,12.423520900954715,0.055,LOW,High absenteeism | Low study time | High social outings | Excessive free time,LOW,Send attendance warning to student and guardian | Assign structured study timetable and peer mentoring | Advise on time management and reduced social distractions | Recommend supervised study groups
GP,F,16,math,12,11,11,0,11.228340128217408,0.07,LOW,High absenteeism | Low study time | Alcohol consumption,LOW,Send attendance warning to student and guardian | Assign structured study timetable and peer mentoring | Refer to wellness/counselling services
GP,M,15,math,9,0,0,1,-0.0733040940734266,0.685,HIGH,Low first-period performance | Low second-period performance,MEDIUM,Schedule meeting with academic adviser | Provide foundational revision sessions | Offer targeted tutoring for weak topics
GP,F,15,math,11,0,0,1,0.46472005270111844,0.845,CRITICAL,Low second-period performance,HIGH,Immediate academic counselling required | Offer targeted tutoring for weak topics
GP,M,17,math,10,0,0,1,0.4385266871150951,0.815,CRITICAL,Low second-period performance | High social outings | Alcohol consumption | Excessive free time,HIGH,Immediate academic counselling required | Offer targeted tutoring for weak topics | Advise on time management and reduced social distractions | Refer to wellness/counselling services | Recommend supervised study groups
GP,F,16,math,4,0,0,1,-0.07537107152485639,0.95,CRITICAL,Previous academic failures | Low study time | Low first-period performance | Low second-period performance,HIGH,Immediate academic counselling required | Refer to remedial classes for failed courses | Assign structured study timetable and peer mentoring | Provide foundational revision sessions | Offer targeted tutoring for weak topics
GP,M,16,math,14,12,12,0,12.156286599099925,0.09,LOW,Previous academic failures | High social outings | Excessive free time,LOW,Refer to remedial classes for failed courses | Advise on time management and reduced social distractions | Recommend supervised study groups
GP,F,15,math,16,16,15,0,16.20610254692128,0.005,LOW,Low study time,LOW,Assign structured study timetable and peer mentoring
GP,M,15,math,7,9,0,1,2.205115084438404,0.87,CRITICAL,Low first-period performance | Low second-period performance | Poor family relationship,HIGH,Immediate academic counselling required | Provide foundational revision sessions | Offer targeted tutoring for weak topics | Suggest family engagement or counselling
GP,M,16,math,9,9,9,1,9.012720262834366,0.85,CRITICAL,Previous academic failures | High absenteeism | Low study time | Low first-period performance | Low second-period performance | Poor health | Poor family relationship,HIGH,Immediate academic counselling required | Refer to remedial classes for failed courses | Send attendance warning to student and guardian | Assign structured study timetable and peer mentoring | Provide foundational revision sessions | Offer targeted tutoring for weak topics | Recommend medical check-up and health support | Suggest family engagement or counselling
GP,F,15,math,9,11,11,0,10.310218945403028,0.065,LOW,Low first-period performance,LOW,Provide foundational revision sessions
GP,F,16,math,14,14,13,0,13.94919306905506,0.045,LOW,Low study time | High social outings | Alcohol consumption | Poor health | Excessive free time,LOW,Assign structured study timetable and peer mentoring | Advise on time management and reduced social distractions | Refer to wellness/counselling services | Recommend medical check-up and health support | Recommend supervised study groups
GP,M,17,math,5,0,0,1,-0.09157772629020389,0.96,CRITICAL,Previous academic failures | Low study time | Low first-period performance | Low second-period performance | High social outings | Excessive free time,HIGH,Immediate academic counselling required | Refer to remedial classes for failed courses | Assign structured study timetable and peer mentoring | Provide foundational revision sessions | Offer targeted tutoring for weak topics | Advise on time management and reduced social distractions | Recommend supervised study groups
GP,F,15,math,8,11,11,0,9.993442436693128,0.12,LOW,Low first-period performance | Excessive free time,LOW,Provide foundational revision sessions | Recommend supervised study groups
GP,F,15,math,6,7,0,1,1.5838783845650704,0.945,CRITICAL,Previous academic failures | Low first-period performance | Low second-period performance,HIGH,Immediate academic counselling required | Refer to remedial classes for failed courses | Provide foundational revision sessions | Offer targeted tutoring for weak topics
GP,F,15,math,10,11,11,0,10.436289649808625,0.05,LOW,No significant risk factors identified,LOW,Continue current academic progress monitoring
GP,M,16,math,7,6,0,1,0.9692637586384935,0.94,CRITICAL,Low study time | Low first-period performance | Low second-period performance,HIGH,Immediate academic counselling required | Assign structured study timetable and peer mentoring | Provide foundational revision sessions | Offer targeted tutoring for weak topics
GP,M,15,math,8,9,10,0,9.827560297178016,0.675,HIGH,Previous academic failures | Low study time | Low first-period performance | Low second-period performance | High social outings | Alcohol consumption | Excessive free time,MEDIUM,Schedule meeting with academic adviser | Refer to remedial classes for failed courses | Assign structured study timetable and peer mentoring | Provide foundational revision sessions | Offer targeted tutoring for weak topics | Advise on time management and reduced social distractions | Refer to wellness/counselling services | Recommend supervised study groups
GP,M,18,math,6,5,0,1,-0.06945584716650433,0.865,CRITICAL,Previous academic failures | Low study time | Low first-period performance | Low second-period performance | High social outings | Alcohol consumption | Poor family relationship,HIGH,Immediate academic counselling required | Refer to remedial classes for failed courses | Assign structured study timetable and peer mentoring | Provide foundational revision sessions | Offer targeted tutoring for weak topics | Advise on time management and reduced social distractions | Refer to wellness/counselling services | Suggest family engagement or counselling
GP,M,16,math,12,13,14,0,12.85276616737865,0.125,LOW,Previous academic failures | High absenteeism | Low study time | High social outings | Alcohol consumption | Excessive free time,LOW,Refer to remedial classes for failed courses | Send attendance warning to student and guardian | Assign structured study timetable and peer mentoring | Advise on time management and reduced social distractions | Refer to wellness/counselling services | Recommend supervised study groups
GP,F,15,math,10,10,10,0,9.84388171386192,0.085,LOW,Previous academic failures | High absenteeism,LOW,Refer to remedial classes for failed courses | Send attendance warning to student and guardian
GP,M,19,math,5,0,0,1,-0.2180948073239838,0.885,CRITICAL,Previous academic failures | Low study time | Low first-period performance | Low second-period performance | High social outings | Excessive free time,HIGH,Immediate academic counselling required | Refer to remedial classes for failed courses | Assign structured study timetable and peer mentoring | Provide foundational revision sessions | Offer targeted tutoring for weak topics | Advise on time management and reduced social distractions | Recommend supervised study groups
GP,F,17,math,11,11,12,0,10.99188582073559,0.065,LOW,Low study time,LOW,Assign structured study timetable and peer mentoring
GP,M,15,math,11,8,8,1,7.813369487179255,0.575,HIGH,Low second-period performance | High social outings | Poor health | Excessive free time,MEDIUM,Schedule meeting with academic adviser | Offer targeted tutoring for weak topics | Advise on time management and reduced social distractions | Recommend medical check-up and health support | Recommend supervised study groups
GP,M,17,math,16,12,13,0,12.829399577314538,0.02,LOW,High absenteeism | Low study time | Alcohol consumption | Poor family relationship,LOW,Send attendance warning to student and guardian | Assign structured study timetable and peer mentoring | Refer to wellness/counselling services | Suggest family engagement or counselling
GP,F,18,math,9,8,10,0,9.396630328692716,0.22,LOW,Previous academic failures | High absenteeism | Low study time | Low first-period performance | Low second-period performance | High social outings | Alcohol consumption,LOW,Refer to remedial classes for failed courses | Send attendance warning to student and guardian | Assign structured study timetable and peer mentoring | Provide foundational revision sessions | Offer targeted tutoring for weak topics | Advise on time management and reduced social distractions | Refer to wellness/counselling services
GP,M,16,math,17,15,15,0,15.387551153707024,0.015,LOW,Low study time,LOW,Assign structured study timetable and peer mentoring
GP,M,16,math,10,12,12,0,11.58625851997005,0.16,LOW,Previous academic failures | High social outings | Alcohol consumption | Excessive free time,LOW,Refer to remedial classes for failed courses | Advise on time management and reduced social distractions | Refer to wellness/counselling services | Recommend supervised study groups
GP,M,17,math,7,6,0,1,0.5697320003770757,0.875,CRITICAL,Previous academic failures | Low study time | Low first-period performance | Low second-period performance,HIGH,Immediate academic counselling required | Refer to remedial classes for failed courses | Assign structured study timetable and peer mentoring | Provide foundational revision sessions | Offer targeted tutoring for weak topics
GP,M,15,math,5,9,7,1,7.490272169470584,0.85,CRITICAL,Previous academic failures | High absenteeism | Low first-period performance | Low second-period performance | High social outings | Alcohol consumption | Excessive free time,HIGH,Immediate academic counselling required | Refer to remedial classes for failed courses | Send attendance warning to student and guardian | Provide foundational revision sessions | Offer targeted tutoring for weak topics | Advise on time management and reduced social distractions | Refer to wellness/counselling services | Recommend supervised study groups
GP,M,16,math,7,0,0,1,0.2329392937259572,0.92,CRITICAL,Previous academic failures | Low study time | Low first-period performance | Low second-period performance | High social outings | Alcohol consumption | Excessive free time,HIGH,Immediate academic counselling required | Refer to remedial classes for failed courses | Assign structured study timetable and peer mentoring | Provide foundational revision sessions | Offer targeted tutoring for weak topics | Advise on time management and reduced social distractions | Refer to wellness/counselling services | Recommend supervised study groups
GP,M,17,math,10,10,10,0,10.465410729781958,0.105,LOW,Low study time | Alcohol consumption | Poor health,LOW,Assign structured study timetable and peer mentoring | Refer to wellness/counselling services | Recommend medical check-up and health support
GP,M,17,math,5,8,7,1,6.92659933397217,0.78,CRITICAL,Previous academic failures | Low first-period performance | Low second-period performance | High social outings | Alcohol consumption,HIGH,Immediate academic counselling required | Refer to remedial classes for failed courses | Provide foundational revision sessions | Offer targeted tutoring for weak topics | Advise on time management and reduced social distractions | Refer to wellness/counselling services
GP,M,16,math,12,11,12,0,11.411309062207195,0.085,LOW,Previous academic failures | High absenteeism | Low study time | Poor health | Excessive free time,LOW,Refer to remedial classes for failed courses | Send attendance warning to student and guardian | Assign structured study timetable and peer mentoring | Recommend medical check-up and health support | Recommend supervised study groups
GP,M,16,math,10,10,10,0,10.344555702339289,0.085,LOW,High social outings | Alcohol consumption,LOW,Advise on time management and reduced social distractions | Refer to wellness/counselling services
GP,F,16,math,14,15,16,0,15.204727108751099,0.02,LOW,No significant risk factors identified,LOW,Continue current academic progress monitoring
GP,F,16,math,6,7,0,1,4.976573609088345,0.95,CRITICAL,Low first-period performance | Low second-period performance | High social outings,HIGH,Immediate academic counselling required | Provide foundational revision sessions | Offer targeted tutoring for weak topics | Advise on time management and reduced social distractions
GP,F,16,math,14,14,14,0,14.554894752342245,0.0,LOW,Excessive free time,LOW,Recommend supervised study groups
GP,M,16,math,6,5,0,1,0.5830896313252518,0.96,CRITICAL,Previous academic failures | Low study time | Low first-period performance | Low second-period performance | High social outings | Alcohol consumption | Poor health | Excessive free time,HIGH,Immediate academic counselling required | Refer to remedial classes for failed courses | Assign structured study timetable and peer mentoring | Provide foundational revision sessions | Offer targeted tutoring for weak topics | Advise on time management and reduced social distractions | Refer to wellness/counselling services | Recommend medical check-up and health support | Recommend supervised study groups
GP,M,16,math,13,15,16,0,15.220342670406668,0.005,LOW,No significant risk factors identified,LOW,Continue current academic progress monitoring
GP,M,17,math,13,11,10,0,10.638519114292182,0.02,LOW,High social outings | Excessive free time,LOW,Advise on time management and reduced social distractions | Recommend supervised study groups
GP,F,16,math,8,7,0,1,1.3627980722111448,0.97,CRITICAL,Previous academic failures | Low first-period performance | Low second-period performance | High social outings,HIGH,Immediate academic counselling required | Refer to remedial classes for failed courses | Provide foundational revision sessions | Offer targeted tutoring for weak topics | Advise on time management and reduced social distractions
GP,F,16,math,10,11,9,1,10.658131147102594,0.65,HIGH,High social outings | Excessive free time,MEDIUM,Schedule meeting with academic adviser | Advise on time management and reduced social distractions | Recommend supervised study groups
GP,M,17,math,10,9,9,1,9.464979338544564,0.405,MODERATE,Low second-period performance | High social outings | Alcohol consumption | Excessive free time,LOW,Offer targeted tutoring for weak topics | Advise on time management and reduced social distractions | Refer to wellness/counselling services | Recommend supervised study groups
GP,F,16,math,13,13,11,0,12.83872786039928,0.01,LOW,High social outings | Alcohol consumption | Excessive free time,LOW,Advise on time management and reduced social distractions | Refer to wellness/counselling services | Recommend supervised study groups
GP,M,17,math,6,5,6,1,6.097878706127659,0.945,CRITICAL,Low first-period performance | Low second-period performance | High social outings | Alcohol consumption,HIGH,Immediate academic counselling required | Provide foundational revision sessions | Offer targeted tutoring for weak topics | Advise on time management and reduced social distractions | Refer to wellness/counselling services
GP,M,16,math,10,8,9,1,8.360130117847515,0.805,CRITICAL,High absenteeism | Low study time | Low second-period performance | Alcohol consumption,HIGH,Immediate academic counselling required | Send attendance warning to student and guardian | Assign structured study timetable and peer mentoring | Offer targeted tutoring for weak topics | Refer to wellness/counselling services
GP,M,17,math,10,10,11,0,10.629368795882618,0.14,LOW,Poor health,LOW,Recommend medical check-up and health support
GP,M,16,math,9,8,8,1,7.565722226778224,0.865,CRITICAL,High absenteeism | Low first-period performance | Low second-period performance | Excessive free time,HIGH,Immediate academic counselling required | Send attendance warning to student and guardian | Provide foundational revision sessions | Offer targeted tutoring for weak topics | Recommend supervised study groups
GP,M,16,math,12,13,12,0,13.006957598227523,0.0,LOW,No significant risk factors identified,LOW,Continue current academic progress monitoring
GP,F,17,math,16,17,17,0,17.153347855938,0.005,LOW,Excessive free time,LOW,Recommend supervised study groups
GP,F,17,math,9,9,8,1,8.222885060262346,0.835,CRITICAL,High absenteeism | Low first-period performance | Low second-period performance | Poor health,HIGH,Immediate academic counselling required | Send attendance warning to student and guardian | Provide foundational revision sessions | Offer targeted tutoring for weak topics | Recommend medical check-up and health support
GP,F,16,math,12,13,12,0,12.020260573747274,0.045,LOW,High absenteeism | Poor health | Poor family relationship,LOW,Send attendance warning to student and guardian | Recommend medical check-up and health support | Suggest family engagement or counselling
GP,M,17,math,12,12,11,0,12.279139628138363,0.02,LOW,High absenteeism | High social outings,LOW,Send attendance warning to student and guardian | Advise on time management and reduced social distractions
GP,M,16,math,11,12,11,0,11.683854133322649,0.03,LOW,Low study time,LOW,Assign structured study timetable and peer mentoring
GP,M,16,math,15,15,15,0,15.375147273065252,0.02,LOW,No significant risk factors identified,LOW,Continue current academic progress monitoring
GP,F,17,math,8,7,9,1,8.304578813923884,0.81,CRITICAL,High absenteeism | Low first-period performance | Low second-period performance,HIGH,Immediate academic counselling required | Send attendance warning to student and guardian | Provide foundational revision sessions | Offer targeted tutoring for weak topics
GP,M,17,math,8,9,10,0,9.614465229867909,0.45,MODERATE,Low first-period performance | Low second-period performance | Alcohol consumption,LOW,Provide foundational revision sessions | Offer targeted tutoring for weak topics | Refer to wellness/counselling services
GP,F,16,math,11,12,13,0,12.237484424114005,0.005,LOW,High absenteeism | Poor health,LOW,Send attendance warning to student and guardian | Recommend medical check-up and health support
GP,F,17,math,8,8,9,1,6.468940677383582,0.91,CRITICAL,Low first-period performance | Low second-period performance,HIGH,Immediate academic counselling required | Provide foundational revision sessions | Offer targeted tutoring for weak topics
GP,M,17,math,7,8,8,1,7.858745122390122,0.7,CRITICAL,High absenteeism | Low first-period performance | Low second-period performance | High social outings | Alcohol consumption | Excessive free time,HIGH,Immediate academic counselling required | Send attendance warning to student and guardian | Provide foundational revision sessions | Offer targeted tutoring for weak topics | Advise on time management and reduced social distractions | Refer to wellness/counselling services | Recommend supervised study groups
GP,M,16,math,8,9,10,0,9.509409597292358,0.6,HIGH,High absenteeism | Low study time | Low first-period performance | Low second-period performance | Alcohol consumption,MEDIUM,Schedule meeting with academic adviser | Send attendance warning to student and guardian | Assign structured study timetable and peer mentoring | Provide foundational revision sessions | Offer targeted tutoring for weak topics | Refer to wellness/counselling services
GP,M,16,math,13,14,14,0,14.56508127611827,0.005,LOW,Low study time,LOW,Assign structured study timetable and peer mentoring
GP,F,17,math,14,15,15,0,14.901437189564499,0.01,LOW,No significant risk factors identified,LOW,Continue current academic progress monitoring
GP,M,17,math,17,15,16,0,16.019221451669928,0.0,LOW,Low study time,LOW,Assign structured study timetable and peer mentoring
GP,M,16,math,9,9,10,0,9.398304737750438,0.51,HIGH,High absenteeism | Low study time | Low first-period performance | Low second-period performance | High social outings | Alcohol consumption,MEDIUM,Schedule meeting with academic adviser | Send attendance warning to student and guardian | Assign structured study timetable and peer mentoring | Provide foundational revision sessions | Offer targeted tutoring for weak topics | Advise on time management and reduced social distractions | Refer to wellness/counselling services
GP,F,17,math,18,18,18,0,18.261988852410195,0.085,LOW,Previous academic failures | High absenteeism | Low study time | High social outings | Poor health,LOW,Refer to remedial classes for failed courses | Send attendance warning to student and guardian | Assign structured study timetable and peer mentoring | Advise on time management and reduced social distractions | Recommend medical check-up and health support
GP,F,16,math,9,9,10,0,7.168803332620876,0.215,LOW,Low first-period performance | Low second-period performance | Excessive free time,LOW,Provide foundational revision sessions | Offer targeted tutoring for weak topics | Recommend supervised study groups
GP,F,16,math,16,16,16,0,16.278639159628586,0.01,LOW,High social outings | Alcohol consumption | Poor health,LOW,Advise on time management and reduced social distractions | Refer to wellness/counselling services | Recommend medical check-up and health support
GP,F,16,math,8,10,10,0,9.816214945064726,0.29,LOW,High absenteeism | Low first-period performance | Excessive free time,LOW,Send attendance warning to student and guardian | Provide foundational revision sessions | Recommend supervised study groups
GP,F,17,math,9,9,10,0,9.152805056269532,0.155,LOW,Low first-period performance | Low second-period performance | High social outings | Poor health | Excessive free time,LOW,Provide foundational revision sessions | Offer targeted tutoring for weak topics | Advise on time management and reduced social distractions | Recommend medical check-up and health support | Recommend supervised study groups
GP,F,17,math,7,6,6,1,6.509274430049039,0.95,CRITICAL,High absenteeism | Low study time | Low first-period performance | Low second-period performance,HIGH,Immediate academic counselling required | Send attendance warning to student and guardian | Assign structured study timetable and peer mentoring | Provide foundational revision sessions | Offer targeted tutoring for weak topics
GP,F,16,math,10,10,11,0,9.875483840858596,0.1,LOW,High absenteeism | High social outings,LOW,Send attendance warning to student and guardian | Advise on time management and reduced social distractions
GP,F,17,math,10,9,9,1,8.863707217500911,0.795,CRITICAL,Previous academic failures | High absenteeism | Low second-period performance | Alcohol consumption | Excessive free time,HIGH,Immediate academic counselling required | Refer to remedial classes for failed courses | Send attendance warning to student and guardian | Offer targeted tutoring for weak topics | Refer to wellness/counselling services | Recommend supervised study groups
GP,F,16,math,7,7,7,1,7.278450038048445,0.915,CRITICAL,Previous academic failures | Low first-period performance | Low second-period performance | Poor family relationship,HIGH,Immediate academic counselling required | Refer to remedial classes for failed courses | Provide foundational revision sessions | Offer targeted tutoring for weak topics | Suggest family engagement or counselling
GP,F,16,math,11,12,13,0,12.102347453579583,0.03,LOW,High absenteeism | Poor health | Poor family relationship,LOW,Send attendance warning to student and guardian | Recommend medical check-up and health support | Suggest family engagement or counselling
GP,F,16,math,9,9,10,0,8.812170122617655,0.11,LOW,High absenteeism | Low study time | Low first-period performance | Low second-period performance | Alcohol consumption,LOW,Send attendance warning to student and guardian | Assign structured study timetable and peer mentoring | Provide foundational revision sessions | Offer targeted tutoring for weak topics | Refer to wellness/counselling services
GP,F,17,math,7,7,7,1,8.174768513445413,0.92,CRITICAL,High absenteeism | Low first-period performance | Low second-period performance | Excessive free time,HIGH,Immediate academic counselling required | Send attendance warning to student and guardian | Provide foundational revision sessions | Offer targeted tutoring for weak topics | Recommend supervised study groups
GP,F,19,math,8,8,8,1,6.950384219122598,0.91,CRITICAL,High absenteeism | Low first-period performance | Low second-period performance,HIGH,Immediate academic counselling required | Send attendance warning to student and guardian | Provide foundational revision sessions | Offer targeted tutoring for weak topics
GP,M,17,math,12,12,13,0,12.32304866544389,0.02,LOW,High absenteeism | High social outings | Alcohol consumption,LOW,Send attendance warning to student and guardian | Advise on time management and reduced social distractions | Refer to wellness/counselling services
GP,F,16,math,12,13,14,0,13.23696094787857,0.035,LOW,High social outings,LOW,Advise on time management and reduced social distractions
GP,M,18,math,6,7,8,1,6.005108714094822,0.965,CRITICAL,Previous academic failures | High absenteeism | Low first-period performance | Low second-period performance | High social outings | Alcohol consumption | Excessive free time,HIGH,Immediate academic counselling required | Refer to remedial classes for failed courses | Send attendance warning to student and guardian | Provide foundational revision sessions | Offer targeted tutoring for weak topics | Advise on time management and reduced social distractions | Refer to wellness/counselling services | Recommend supervised study groups
GP,F,17,math,8,10,10,0,9.620833740795462,0.125,LOW,High absenteeism | Low study time | Low first-period performance,LOW,Send attendance warning to student and guardian | Assign structured study timetable and peer mentoring | Provide foundational revision sessions
GP,F,17,math,14,15,15,0,15.110207458776111,0.03,LOW,High social outings | Poor health | Excessive free time,LOW,Advise on time management and reduced social distractions | Recommend medical check-up and health support | Recommend supervised study groups
GP,F,17,math,6,6,4,1,4.758586527584007,0.855,CRITICAL,Previous academic failures | High absenteeism | Low first-period performance | Low second-period performance | High social outings | Alcohol consumption | Poor health | Excessive free time,HIGH,Immediate academic counselling required | Refer to remedial classes for failed courses | Send attendance warning to student and guardian | Provide foundational revision sessions | Offer targeted tutoring for weak topics | Advise on time management and reduced social distractions | Refer to wellness/counselling services | Recommend medical check-up and health support | Recommend supervised study groups
GP,M,18,math,6,6,8,1,6.632697623575716,0.96,CRITICAL,Previous academic failures | High absenteeism | Low first-period performance | Low second-period performance | High social outings | Alcohol consumption,HIGH,Immediate academic counselling required | Refer to remedial classes for failed courses | Send attendance warning to student and guardian | Provide foundational revision sessions | Offer targeted tutoring for weak topics | Advise on time management and reduced social distractions | Refer to wellness/counselling services
GP,F,17,math,7,7,8,1,7.174753687529227,0.89,CRITICAL,Low study time | Low first-period performance | Low second-period performance | Alcohol consumption,HIGH,Immediate academic counselling required | Assign structured study timetable and peer mentoring | Provide foundational revision sessions | Offer targeted tutoring for weak topics | Refer to wellness/counselling services
GP,F,17,math,9,10,10,0,9.354691598511092,0.12,LOW,Low first-period performance,LOW,Provide foundational revision sessions
GP,F,17,math,6,6,6,1,6.426059318926825,0.815,CRITICAL,Low first-period performance | Low second-period performance | High social outings,HIGH,Immediate academic counselling required | Provide foundational revision sessions | Offer targeted tutoring for weak topics | Advise on time management and reduced social distractions
GP,F,17,math,6,5,0,1,0.2495525757996204,0.97,CRITICAL,Previous academic failures | Low first-period performance | Low second-period performance | High social outings,HIGH,Immediate academic counselling required | Refer to remedial classes for failed courses | Provide foundational revision sessions | Offer targeted tutoring for weak topics | Advise on time management and reduced social distractions
GP,F,16,math,16,16,17,0,16.181663265769938,0.03,LOW,Poor family relationship,LOW,Suggest family engagement or counselling
GP,M,18,math,12,13,13,0,12.80313530289812,0.025,LOW,Alcohol consumption,LOW,Refer to wellness/counselling services
GP,F,16,math,13,13,14,0,12.96402912336348,0.01,LOW,No significant risk factors identified,LOW,Continue current academic progress monitoring
GP,F,18,math,9,8,7,1,7.411618732250903,0.88,CRITICAL,Previous academic failures | High absenteeism | Low first-period performance | Low second-period performance,HIGH,Immediate academic counselling required | Refer to remedial classes for failed courses | Send attendance warning to student and guardian | Provide foundational revision sessions | Offer targeted tutoring for weak topics
GP,F,17,math,16,15,15,0,15.750682957368097,0.01,LOW,High absenteeism | High social outings,LOW,Send attendance warning to student and guardian | Advise on time management and reduced social distractions
GP,M,17,math,12,11,12,0,11.333921043093051,0.005,LOW,No significant risk factors identified,LOW,Continue current academic progress monitoring
GP,M,18,math,10,8,9,1,8.732721020037795,0.79,CRITICAL,High absenteeism | Low second-period performance | Alcohol consumption,HIGH,Immediate academic counselling required | Send attendance warning to student and guardian | Offer targeted tutoring for weak topics | Refer to wellness/counselling services
GP,F,17,math,12,10,12,0,10.681745031734689,0.045,LOW,High absenteeism,LOW,Send attendance warning to student and guardian
GP,F,17,math,13,13,14,0,13.284752250315297,0.02,LOW,High absenteeism,LOW,Send attendance warning to student and guardian
GP,M,17,math,11,11,11,0,10.7716208355006,0.0,LOW,Poor health | Excessive free time,LOW,Recommend medical check-up and health support | Recommend supervised study groups
GP,M,17,math,11,9,9,1,9.282426572169097,0.805,CRITICAL,High absenteeism | Low second-period performance | High social outings | Poor health | Excessive free time,HIGH,Immediate academic counselling required | Send attendance warning to student and guardian | Offer targeted tutoring for weak topics | Advise on time management and reduced social distractions | Recommend medical check-up and health support | Recommend supervised study groups
GP,M,16,math,14,13,13,0,13.157245696107228,0.03,LOW,High social outings | Alcohol consumption | Poor health,LOW,Advise on time management and reduced social distractions | Refer to wellness/counselling services | Recommend medical check-up and health support
GP,M,16,math,9,7,6,1,6.837587278674892,0.71,CRITICAL,High absenteeism | Low first-period performance | Low second-period performance | Excessive free time,HIGH,Immediate academic counselling required | Send attendance warning to student and guardian | Provide foundational revision sessions | Offer targeted tutoring for weak topics | Recommend supervised study groups
GP,M,16,math,11,9,10,0,9.900073488509603,0.13,LOW,High absenteeism | Low second-period performance | Poor health,LOW,Send attendance warning to student and guardian | Offer targeted tutoring for weak topics | Recommend medical check-up and health support
GP,M,17,math,14,13,13,0,13.242705875414023,0.0,LOW,Alcohol consumption | Excessive free time,LOW,Refer to wellness/counselling services | Recommend supervised study groups
GP,F,16,math,13,12,12,0,11.814126840394339,0.095,LOW,High absenteeism | Low study time | Excessive free time,LOW,Send attendance warning to student and guardian | Assign structured study timetable and peer mentoring | Recommend supervised study groups
GP,F,17,math,13,11,11,0,10.929000135467767,0.11,LOW,Poor family relationship,LOW,Suggest family engagement or counselling
GP,M,18,math,7,7,0,1,1.3215112152519222,0.94,CRITICAL,Previous academic failures | Low first-period performance | Low second-period performance | High social outings | Alcohol consumption | Poor health | Excessive free time,HIGH,Immediate academic counselling required | Refer to remedial classes for failed courses | Provide foundational revision sessions | Offer targeted tutoring for weak topics | Advise on time management and reduced social distractions | Refer to wellness/counselling services | Recommend medical check-up and health support | Recommend supervised study groups
GP,M,17,math,12,12,12,0,12.066780615217155,0.07,LOW,High absenteeism | High social outings | Alcohol consumption | Poor family relationship | Excessive free time,LOW,Send attendance warning to student and guardian | Advise on time management and reduced social distractions | Refer to wellness/counselling services | Suggest family engagement or counselling | Recommend supervised study groups
GP,M,17,math,10,11,12,0,10.747812880651086,0.055,LOW,No significant risk factors identified,LOW,Continue current academic progress monitoring
GP,M,16,math,6,0,0,1,0.39147049671759043,0.94,CRITICAL,Low study time | Low first-period performance | Low second-period performance | High social outings | Excessive free time,HIGH,Immediate academic counselling required | Assign structured study timetable and peer mentoring | Provide foundational revision sessions | Offer targeted tutoring for weak topics | Advise on time management and reduced social distractions | Recommend supervised study groups
GP,M,16,math,13,12,12,0,12.36146578882741,0.005,LOW,Low study time,LOW,Assign structured study timetable and peer mentoring
GP,F,18,math,7,0,0,1,-0.5745082501159606,0.845,CRITICAL,Low first-period performance | Low second-period performance | High social outings | Excessive free time,HIGH,Immediate academic counselling required | Provide foundational revision sessions | Offer targeted tutoring for weak topics | Advise on time management and reduced social distractions | Recommend supervised study groups
GP,M,16,math,18,18,18,0,18.048750791148088,0.005,LOW,High absenteeism | Low study time,LOW,Send attendance warning to student and guardian | Assign structured study timetable and peer mentoring
GP,M,17,math,12,12,13,0,12.820453656978323,0.005,LOW,Low study time | Poor health,LOW,Assign structured study timetable and peer mentoring | Recommend medical check-up and health support
GP,M,22,math,6,8,8,1,5.093555834239978,0.955,CRITICAL,Previous academic failures | High absenteeism | Low study time | Low first-period performance | Low second-period performance | High social outings | Alcohol consumption | Poor health | Excessive free time,HIGH,Immediate academic counselling required | Refer to remedial classes for failed courses | Send attendance warning to student and guardian | Assign structured study timetable and peer mentoring | Provide foundational revision sessions | Offer targeted tutoring for weak topics | Advise on time management and reduced social distractions | Refer to wellness/counselling services | Recommend medical check-up and health support | Recommend supervised study groups
GP,M,18,math,3,5,5,1,5.2619885806515905,0.94,CRITICAL,Previous academic failures | High absenteeism | Low first-period performance | Low second-period performance,HIGH,Immediate academic counselling required | Refer to remedial classes for failed courses | Send attendance warning to student and guardian | Provide foundational revision sessions | Offer targeted tutoring for weak topics
GP,M,16,math,13,15,15,0,15.006656564491642,0.01,LOW,Low study time | Alcohol consumption,LOW,Assign structured study timetable and peer mentoring | Refer to wellness/counselling services
GP,M,18,math,6,8,8,1,6.068954581027211,0.975,CRITICAL,Previous academic failures | Low study time | Low first-period performance | Low second-period performance | High social outings | Alcohol consumption | Excessive free time,HIGH,Immediate academic counselling required | Refer to remedial classes for failed courses | Assign structured study timetable and peer mentoring | Provide foundational revision sessions | Offer targeted tutoring for weak topics | Advise on time management and reduced social distractions | Refer to wellness/counselling services | Recommend supervised study groups
GP,M,16,math,7,10,10,0,9.673828273018078,0.11,LOW,High absenteeism | Low first-period performance | Poor health,LOW,Send attendance warning to student and guardian | Provide foundational revision sessions | Recommend medical check-up and health support
GP,M,18,math,6,9,8,1,8.040177749907345,0.925,CRITICAL,Previous academic failures | Low study time | Low first-period performance | Low second-period performance | High social outings | Alcohol consumption,HIGH,Immediate academic counselling required | Refer to remedial classes for failed courses | Assign structured study timetable and peer mentoring | Provide foundational revision sessions | Offer targeted tutoring for weak topics | Advise on time management and reduced social distractions | Refer to wellness/counselling services
GP,M,16,math,8,9,8,1,7.437490526193143,0.775,CRITICAL,Low study time | Low first-period performance | Low second-period performance,HIGH,Immediate academic counselling required | Assign structured study timetable and peer mentoring | Provide foundational revision sessions | Offer targeted tutoring for weak topics
GP,M,17,math,8,12,12,0,11.44386195801029,0.1,LOW,Low study time | Low first-period performance | Alcohol consumption | Excessive free time,LOW,Assign structured study timetable and peer mentoring | Provide foundational revision sessions | Refer to wellness/counselling services | Recommend supervised study groups
GP,M,17,math,7,9,8,1,8.475767487283278,0.9,CRITICAL,Previous academic failures | Low study time | Low first-period performance | Low second-period performance | High social outings | Excessive free time,HIGH,Immediate academic counselling required | Refer to remedial classes for failed courses | Assign structured study timetable and peer mentoring | Provide foundational revision sessions | Offer targeted tutoring for weak topics | Advise on time management and reduced social distractions | Recommend supervised study groups
GP,F,17,math,14,12,13,0,12.71501788483071,0.015,LOW,High absenteeism,LOW,Send attendance warning to student and guardian
GP,M,19,math,11,11,11,0,11.184744787207691,0.07,LOW,High absenteeism | Poor health,LOW,Send attendance warning to student and guardian | Recommend medical check-up and health support
GP,M,18,math,15,14,14,0,14.727635829128713,0.015,LOW,High absenteeism | High social outings,LOW,Send attendance warning to student and guardian | Advise on time management and reduced social distractions
GP,F,17,math,10,9,0,1,3.231622716495171,0.77,CRITICAL,Low second-period performance | Poor health | Excessive free time,HIGH,Immediate academic counselling required | Offer targeted tutoring for weak topics | Recommend medical check-up and health support | Recommend supervised study groups
GP,F,18,math,17,18,18,0,18.931580619294497,0.045,LOW,High absenteeism | Poor health,LOW,Send attendance warning to student and guardian | Recommend medical check-up and health support
GP,M,18,math,8,8,8,1,8.505592857873555,0.865,CRITICAL,Low first-period performance | Low second-period performance,HIGH,Immediate academic counselling required | Provide foundational revision sessions | Offer targeted tutoring for weak topics
GP,M,18,math,13,12,12,0,12.421727802983288,0.015,LOW,No significant risk factors identified,LOW,Continue current academic progress monitoring
GP,F,17,math,10,9,9,1,9.307991464150481,0.45,MODERATE,Low second-period performance,LOW,Offer targeted tutoring for weak topics
GP,F,18,math,9,10,0,1,6.327584799433856,0.685,HIGH,Low first-period performance,MEDIUM,Schedule meeting with academic adviser | Provide foundational revision sessions
GP,M,18,math,17,17,17,0,17.43640882036504,0.02,LOW,High absenteeism | High social outings | Alcohol consumption | Poor health,LOW,Send attendance warning to student and guardian | Advise on time management and reduced social distractions | Refer to wellness/counselling services | Recommend medical check-up and health support
GP,M,17,math,9,9,10,0,9.336833515690126,0.2,LOW,Low first-period performance | Low second-period performance | High social outings | Alcohol consumption | Excessive free time,LOW,Provide foundational revision sessions | Offer targeted tutoring for weak topics | Advise on time management and reduced social distractions | Refer to wellness/counselling services | Recommend supervised study groups
GP,F,18,math,12,10,11,0,10.520185365004284,0.035,LOW,High absenteeism | High social outings,LOW,Send attendance warning to student and guardian | Advise on time management and reduced social distractions
GP,M,18,math,10,9,10,0,9.576235824270881,0.24,LOW,High absenteeism | Low second-period performance | High social outings | Excessive free time,LOW,Send attendance warning to student and guardian | Offer targeted tutoring for weak topics | Advise on time management and reduced social distractions | Recommend supervised study groups
GP,F,18,math,6,0,0,1,-0.27151902880141315,0.765,CRITICAL,Low first-period performance | Low second-period performance | High social outings,HIGH,Immediate academic counselling required | Provide foundational revision sessions | Offer targeted tutoring for weak topics | Advise on time management and reduced social distractions
GP,F,19,math,9,9,9,1,8.976931623722798,0.69,HIGH,Previous academic failures | High absenteeism | Low first-period performance | Low second-period performance | High social outings | Alcohol consumption,MEDIUM,Schedule meeting with academic adviser | Refer to remedial classes for failed courses | Send attendance warning to student and guardian | Provide foundational revision sessions | Offer targeted tutoring for weak topics | Advise on time management and reduced social distractions | Refer to wellness/counselling services
GP,F,18,math,15,14,14,0,14.086683562172365,0.015,LOW,High social outings | Poor health | Excessive free time,LOW,Advise on time management and reduced social distractions | Recommend medical check-up and health support | Recommend supervised study groups
GP,F,18,math,11,11,11,0,10.877385427346818,0.035,LOW,Excessive free time,LOW,Recommend supervised study groups
GP,M,17,math,15,14,14,0,13.87832975806457,0.04,LOW,Poor health | Excessive free time,LOW,Recommend medical check-up and health support | Recommend supervised study groups
GP,F,17,math,10,10,10,0,9.628442871689991,0.06,LOW,Poor health,LOW,Recommend medical check-up and health support
GP,F,17,math,12,12,12,0,11.899741681013603,0.015,LOW,High absenteeism | High social outings | Excessive free time,LOW,Send attendance warning to student and guardian | Advise on time management and reduced social distractions | Recommend supervised study groups
GP,F,18,math,10,9,9,1,9.128275817059722,0.455,MODERATE,High absenteeism | Low second-period performance,LOW,Send attendance warning to student and guardian | Offer targeted tutoring for weak topics
GP,M,18,math,9,9,9,1,8.85342124162567,0.85,CRITICAL,High absenteeism | Low study time | Low first-period performance | Low second-period performance | High social outings | Alcohol consumption,HIGH,Immediate academic counselling required | Send attendance warning to student and guardian | Assign structured study timetable and peer mentoring | Provide foundational revision sessions | Offer targeted tutoring for weak topics | Advise on time management and reduced social distractions | Refer to wellness/counselling services
GP,F,18,math,9,8,8,1,7.458210691186268,0.935,CRITICAL,Previous academic failures | High absenteeism | Low first-period performance | Low second-period performance | High social outings | Poor family relationship | Excessive free time,HIGH,Immediate academic counselling required | Refer to remedial classes for failed courses | Send attendance warning to student and guardian | Provide foundational revision sessions | Offer targeted tutoring for weak topics | Advise on time management and reduced social distractions | Suggest family engagement or counselling | Recommend supervised study groups
GP,M,18,math,10,11,10,0,10.401492617684005,0.04,LOW,High absenteeism | Low study time | Poor health,LOW,Send attendance warning to student and guardian | Assign structured study timetable and peer mentoring | Recommend medical check-up and health support
GP,M,17,math,8,8,8,1,7.280527276899478,0.885,CRITICAL,High absenteeism | Low study time | Low first-period performance | Low second-period performance | High social outings | Alcohol consumption | Excessive free time,HIGH,Immediate academic counselling required | Send attendance warning to student and guardian | Assign structured study timetable and peer mentoring | Provide foundational revision sessions | Offer targeted tutoring for weak topics | Advise on time management and reduced social distractions | Refer to wellness/counselling services | Recommend supervised study groups
GP,M,17,math,11,9,10,0,9.274665594223954,0.145,LOW,Previous academic failures | High absenteeism | Low study time | Low second-period performance | High social outings | Alcohol consumption | Excessive free time,LOW,Refer to remedial classes for failed courses | Send attendance warning to student and guardian | Assign structured study timetable and peer mentoring | Offer targeted tutoring for weak topics | Advise on time management and reduced social distractions | Refer to wellness/counselling services | Recommend supervised study groups
GP,F,18,math,12,12,12,0,12.11884750727206,0.015,LOW,No significant risk factors identified,LOW,Continue current academic progress monitoring
GP,F,18,math,8,9,10,0,9.45851934958089,0.215,LOW,Low first-period performance | Low second-period performance | High social outings | Excessive free time,LOW,Provide foundational revision sessions | Offer targeted tutoring for weak topics | Advise on time management and reduced social distractions | Recommend supervised study groups
GP,F,17,math,10,9,11,0,9.857438806872779,0.485,MODERATE,Low second-period performance | High social outings | Excessive free time,LOW,Offer targeted tutoring for weak topics | Advise on time management and reduced social distractions | Recommend supervised study groups
GP,M,17,math,12,10,11,0,10.443359809932995,0.005,LOW,No significant risk factors identified,LOW,Continue current academic progress monitoring
GP,F,18,math,18,18,19,0,18.326705809924693,0.06,LOW,Poor health,LOW,Recommend medical check-up and health support
GP,F,17,math,13,12,12,0,12.229195350900758,0.01,LOW,High absenteeism,LOW,Send attendance warning to student and guardian
GP,M,18,math,15,14,14,0,14.361228875478057,0.04,LOW,High absenteeism | High social outings | Poor health,LOW,Send attendance warning to student and guardian | Advise on time management and reduced social distractions | Recommend medical check-up and health support
GP,M,18,math,15,13,15,0,13.634314585714845,0.0,LOW,High absenteeism | Poor health | Excessive free time,LOW,Send attendance warning to student and guardian | Recommend medical check-up and health support | Recommend supervised study groups
GP,M,18,math,12,11,11,0,10.854618961785896,0.03,LOW,High absenteeism | Alcohol consumption,LOW,Send attendance warning to student and guardian | Refer to wellness/counselling services
GP,F,17,math,15,15,15,0,15.171566309230121,0.0,LOW,No significant risk factors identified,LOW,Continue current academic progress monitoring
GP,F,18,math,12,12,13,0,12.207878823662641,0.04,LOW,Previous academic failures | High absenteeism | Excessive free time,LOW,Refer to remedial classes for failed courses | Send attendance warning to student and guardian | Recommend supervised study groups
GP,F,17,math,18,18,18,0,18.23433732023404,0.03,LOW,High absenteeism,LOW,Send attendance warning to student and guardian
GP,M,18,math,14,13,14,0,13.556967268797436,0.02,LOW,High absenteeism | Excessive free time,LOW,Send attendance warning to student and guardian | Recommend supervised study groups
GP,M,17,math,14,12,11,0,12.413016304923044,0.01,LOW,Low study time | Excessive free time,LOW,Assign structured study timetable and peer mentoring | Recommend supervised study groups
GP,F,19,math,10,9,0,1,7.039550550453909,0.825,CRITICAL,Low second-period performance | High social outings | Poor health | Poor family relationship,HIGH,Immediate academic counselling required | Offer targeted tutoring for weak topics | Advise on time management and reduced social distractions | Recommend medical check-up and health support | Suggest family engagement or counselling
GP,F,18,math,10,8,8,1,7.504577059296573,0.64,HIGH,High absenteeism | Low second-period performance | High social outings | Poor health | Excessive free time,MEDIUM,Schedule meeting with academic adviser | Send attendance warning to student and guardian | Offer targeted tutoring for weak topics | Advise on time management and reduced social distractions | Recommend medical check-up and health support | Recommend supervised study groups
GP,F,18,math,14,13,14,0,13.091250936722105,0.01,LOW,No significant risk factors identified,LOW,Continue current academic progress monitoring
GP,M,18,math,16,15,16,0,15.355003565911009,0.035,LOW,Low study time | Poor health | Poor family relationship | Excessive free time,LOW,Assign structured study timetable and peer mentoring | Recommend medical check-up and health support | Suggest family engagement or counselling | Recommend supervised study groups
GP,F,18,math,12,10,11,0,10.523705226835087,0.09,LOW,High absenteeism | High social outings,LOW,Send attendance warning to student and guardian | Advise on time management and reduced social distractions
GP,M,17,math,11,11,10,0,9.773010438097177,0.02,LOW,Low study time,LOW,Assign structured study timetable and peer mentoring
GP,F,17,math,15,12,14,0,12.492638771179603,0.0,LOW,No significant risk factors identified,LOW,Continue current academic progress monitoring
GP,F,17,math,17,17,18,0,17.30649880158764,0.01,LOW,No significant risk factors identified,LOW,Continue current academic progress monitoring
GP,M,19,math,15,14,13,0,13.78948305895771,0.175,LOW,Previous academic failures | High absenteeism | High social outings | Excessive free time,LOW,Refer to remedial classes for failed courses | Send attendance warning to student and guardian | Advise on time management and reduced social distractions | Recommend supervised study groups
GP,F,18,math,14,12,12,0,12.195596313056132,0.12,LOW,Previous academic failures | High absenteeism | Excessive free time,LOW,Refer to remedial classes for failed courses | Send attendance warning to student and guardian | Recommend supervised study groups
GP,M,20,math,17,18,18,0,17.645409000276413,0.015,LOW,Low study time | Excessive free time,LOW,Assign structured study timetable and peer mentoring | Recommend supervised study groups
GP,M,19,math,8,9,8,1,9.317097419428052,0.94,CRITICAL,Previous academic failures | High absenteeism | Low study time | Low first-period performance | Low second-period performance | High social outings,HIGH,Immediate academic counselling required | Refer to remedial classes for failed courses | Send attendance warning to student and guardian | Assign structured study timetable and peer mentoring | Provide foundational revision sessions | Offer targeted tutoring for weak topics | Advise on time management and reduced social distractions
GP,M,19,math,15,12,12,0,11.843583975304101,0.07,LOW,Previous academic failures | Excessive free time,LOW,Refer to remedial classes for failed courses | Recommend supervised study groups
GP,F,19,math,12,10,10,0,10.786513220994689,0.095,LOW,Previous academic failures | High absenteeism | Excessive free time,LOW,Refer to remedial classes for failed courses | Send attendance warning to student and guardian | Recommend supervised study groups
GP,F,19,math,9,9,0,1,6.496958007060929,0.89,CRITICAL,Previous academic failures | Low first-period performance | Low second-period performance | High social outings,HIGH,Immediate academic counselling required | Refer to remedial classes for failed courses | Provide foundational revision sessions | Offer targeted tutoring for weak topics | Advise on time management and reduced social distractions
GP,F,19,math,14,12,13,0,12.889106194622492,0.01,LOW,High absenteeism | Poor health | Excessive free time,LOW,Send attendance warning to student and guardian | Recommend medical check-up and health support | Recommend supervised study groups
GP,M,19,math,13,11,11,0,10.956341020417344,0.085,LOW,Previous academic failures | Excessive free time,LOW,Refer to remedial classes for failed courses | Recommend supervised study groups
GP,F,19,math,13,10,11,0,10.478505929813725,0.06,LOW,Previous academic failures | High absenteeism | Poor health,LOW,Refer to remedial classes for failed courses | Send attendance warning to student and guardian | Recommend medical check-up and health support
GP,F,19,math,15,13,13,0,13.287804688782893,0.05,LOW,Previous academic failures | High absenteeism,LOW,Refer to remedial classes for failed courses | Send attendance warning to student and guardian
GP,F,19,math,13,11,11,0,10.9324401116021,0.125,LOW,Previous academic failures | High absenteeism,LOW,Refer to remedial classes for failed courses | Send attendance warning to student and guardian
GP,F,18,math,8,8,0,1,4.878524045479255,0.92,CRITICAL,Low first-period performance | Low second-period performance | Poor health,HIGH,Immediate academic counselling required | Provide foundational revision sessions | Offer targeted tutoring for weak topics | Recommend medical check-up and health support
GP,F,18,math,9,10,9,1,9.459883691075612,0.75,CRITICAL,High absenteeism | Low first-period performance | High social outings,HIGH,Immediate academic counselling required | Send attendance warning to student and guardian | Provide foundational revision sessions | Advise on time management and reduced social distractions
GP,F,17,math,11,11,10,0,10.219948840468914,0.035,LOW,High social outings | Alcohol consumption,LOW,Advise on time management and reduced social distractions | Refer to wellness/counselling services
GP,F,18,math,11,11,11,0,11.089707966166138,0.06,LOW,High social outings | Alcohol consumption | Excessive free time,LOW,Advise on time management and reduced social distractions | Refer to wellness/counselling services | Recommend supervised study groups
GP,F,17,math,13,13,13,0,13.183648237276623,0.07,LOW,High absenteeism,LOW,Send attendance warning to student and guardian
GP,F,17,math,11,9,9,1,9.659238878774737,0.76,CRITICAL,High absenteeism | Low second-period performance,HIGH,Immediate academic counselling required | Send attendance warning to student and guardian | Offer targeted tutoring for weak topics
GP,F,17,math,11,11,11,0,10.550479948148052,0.01,LOW,No significant risk factors identified,LOW,Continue current academic progress monitoring
GP,F,17,math,12,14,15,0,14.366516902569238,0.01,LOW,Excessive free time,LOW,Recommend supervised study groups
GP,F,17,math,16,15,15,0,14.95733117644847,0.015,LOW,Poor health,LOW,Recommend medical check-up and health support
GP,M,18,math,9,12,11,0,11.98980528603873,0.075,LOW,Low first-period performance,LOW,Provide foundational revision sessions
GP,M,17,math,14,15,16,0,15.613982742515192,0.025,LOW,Low study time | High social outings | Alcohol consumption,LOW,Assign structured study timetable and peer mentoring | Advise on time management and reduced social distractions | Refer to wellness/counselling services
GP,M,17,math,11,10,10,0,10.229807598124806,0.035,LOW,High absenteeism | Low study time | High social outings | Alcohol consumption | Excessive free time,LOW,Send attendance warning to student and guardian | Assign structured study timetable and peer mentoring | Advise on time management and reduced social distractions | Refer to wellness/counselling services | Recommend supervised study groups
GP,F,17,math,10,9,9,1,9.752661164289172,0.82,CRITICAL,High absenteeism | Low second-period performance | High social outings | Excessive free time,HIGH,Immediate academic counselling required | Send attendance warning to student and guardian | Offer targeted tutoring for weak topics | Advise on time management and reduced social distractions | Recommend supervised study groups
GP,F,17,math,14,14,14,0,14.568438340161551,0.015,LOW,No significant risk factors identified,LOW,Continue current academic progress monitoring
GP,M,18,math,9,8,8,1,7.099653366787569,0.885,CRITICAL,Low first-period performance | Low second-period performance | High social outings | Alcohol consumption | Excessive free time,HIGH,Immediate academic counselling required | Provide foundational revision sessions | Offer targeted tutoring for weak topics | Advise on time management and reduced social distractions | Refer to wellness/counselling services | Recommend supervised study groups
GP,F,17,math,12,14,14,0,14.09999389352675,0.015,LOW,High absenteeism | Excessive free time,LOW,Send attendance warning to student and guardian | Recommend supervised study groups
GP,F,18,math,7,0,0,1,-0.052412198414630434,0.915,CRITICAL,Low first-period performance | Low second-period performance | High social outings,HIGH,Immediate academic counselling required | Provide foundational revision sessions | Offer targeted tutoring for weak topics | Advise on time management and reduced social distractions
GP,F,18,math,8,8,0,1,4.9661218482402605,0.885,CRITICAL,Low first-period performance | Low second-period performance | Poor health,HIGH,Immediate academic counselling required | Provide foundational revision sessions | Offer targeted tutoring for weak topics | Recommend medical check-up and health support
GP,F,18,math,10,9,0,1,4.752682127692987,0.765,CRITICAL,Low second-period performance | High social outings | Excessive free time,HIGH,Immediate academic counselling required | Offer targeted tutoring for weak topics | Advise on time management and reduced social distractions | Recommend supervised study groups
GP,F,17,math,16,15,15,0,15.591905039819663,0.03,LOW,High absenteeism | High social outings | Excessive free time,LOW,Send attendance warning to student and guardian | Advise on time management and reduced social distractions | Recommend supervised study groups
GP,F,19,math,14,13,13,0,13.277477350320844,0.035,LOW,Previous academic failures | High absenteeism | Excessive free time,LOW,Refer to remedial classes for failed courses | Send attendance warning to student and guardian | Recommend supervised study groups
GP,F,17,math,7,8,0,1,3.568769590723512,0.915,CRITICAL,Low first-period performance | Low second-period performance | Poor health,HIGH,Immediate academic counselling required | Provide foundational revision sessions | Offer targeted tutoring for weak topics | Recommend medical check-up and health support
GP,F,18,math,16,15,17,0,16.4562463027146,0.015,LOW,High absenteeism | Poor health,LOW,Send attendance warning to student and guardian | Recommend medical check-up and health support
GP,F,17,math,9,10,10,0,9.770376314288294,0.08,LOW,Low first-period performance | Poor health,LOW,Provide foundational revision sessions | Recommend medical check-up and health support
GP,F,19,math,11,12,11,0,11.427391860573643,0.135,LOW,Previous academic failures | High social outings,LOW,Refer to remedial classes for failed courses | Advise on time management and reduced social distractions
GP,M,18,math,10,10,0,1,4.449829266483395,0.67,HIGH,Previous academic failures | Poor health,MEDIUM,Schedule meeting with academic adviser | Refer to remedial classes for failed courses | Recommend medical check-up and health support
GP,M,18,math,16,15,15,0,15.352934446372053,0.005,LOW,High absenteeism,LOW,Send attendance warning to student and guardian
GP,F,17,math,9,8,0,1,3.0762879808731043,0.855,CRITICAL,Previous academic failures | Low first-period performance | Low second-period performance,HIGH,Immediate academic counselling required | Refer to remedial classes for failed courses | Provide foundational revision sessions | Offer targeted tutoring for weak topics
GP,F,18,math,11,10,10,0,10.301784281285999,0.03,LOW,No significant risk factors identified,LOW,Continue current academic progress monitoring
GP,F,18,math,13,13,14,0,13.584671131987369,0.01,LOW,High absenteeism | Poor health | Excessive free time,LOW,Send attendance warning to student and guardian | Recommend medical check-up and health support | Recommend supervised study groups
GP,M,18,math,16,15,16,0,16.293836712009515,0.03,LOW,High absenteeism,LOW,Send attendance warning to student and guardian
GP,M,18,math,10,10,9,1,9.440396840677648,0.22,LOW,High social outings | Excessive free time,LOW,Advise on time management and reduced social distractions | Recommend supervised study groups
GP,F,17,math,13,15,15,0,14.698442852717271,0.02,LOW,Excessive free time,LOW,Recommend supervised study groups
MS,M,18,math,11,13,13,0,12.74972983189192,0.065,LOW,Previous academic failures | High absenteeism | Low study time | High social outings | Alcohol consumption | Poor family relationship | Excessive free time,LOW,Refer to remedial classes for failed courses | Send attendance warning to student and guardian | Assign structured study timetable and peer mentoring | Advise on time management and reduced social distractions | Refer to wellness/counselling services | Suggest family engagement or counselling | Recommend supervised study groups
MS,M,19,math,8,7,8,1,7.716718578850717,0.895,CRITICAL,Previous academic failures | High absenteeism | Low first-period performance | Low second-period performance | High social outings | Alcohol consumption | Poor health | Excessive free time,HIGH,Immediate academic counselling required | Refer to remedial classes for failed courses | Send attendance warning to student and guardian | Provide foundational revision sessions | Offer targeted tutoring for weak topics | Advise on time management and reduced social distractions | Refer to wellness/counselling services | Recommend medical check-up and health support | Recommend supervised study groups
MS,M,17,math,13,13,13,0,13.077024381534267,0.025,LOW,High social outings | Excessive free time,LOW,Advise on time management and reduced social distractions | Recommend supervised study groups
MS,M,18,math,8,7,8,1,7.364503414160057,0.945,CRITICAL,Previous academic failures | High absenteeism | Low study time | Low first-period performance | Low second-period performance,HIGH,Immediate academic counselling required | Refer to remedial classes for failed courses | Send attendance warning to student and guardian | Assign structured study timetable and peer mentoring | Provide foundational revision sessions | Offer targeted tutoring for weak topics
MS,M,19,math,8,8,8,1,8.36074566752488,0.855,CRITICAL,Previous academic failures | Low study time | Low first-period performance | Low second-period performance | High social outings | Alcohol consumption | Excessive free time,HIGH,Immediate academic counselling required | Refer to remedial classes for failed courses | Assign structured study timetable and peer mentoring | Provide foundational revision sessions | Offer targeted tutoring for weak topics | Advise on time management and reduced social distractions | Refer to wellness/counselling services | Recommend supervised study groups
MS,M,17,math,13,11,11,0,10.860163968989132,0.02,LOW,High social outings | Poor health | Excessive free time,LOW,Advise on time management and reduced social distractions | Recommend medical check-up and health support | Recommend supervised study groups
MS,F,18,math,10,9,9,1,8.011663663396702,0.755,CRITICAL,Low second-period performance | High social outings,HIGH,Immediate academic counselling required | Offer targeted tutoring for weak topics | Advise on time management and reduced social distractions
MS,F,17,math,12,13,13,0,12.815720461753806,0.015,LOW,No significant risk factors identified,LOW,Continue current academic progress monitoring
MS,F,17,math,12,12,11,0,12.289797996034695,0.07,LOW,Poor family relationship,LOW,Suggest family engagement or counselling
MS,M,18,math,10,10,10,0,9.799923173985539,0.11,LOW,Low study time,LOW,Assign structured study timetable and peer mentoring
MS,F,18,math,18,16,16,0,16.341186596410108,0.07,LOW,No significant risk factors identified,LOW,Continue current academic progress monitoring
MS,F,18,math,13,13,13,0,12.714259571463394,0.135,LOW,High social outings | Alcohol consumption,LOW,Advise on time management and reduced social distractions | Refer to wellness/counselling services
MS,M,18,math,13,12,12,0,12.19387421724512,0.06,LOW,Previous academic failures | Excessive free time,LOW,Refer to remedial classes for failed courses | Recommend supervised study groups
MS,F,18,math,11,11,10,0,10.861610300259397,0.01,LOW,No significant risk factors identified,LOW,Continue current academic progress monitoring
MS,F,17,math,16,15,15,0,14.889327331709723,0.045,LOW,High social outings | Poor health | Poor family relationship,LOW,Advise on time management and reduced social distractions | Recommend medical check-up and health support | Suggest family engagement or counselling
MS,F,17,math,12,11,12,0,11.09908112629288,0.02,LOW,No significant risk factors identified,LOW,Continue current academic progress monitoring
MS,M,18,math,10,10,10,0,9.902440748622583,0.145,LOW,High social outings | Alcohol consumption,LOW,Advise on time management and reduced social distractions | Refer to wellness/counselling services
MS,M,18,math,13,13,13,0,12.518833422111765,0.015,LOW,No significant risk factors identified,LOW,Continue current academic progress monitoring
MS,F,17,math,7,6,0,1,0.27524731891990994,0.915,CRITICAL,Previous academic failures | Low study time | Low first-period performance | Low second-period performance | Poor health,HIGH,Immediate academic counselling required | Refer to remedial classes for failed courses | Assign structured study timetable and peer mentoring | Provide foundational revision sessions | Offer targeted tutoring for weak topics | Recommend medical check-up and health support
MS,F,18,math,11,10,10,0,9.861816533713634,0.04,LOW,Low study time,LOW,Assign structured study timetable and peer mentoring
MS,F,18,math,14,12,11,0,12.152058638263657,0.12,LOW,High absenteeism | Alcohol consumption,LOW,Send attendance warning to student and guardian | Refer to wellness/counselling services
MS,F,19,math,7,7,9,1,7.840119650688983,0.93,CRITICAL,Previous academic failures | Low first-period performance | Low second-period performance,HIGH,Immediate academic counselling required | Refer to remedial classes for failed courses | Provide foundational revision sessions | Offer targeted tutoring for weak topics
MS,M,18,math,14,12,12,0,11.860074538881035,0.1,LOW,Low study time,LOW,Assign structured study timetable and peer mentoring
MS,F,17,math,13,11,11,0,10.901093783642594,0.025,LOW,High absenteeism | Excessive free time,LOW,Send attendance warning to student and guardian | Recommend supervised study groups
MS,F,17,math,6,5,5,1,5.7226464518962015,0.95,CRITICAL,High absenteeism | Low study time | Low first-period performance | Low second-period performance | High social outings | Poor health | Excessive free time,HIGH,Immediate academic counselling required | Send attendance warning to student and guardian | Assign structured study timetable and peer mentoring | Provide foundational revision sessions | Offer targeted tutoring for weak topics | Advise on time management and reduced social distractions | Recommend medical check-up and health support | Recommend supervised study groups
MS,F,18,math,19,18,19,0,18.78061663105697,0.01,LOW,High social outings | Poor health | Excessive free time,LOW,Advise on time management and reduced social distractions | Recommend medical check-up and health support | Recommend supervised study groups
MS,F,18,math,8,8,10,0,9.33768970102755,0.27,LOW,Low first-period performance | Low second-period performance,LOW,Provide foundational revision sessions | Offer targeted tutoring for weak topics
MS,F,20,math,15,14,15,0,14.85151125565019,0.04,LOW,Previous academic failures | Excessive free time,LOW,Refer to remedial classes for failed courses | Recommend supervised study groups
MS,F,18,math,8,9,10,0,9.129648242179265,0.25,LOW,Low first-period performance | Low second-period performance | Alcohol consumption | Poor health | Excessive free time,LOW,Provide foundational revision sessions | Offer targeted tutoring for weak topics | Refer to wellness/counselling services | Recommend medical check-up and health support | Recommend supervised study groups
MS,F,18,math,15,15,15,0,14.946550068133035,0.01,LOW,Poor health,LOW,Recommend medical check-up and health support
MS,F,17,math,10,10,10,0,9.727996119175788,0.115,LOW,High absenteeism | High social outings | Poor health | Excessive free time,LOW,Send attendance warning to student and guardian | Advise on time management and reduced social distractions | Recommend medical check-up and health support | Recommend supervised study groups
MS,M,18,math,15,14,14,0,14.38156074114364,0.02,LOW,High social outings | Alcohol consumption | Poor health,LOW,Advise on time management and reduced social distractions | Refer to wellness/counselling services | Recommend medical check-up and health support
MS,M,18,math,7,6,7,1,6.668243579992029,0.77,CRITICAL,Low study time | Low first-period performance | Low second-period performance | Excessive free time,HIGH,Immediate academic counselling required | Assign structured study timetable and peer mentoring | Provide foundational revision sessions | Offer targeted tutoring for weak topics | Recommend supervised study groups
MS,M,17,math,11,11,10,0,10.719211174616424,0.02,LOW,Excessive free time,LOW,Recommend supervised study groups
MS,M,19,math,6,5,0,1,-1.0612966444190688,0.82,CRITICAL,Previous academic failures | Low study time | Low first-period performance | Low second-period performance,HIGH,Immediate academic counselling required | Refer to remedial classes for failed courses | Assign structured study timetable and peer mentoring | Provide foundational revision sessions | Offer targeted tutoring for weak topics
MS,M,18,math,6,5,5,1,5.184519396371199,0.91,CRITICAL,Previous academic failures | High absenteeism | Low study time | Low first-period performance | Low second-period performance | Alcohol consumption | Excessive free time,HIGH,Immediate academic counselling required | Refer to remedial classes for failed courses | Send attendance warning to student and guardian | Assign structured study timetable and peer mentoring | Provide foundational revision sessions | Offer targeted tutoring for weak topics | Refer to wellness/counselling services | Recommend supervised study groups
MS,F,18,math,10,9,10,0,9.410190832312734,0.13,LOW,Low second-period performance,LOW,Offer targeted tutoring for weak topics
MS,F,18,math,6,5,6,1,5.98500973457831,0.91,CRITICAL,High absenteeism | Low study time | Low first-period performance | Low second-period performance | Excessive free time,HIGH,Immediate academic counselling required | Send attendance warning to student and guardian | Assign structured study timetable and peer mentoring | Provide foundational revision sessions | Offer targeted tutoring for weak topics | Recommend supervised study groups
MS,F,19,math,7,5,0,1,0.4356008824114378,0.855,CRITICAL,Previous academic failures | Low first-period performance | Low second-period performance | Excessive free time,HIGH,Immediate academic counselling required | Refer to remedial classes for failed courses | Provide foundational revision sessions | Offer targeted tutoring for weak topics | Recommend supervised study groups
MS,F,18,math,7,9,8,1,6.933293646575187,0.88,CRITICAL,Low first-period performance | Low second-period performance | High social outings | Poor health,HIGH,Immediate academic counselling required | Provide foundational revision sessions | Offer targeted tutoring for weak topics | Advise on time management and reduced social distractions | Recommend medical check-up and health support
MS,F,18,math,6,5,0,1,-0.4259720013715723,0.845,CRITICAL,Previous academic failures | Low first-period performance | Low second-period performance | Poor family relationship,HIGH,Immediate academic counselling required | Refer to remedial classes for failed courses | Provide foundational revision sessions | Offer targeted tutoring for weak topics | Suggest family engagement or counselling
MS,M,20,math,9,9,9,1,9.209811762401001,0.86,CRITICAL,Previous academic failures | High absenteeism | Low first-period performance | Low second-period performance | High social outings | Alcohol consumption | Excessive free time,HIGH,Immediate academic counselling required | Refer to remedial classes for failed courses | Send attendance warning to student and guardian | Provide foundational revision sessions | Offer targeted tutoring for weak topics | Advise on time management and reduced social distractions | Refer to wellness/counselling services | Recommend supervised study groups
MS,M,17,math,14,16,16,0,15.811404153391596,0.025,LOW,Low study time | High social outings | Alcohol consumption | Poor health | Poor family relationship | Excessive free time,LOW,Assign structured study timetable and peer mentoring | Advise on time management and reduced social distractions | Refer to wellness/counselling services | Recommend medical check-up and health support | Suggest family engagement or counselling | Recommend supervised study groups
MS,M,21,math,10,8,7,1,7.249202871111463,0.855,CRITICAL,Previous academic failures | Low study time | Low second-period performance | Alcohol consumption | Excessive free time,HIGH,Immediate academic counselling required | Refer to remedial classes for failed courses | Assign structured study timetable and peer mentoring | Offer targeted tutoring for weak topics | Refer to wellness/counselling services | Recommend supervised study groups
MS,M,18,math,11,12,10,0,11.578050593302228,0.015,LOW,Low study time | Alcohol consumption | Excessive free time,LOW,Assign structured study timetable and peer mentoring | Refer to wellness/counselling services | Recommend supervised study groups
MS,M,19,math,8,9,9,1,9.825770192707791,0.88,CRITICAL,Low study time | Low first-period performance | Low second-period performance | Alcohol consumption,HIGH,Immediate academic counselling required | Assign structured study timetable and peer mentoring | Provide foundational revision sessions | Offer targeted tutoring for weak topics | Refer to wellness/counselling services
GP,F,18,portuguese,0,11,11,0,10.999265483955757,0.11,LOW,Low first-period performance | High social outings,LOW,Provide foundational revision sessions | Advise on time management and reduced social distractions
GP,F,17,portuguese,9,11,11,0,11.272334894032848,0.035,LOW,Low first-period performance,LOW,Provide foundational revision sessions
GP,F,15,portuguese,12,13,12,0,12.828924937120837,0.015,LOW,High absenteeism,LOW,Send attendance warning to student and guardian
GP,F,15,portuguese,14,14,14,0,14.385635115241843,0.005,LOW,No significant risk factors identified,LOW,Continue current academic progress monitoring
GP,F,16,portuguese,11,13,13,0,13.15008340070365,0.005,LOW,No significant risk factors identified,LOW,Continue current academic progress monitoring
GP,M,16,portuguese,12,12,13,0,12.743779152790836,0.0,LOW,High absenteeism | Excessive free time,LOW,Send attendance warning to student and guardian | Recommend supervised study groups
GP,M,16,portuguese,13,12,13,0,12.778850792992959,0.005,LOW,High social outings | Excessive free time,LOW,Advise on time management and reduced social distractions | Recommend supervised study groups
GP,F,17,portuguese,10,13,13,0,13.015579932966666,0.03,LOW,High social outings | Poor health,LOW,Advise on time management and reduced social distractions | Recommend medical check-up and health support
GP,M,15,portuguese,15,16,17,0,16.531003497577434,0.0,LOW,Poor health,LOW,Recommend medical check-up and health support
GP,M,15,portuguese,12,12,13,0,12.506498540629066,0.005,LOW,Excessive free time,LOW,Recommend supervised study groups
GP,F,15,portuguese,14,14,14,0,14.666887193535743,0.005,LOW,Poor health,LOW,Recommend medical check-up and health support
GP,F,15,portuguese,10,12,13,0,12.28767605496813,0.01,LOW,No significant risk factors identified,LOW,Continue current academic progress monitoring
GP,M,15,portuguese,12,13,12,0,12.982992369995783,0.005,LOW,Low study time,LOW,Assign structured study timetable and peer mentoring
GP,M,15,portuguese,12,12,13,0,12.96109914620665,0.0,LOW,Excessive free time,LOW,Recommend supervised study groups
GP,M,15,portuguese,14,14,15,0,14.661201660770267,0.005,LOW,Excessive free time,LOW,Recommend supervised study groups
GP,F,16,portuguese,17,17,17,0,17.180287002464226,0.0,LOW,High absenteeism | Low study time | High social outings | Poor health | Excessive free time,LOW,Send attendance warning to student and guardian | Assign structured study timetable and peer mentoring | Advise on time management and reduced social distractions | Recommend medical check-up and health support | Recommend supervised study groups
GP,F,16,portuguese,13,13,14,0,13.455053826137158,0.0,LOW,High absenteeism | Poor health,LOW,Send attendance warning to student and guardian | Recommend medical check-up and health support
GP,F,16,portuguese,13,14,14,0,14.16854252204161,0.005,LOW,No significant risk factors identified,LOW,Continue current academic progress monitoring
GP,M,17,portuguese,8,8,7,1,7.669515017902013,0.92,CRITICAL,Previous academic failures | Low study time | Low first-period performance | Low second-period performance | High social outings | Alcohol consumption | Excessive free time,HIGH,Immediate academic counselling required | Refer to remedial classes for failed courses | Assign structured study timetable and peer mentoring | Provide foundational revision sessions | Offer targeted tutoring for weak topics | Advise on time management and reduced social distractions | Refer to wellness/counselling services | Recommend supervised study groups
GP,M,16,portuguese,12,12,12,0,12.573278092571542,0.005,LOW,High absenteeism | Low study time,LOW,Send attendance warning to student and guardian | Assign structured study timetable and peer mentoring
GP,M,15,portuguese,12,13,14,0,13.703714301516156,0.0,LOW,Poor health | Excessive free time,LOW,Recommend medical check-up and health support | Recommend supervised study groups
GP,M,15,portuguese,11,12,12,0,12.62792428767361,0.0,LOW,Low study time | Excessive free time,LOW,Assign structured study timetable and peer mentoring | Recommend supervised study groups
GP,M,16,portuguese,12,13,14,0,13.164422236605263,0.01,LOW,Excessive free time,LOW,Recommend supervised study groups
GP,M,16,portuguese,10,10,10,0,10.575725834648766,0.005,LOW,High social outings | Alcohol consumption | Excessive free time,LOW,Advise on time management and reduced social distractions | Refer to wellness/counselling services | Recommend supervised study groups
GP,F,15,portuguese,10,11,10,0,11.02633788124586,0.045,LOW,No significant risk factors identified,LOW,Continue current academic progress monitoring
GP,F,16,portuguese,10,11,12,0,11.3871783925935,0.015,LOW,High absenteeism | Low study time | Poor family relationship,LOW,Send attendance warning to student and guardian | Assign structured study timetable and peer mentoring | Suggest family engagement or counselling
GP,M,15,portuguese,11,12,12,0,12.361210926825057,0.005,LOW,High absenteeism | Low study time,LOW,Send attendance warning to student and guardian | Assign structured study timetable and peer mentoring
GP,M,15,portuguese,11,11,11,0,11.463218787914359,0.005,LOW,Low study time | High social outings | Alcohol consumption | Poor health | Poor family relationship,LOW,Assign structured study timetable and peer mentoring | Advise on time management and reduced social distractions | Refer to wellness/counselling services | Recommend medical check-up and health support | Suggest family engagement or counselling
GP,M,16,portuguese,12,12,13,0,12.281627861138487,0.005,LOW,No significant risk factors identified,LOW,Continue current academic progress monitoring
GP,M,16,portuguese,12,11,12,0,11.611750590898861,0.02,LOW,High social outings | Alcohol consumption | Excessive free time,LOW,Advise on time management and reduced social distractions | Refer to wellness/counselling services | Recommend supervised study groups
GP,M,15,portuguese,10,11,11,0,10.912030393427017,0.01,LOW,Alcohol consumption | Excessive free time,LOW,Refer to wellness/counselling services | Recommend supervised study groups
GP,M,15,portuguese,15,15,15,0,15.508578773603158,0.02,LOW,No significant risk factors identified,LOW,Continue current academic progress monitoring
GP,M,15,portuguese,13,14,15,0,14.459419594196278,0.005,LOW,Excessive free time,LOW,Recommend supervised study groups
GP,M,15,portuguese,13,12,12,0,12.71796104648859,0.0,LOW,Poor health,LOW,Recommend medical check-up and health support
GP,M,16,portuguese,12,12,12,0,12.741326192262113,0.0,LOW,Low study time | Excessive free time,LOW,Assign structured study timetable and peer mentoring | Recommend supervised study groups
GP,F,15,portuguese,11,11,11,0,11.434430730418804,0.015,LOW,Low study time | Excessive free time,LOW,Assign structured study timetable and peer mentoring | Recommend supervised study groups
GP,M,15,portuguese,14,14,14,0,14.403399352248812,0.0,LOW,Excessive free time,LOW,Recommend supervised study groups
GP,M,16,portuguese,13,13,13,0,13.18517855411843,0.005,LOW,Poor family relationship | Excessive free time,LOW,Suggest family engagement or counselling | Recommend supervised study groups
GP,F,15,portuguese,11,12,12,0,12.247049934851281,0.01,LOW,No significant risk factors identified,LOW,Continue current academic progress monitoring
GP,F,15,portuguese,14,13,12,0,13.028932396322679,0.01,LOW,High absenteeism | Low study time | Poor health,LOW,Send attendance warning to student and guardian | Assign structured study timetable and peer mentoring | Recommend medical check-up and health support
GP,F,16,portuguese,11,11,10,0,11.23086576035713,0.005,LOW,High absenteeism,LOW,Send attendance warning to student and guardian
GP,M,15,portuguese,10,11,11,0,11.174859669714612,0.015,LOW,High absenteeism | Low study time | Alcohol consumption | Excessive free time,LOW,Send attendance warning to student and guardian | Assign structured study timetable and peer mentoring | Refer to wellness/counselling services | Recommend supervised study groups
GP,M,15,portuguese,14,15,15,0,15.232186787317948,0.0,LOW,No significant risk factors identified,LOW,Continue current academic progress monitoring
GP,M,15,portuguese,9,10,10,0,10.401414801678396,0.06,LOW,Low study time | Low first-period performance | Poor health | Excessive free time,LOW,Assign structured study timetable and peer mentoring | Provide foundational revision sessions | Recommend medical check-up and health support | Recommend supervised study groups
GP,F,16,portuguese,10,11,11,0,10.712604107946891,0.355,MODERATE,Previous academic failures | High absenteeism,LOW,Refer to remedial classes for failed courses | Send attendance warning to student and guardian
GP,F,15,portuguese,10,11,11,0,11.128591460158882,0.035,LOW,No significant risk factors identified,LOW,Continue current academic progress monitoring
GP,F,16,portuguese,13,12,13,0,12.593015405730569,0.0,LOW,High absenteeism | High social outings | Alcohol consumption | Poor family relationship,LOW,Send attendance warning to student and guardian | Advise on time management and reduced social distractions | Refer to wellness/counselling services | Suggest family engagement or counselling
GP,M,16,portuguese,17,17,17,0,17.58003267443159,0.0,LOW,Poor health,LOW,Recommend medical check-up and health support
GP,M,15,portuguese,11,12,13,0,12.539846789510648,0.0,LOW,No significant risk factors identified,LOW,Continue current academic progress monitoring
GP,F,15,portuguese,13,12,12,0,12.338191257933715,0.03,LOW,High social outings | Excessive free time,LOW,Advise on time management and reduced social distractions | Recommend supervised study groups
GP,F,16,portuguese,14,13,13,0,13.483865779600533,0.0,LOW,No significant risk factors identified,LOW,Continue current academic progress monitoring
GP,F,15,portuguese,16,14,16,0,15.275139338771735,0.0,LOW,No significant risk factors identified,LOW,Continue current academic progress monitoring
GP,M,15,portuguese,10,9,9,1,9.568565588678558,0.69,HIGH,Low study time | Low second-period performance | High social outings | Alcohol consumption | Excessive free time,MEDIUM,Schedule meeting with academic adviser | Assign structured study timetable and peer mentoring | Offer targeted tutoring for weak topics | Advise on time management and reduced social distractions | Refer to wellness/counselling services | Recommend supervised study groups
GP,F,15,portuguese,13,12,12,0,12.453748014723953,0.0,LOW,Low study time | High social outings,LOW,Assign structured study timetable and peer mentoring | Advise on time management and reduced social distractions
GP,F,15,portuguese,13,12,13,0,12.88679699351996,0.01,LOW,Low study time | High social outings | Alcohol consumption | Poor health,LOW,Assign structured study timetable and peer mentoring | Advise on time management and reduced social distractions | Refer to wellness/counselling services | Recommend medical check-up and health support
GP,F,16,portuguese,12,13,12,0,13.440901236395348,0.0,LOW,High social outings | Poor health,LOW,Advise on time management and reduced social distractions | Recommend medical check-up and health support
GP,F,15,portuguese,15,14,15,0,14.894179960589506,0.0,LOW,Poor health,LOW,Recommend medical check-up and health support
GP,M,15,portuguese,15,15,16,0,15.527427015790966,0.01,LOW,High absenteeism,LOW,Send attendance warning to student and guardian
GP,M,15,portuguese,14,13,14,0,12.561641214098623,0.005,LOW,No significant risk factors identified,LOW,Continue current academic progress monitoring
GP,F,16,portuguese,16,15,16,0,15.942999649137796,0.0,LOW,No significant risk factors identified,LOW,Continue current academic progress monitoring
GP,F,16,portuguese,17,16,16,0,16.101331092481797,0.01,LOW,High social outings | Poor family relationship | Excessive free time,LOW,Advise on time management and reduced social distractions | Suggest family engagement or counselling | Recommend supervised study groups
GP,F,16,portuguese,10,10,16,0,15.010879643025211,0.07,LOW,Low study time | High social outings | Alcohol consumption | Excessive free time,LOW,Assign structured study timetable and peer mentoring | Advise on time management and reduced social distractions | Refer to wellness/counselling services | Recommend supervised study groups
GP,F,16,portuguese,13,13,10,0,12.403859673275468,0.02,LOW,Poor health | Excessive free time,LOW,Recommend medical check-up and health support | Recommend supervised study groups
GP,F,16,portuguese,14,13,13,0,12.906880975661105,0.035,LOW,High social outings | Alcohol consumption | Excessive free time,LOW,Advise on time management and reduced social distractions | Refer to wellness/counselling services | Recommend supervised study groups
GP,F,15,portuguese,13,12,12,0,11.958990994793874,0.0,LOW,High social outings | Alcohol consumption | Poor health | Excessive free time,LOW,Advise on time management and reduced social distractions | Refer to wellness/counselling services | Recommend medical check-up and health support | Recommend supervised study groups
GP,F,16,portuguese,16,15,16,0,15.704794800901173,0.0,LOW,Poor health | Excessive free time,LOW,Recommend medical check-up and health support | Recommend supervised study groups
GP,M,15,portuguese,11,12,12,0,12.270674588469705,0.025,LOW,Alcohol consumption | Poor family relationship,LOW,Refer to wellness/counselling services | Suggest family engagement or counselling
GP,F,16,portuguese,10,9,10,0,8.37683337918468,0.265,LOW,Low second-period performance,LOW,Offer targeted tutoring for weak topics
GP,F,15,portuguese,11,10,11,0,10.753617602071257,0.03,LOW,No significant risk factors identified,LOW,Continue current academic progress monitoring
GP,F,15,portuguese,15,15,15,0,15.383161103719027,0.005,LOW,High absenteeism | Excessive free time,LOW,Send attendance warning to student and guardian | Recommend supervised study groups
GP,M,16,portuguese,13,11,11,0,11.557903484564683,0.0,LOW,No significant risk factors identified,LOW,Continue current academic progress monitoring
GP,M,15,portuguese,11,9,10,0,8.894078890056997,0.11,LOW,Low second-period performance,LOW,Offer targeted tutoring for weak topics
GP,F,15,portuguese,13,11,11,0,11.349709902349282,0.01,LOW,High social outings | Alcohol consumption,LOW,Advise on time management and reduced social distractions | Refer to wellness/counselling services
GP,M,16,portuguese,13,13,14,0,13.225324768384972,0.0,LOW,Low study time,LOW,Assign structured study timetable and peer mentoring
GP,F,16,portuguese,11,11,11,0,10.984644432703453,0.025,LOW,Alcohol consumption,LOW,Refer to wellness/counselling services
GP,M,15,portuguese,11,11,11,0,11.249311476268767,0.005,LOW,No significant risk factors identified,LOW,Continue current academic progress monitoring
GP,M,15,portuguese,12,11,11,0,11.29712339419418,0.01,LOW,Poor health | Excessive free time,LOW,Recommend medical check-up and health support | Recommend supervised study groups
GP,F,16,portuguese,13,13,13,0,13.400635883567077,0.0,LOW,No significant risk factors identified,LOW,Continue current academic progress monitoring
GP,M,17,portuguese,9,9,10,0,9.202689338050368,0.11,LOW,Previous academic failures | Low study time | Low first-period performance | Low second-period performance | Excessive free time,LOW,Refer to remedial classes for failed courses | Assign structured study timetable and peer mentoring | Provide foundational revision sessions | Offer targeted tutoring for weak topics | Recommend supervised study groups
GP,F,16,portuguese,12,11,11,0,11.438915730615422,0.015,LOW,High absenteeism | Poor family relationship | Excessive free time,LOW,Send attendance warning to student and guardian | Suggest family engagement or counselling | Recommend supervised study groups
GP,M,15,portuguese,11,11,12,0,11.443115228400487,0.03,LOW,Low study time,LOW,Assign structured study timetable and peer mentoring
GP,M,15,portuguese,10,9,9,1,9.818012496234877,0.215,LOW,Low second-period performance,LOW,Offer targeted tutoring for weak topics
GP,F,15,portuguese,12,11,11,0,11.683771463966673,0.0,LOW,High social outings | Excessive free time,LOW,Advise on time management and reduced social distractions | Recommend supervised study groups
GP,M,15,portuguese,13,12,13,0,12.379736098946463,0.015,LOW,No significant risk factors identified,LOW,Continue current academic progress monitoring
GP,F,15,portuguese,13,12,12,0,12.57286849821965,0.0,LOW,No significant risk factors identified,LOW,Continue current academic progress monitoring
GP,F,15,portuguese,12,11,12,0,11.692773421267564,0.0,LOW,High social outings | Excessive free time,LOW,Advise on time management and reduced social distractions | Recommend supervised study groups
GP,F,16,portuguese,13,11,11,0,11.529655591252894,0.0,LOW,High absenteeism | High social outings | Poor health,LOW,Send attendance warning to student and guardian | Advise on time management and reduced social distractions | Recommend medical check-up and health support
GP,F,15,portuguese,15,15,15,0,15.569650492630391,0.0,LOW,Poor health,LOW,Recommend medical check-up and health support
GP,M,16,portuguese,12,10,11,0,10.859477949152533,0.0,LOW,High absenteeism | Excessive free time,LOW,Send attendance warning to student and guardian | Recommend supervised study groups
GP,M,16,portuguese,9,9,10,0,10.018573687716755,0.12,LOW,High absenteeism | Low first-period performance | Low second-period performance | Alcohol consumption,LOW,Send attendance warning to student and guardian | Provide foundational revision sessions | Offer targeted tutoring for weak topics | Refer to wellness/counselling services
GP,F,16,portuguese,9,11,11,0,11.017667393379705,0.045,LOW,Low first-period performance,LOW,Provide foundational revision sessions
GP,F,15,portuguese,14,13,13,0,13.46727556391322,0.005,LOW,High absenteeism | Low study time | High social outings | Poor health | Excessive free time,LOW,Send attendance warning to student and guardian | Assign structured study timetable and peer mentoring | Advise on time management and reduced social distractions | Recommend medical check-up and health support | Recommend supervised study groups
GP,F,16,portuguese,12,13,12,0,12.884360694718165,0.015,LOW,Poor health,LOW,Recommend medical check-up and health support
GP,F,16,portuguese,13,14,14,0,14.431977944822693,0.0,LOW,Poor health,LOW,Recommend medical check-up and health support
GP,M,15,portuguese,11,12,12,0,12.521582928419436,0.005,LOW,High social outings,LOW,Advise on time management and reduced social distractions
GP,F,15,portuguese,13,13,13,0,12.827229507669424,0.02,LOW,Poor health,LOW,Recommend medical check-up and health support
GP,M,16,portuguese,9,11,11,0,10.902684350142875,0.06,LOW,High absenteeism | Low study time | Low first-period performance,LOW,Send attendance warning to student and guardian | Assign structured study timetable and peer mentoring | Provide foundational revision sessions
GP,F,16,portuguese,13,12,12,0,12.868502220737446,0.0,LOW,High social outings,LOW,Advise on time management and reduced social distractions
GP,F,16,portuguese,12,13,13,0,13.331747296059985,0.0,LOW,Low study time | High social outings | Poor health,LOW,Assign structured study timetable and peer mentoring | Advise on time management and reduced social distractions | Recommend medical check-up and health support
GP,F,16,portuguese,12,13,13,0,13.016382654220138,0.005,LOW,High social outings,LOW,Advise on time management and reduced social distractions
GP,M,16,portuguese,9,9,8,1,9.667554739152907,0.82,CRITICAL,High absenteeism | Low study time | Low first-period performance | Low second-period performance | High social outings | Alcohol consumption | Excessive free time,HIGH,Immediate academic counselling required | Send attendance warning to student and guardian | Assign structured study timetable and peer mentoring | Provide foundational revision sessions | Offer targeted tutoring for weak topics | Advise on time management and reduced social distractions | Refer to wellness/counselling services | Recommend supervised study groups
GP,M,16,portuguese,16,16,16,0,16.220776500895397,0.005,LOW,Excessive free time,LOW,Recommend supervised study groups
GP,M,15,portuguese,12,13,12,0,13.30815565567138,0.0,LOW,Low study time,LOW,Assign structured study timetable and peer mentoring
GP,F,15,portuguese,11,10,10,0,10.232401345596756,0.025,LOW,High absenteeism | High social outings | Poor health,LOW,Send attendance warning to student and guardian | Advise on time management and reduced social distractions | Recommend medical check-up and health support
GP,M,15,portuguese,16,16,16,0,16.485203839117457,0.005,LOW,High social outings | Poor health | Excessive free time,LOW,Advise on time management and reduced social distractions | Recommend medical check-up and health support | Recommend supervised study groups
GP,F,15,portuguese,10,10,10,0,10.254703561121376,0.055,LOW,High absenteeism,LOW,Send attendance warning to student and guardian
GP,F,15,portuguese,10,10,10,0,10.337498448178001,0.03,LOW,No significant risk factors identified,LOW,Continue current academic progress monitoring
GP,M,16,portuguese,13,14,14,0,14.381446752217471,0.0,LOW,No significant risk factors identified,LOW,Continue current academic progress monitoring
GP,M,15,portuguese,12,10,11,0,11.164459882497987,0.02,LOW,High absenteeism | High social outings | Alcohol consumption | Poor health | Poor family relationship,LOW,Send attendance warning to student and guardian | Advise on time management and reduced social distractions | Refer to wellness/counselling services | Recommend medical check-up and health support | Suggest family engagement or counselling
GP,F,16,portuguese,15,15,14,0,15.370212213724797,0.025,LOW,High social outings | Excessive free time,LOW,Advise on time management and reduced social distractions | Recommend supervised study groups
GP,M,15,portuguese,13,14,14,0,14.290127835132793,0.0,LOW,Low study time | Excessive free time,LOW,Assign structured study timetable and peer mentoring | Recommend supervised study groups
GP,F,16,portuguese,11,11,11,0,11.449166056541781,0.01,LOW,Poor health,LOW,Recommend medical check-up and health support
GP,F,16,portuguese,8,10,10,0,10.07415249928907,0.08,LOW,Previous academic failures | High absenteeism | Low first-period performance,LOW,Refer to remedial classes for failed courses | Send attendance warning to student and guardian | Provide foundational revision sessions
GP,M,15,portuguese,18,17,18,0,17.746326806216363,0.005,LOW,High absenteeism | Low study time | Excessive free time,LOW,Send attendance warning to student and guardian | Assign structured study timetable and peer mentoring | Recommend supervised study groups
GP,M,15,portuguese,10,9,10,0,9.87024152787059,0.145,LOW,Low second-period performance | Excessive free time,LOW,Offer targeted tutoring for weak topics | Recommend supervised study groups
GP,M,16,portuguese,16,14,14,0,14.762622002815295,0.005,LOW,High absenteeism | High social outings | Excessive free time,LOW,Send attendance warning to student and guardian | Advise on time management and reduced social distractions | Recommend supervised study groups
GP,M,15,portuguese,16,15,16,0,15.690737712406875,0.0,LOW,Poor health | Excessive free time,LOW,Recommend medical check-up and health support | Recommend supervised study groups
GP,M,16,portuguese,14,14,15,0,14.52398387197706,0.0,LOW,High absenteeism | Low study time | Excessive free time,LOW,Send attendance warning to student and guardian | Assign structured study timetable and peer mentoring | Recommend supervised study groups
GP,M,17,portuguese,12,11,11,0,11.53893507278717,0.175,LOW,Previous academic failures | High absenteeism | High social outings | Alcohol consumption,LOW,Refer to remedial classes for failed courses | Send attendance warning to student and guardian | Advise on time management and reduced social distractions | Refer to wellness/counselling services
GP,M,15,portuguese,14,13,14,0,13.436138341655287,0.0,LOW,Low study time | Excessive free time,LOW,Assign structured study timetable and peer mentoring | Recommend supervised study groups
GP,F,15,portuguese,14,14,14,0,14.400521439829813,0.005,LOW,Poor health,LOW,Recommend medical check-up and health support
GP,M,15,portuguese,14,13,13,0,13.204560770800814,0.015,LOW,High absenteeism | High social outings | Excessive free time,LOW,Send attendance warning to student and guardian | Advise on time management and reduced social distractions | Recommend supervised study groups
GP,F,16,portuguese,14,12,13,0,12.76811401539585,0.0,LOW,No significant risk factors identified,LOW,Continue current academic progress monitoring
GP,M,16,portuguese,12,13,13,0,13.325811761827334,0.0,LOW,Low study time | High social outings | Alcohol consumption | Excessive free time,LOW,Assign structured study timetable and peer mentoring | Advise on time management and reduced social distractions | Refer to wellness/counselling services | Recommend supervised study groups
GP,F,16,portuguese,12,11,11,0,11.652730869799516,0.005,LOW,High social outings | Excessive free time,LOW,Advise on time management and reduced social distractions | Recommend supervised study groups
GP,M,15,portuguese,9,9,9,1,9.28076627132379,0.77,CRITICAL,Low study time | Low first-period performance | Low second-period performance | High social outings | Alcohol consumption | Excessive free time,HIGH,Immediate academic counselling required | Assign structured study timetable and peer mentoring | Provide foundational revision sessions | Offer targeted tutoring for weak topics | Advise on time management and reduced social distractions | Refer to wellness/counselling services | Recommend supervised study groups
GP,F,15,portuguese,10,11,11,0,10.997137233586582,0.0,LOW,Poor health,LOW,Recommend medical check-up and health support
GP,F,19,portuguese,9,10,11,0,10.318942280915016,0.26,LOW,Previous academic failures | Low first-period performance | Excessive free time,LOW,Refer to remedial classes for failed courses | Provide foundational revision sessions | Recommend supervised study groups
GP,M,16,portuguese,14,14,15,0,14.790741369235993,0.0,LOW,High absenteeism | Low study time | High social outings | Alcohol consumption | Excessive free time,LOW,Send attendance warning to student and guardian | Assign structured study timetable and peer mentoring | Advise on time management and reduced social distractions | Refer to wellness/counselling services | Recommend supervised study groups
GP,M,16,portuguese,13,12,13,0,12.991554418729153,0.0,LOW,Poor health,LOW,Recommend medical check-up and health support
GP,F,15,portuguese,10,11,12,0,11.12709760641607,0.005,LOW,No significant risk factors identified,LOW,Continue current academic progress monitoring
GP,F,18,portuguese,10,9,8,1,9.75106872822229,0.745,CRITICAL,Previous academic failures | High absenteeism | Low second-period performance | High social outings | Excessive free time,HIGH,Immediate academic counselling required | Refer to remedial classes for failed courses | Send attendance warning to student and guardian | Offer targeted tutoring for weak topics | Advise on time management and reduced social distractions | Recommend supervised study groups
GP,F,17,portuguese,11,10,11,0,11.036617556250556,0.045,LOW,High absenteeism | Low study time,LOW,Send attendance warning to student and guardian | Assign structured study timetable and peer mentoring
GP,F,15,portuguese,11,12,13,0,12.575640693806932,0.03,LOW,High absenteeism | Low study time,LOW,Send attendance warning to student and guardian | Assign structured study timetable and peer mentoring
GP,F,17,portuguese,13,12,12,0,12.644886904566953,0.0,LOW,Low study time | High social outings | Excessive free time,LOW,Assign structured study timetable and peer mentoring | Advise on time management and reduced social distractions | Recommend supervised study groups
GP,F,16,portuguese,15,13,14,0,13.718955898424568,0.01,LOW,High absenteeism | Low study time | Alcohol consumption,LOW,Send attendance warning to student and guardian | Assign structured study timetable and peer mentoring | Refer to wellness/counselling services
GP,M,16,portuguese,9,9,11,0,10.697832099250748,0.08,LOW,Low study time | Low first-period performance | Low second-period performance | Poor health,LOW,Assign structured study timetable and peer mentoring | Provide foundational revision sessions | Offer targeted tutoring for weak topics | Recommend medical check-up and health support
GP,F,16,portuguese,13,11,11,0,11.07957669291795,0.03,LOW,Previous academic failures | High absenteeism | Low study time | High social outings,LOW,Refer to remedial classes for failed courses | Send attendance warning to student and guardian | Assign structured study timetable and peer mentoring | Advise on time management and reduced social distractions
GP,M,15,portuguese,12,11,11,0,11.29328234115174,0.015,LOW,No significant risk factors identified,LOW,Continue current academic progress monitoring
GP,F,15,portuguese,13,14,15,0,14.438793344441384,0.0,LOW,No significant risk factors identified,LOW,Continue current academic progress monitoring
GP,M,17,portuguese,10,9,10,0,10.01020546292681,0.11,LOW,Low second-period performance | High social outings | Alcohol consumption | Excessive free time,LOW,Offer targeted tutoring for weak topics | Advise on time management and reduced social distractions | Refer to wellness/counselling services | Recommend supervised study groups
GP,F,16,portuguese,14,13,13,0,14.830707602408804,0.015,LOW,No significant risk factors identified,LOW,Continue current academic progress monitoring
GP,M,18,portuguese,11,11,12,0,11.673134544911068,0.01,LOW,Low study time | High social outings | Alcohol consumption,LOW,Assign structured study timetable and peer mentoring | Advise on time management and reduced social distractions | Refer to wellness/counselling services
GP,F,18,portuguese,12,11,11,0,11.548325297060465,0.02,LOW,High absenteeism | Alcohol consumption,LOW,Send attendance warning to student and guardian | Refer to wellness/counselling services
GP,F,16,portuguese,12,11,11,0,11.404375806495974,0.01,LOW,High absenteeism | Low study time | Poor health,LOW,Send attendance warning to student and guardian | Assign structured study timetable and peer mentoring | Recommend medical check-up and health support
GP,F,16,portuguese,9,9,10,0,9.719726128609992,0.155,LOW,Low study time | Low first-period performance | Low second-period performance,LOW,Assign structured study timetable and peer mentoring | Provide foundational revision sessions | Offer targeted tutoring for weak topics
GP,M,16,portuguese,10,10,10,0,10.301290690379107,0.075,LOW,Previous academic failures | High social outings | Excessive free time,LOW,Refer to remedial classes for failed courses | Advise on time management and reduced social distractions | Recommend supervised study groups
GP,F,15,portuguese,13,14,14,0,14.414281949788572,0.01,LOW,High absenteeism | Low study time,LOW,Send attendance warning to student and guardian | Assign structured study timetable and peer mentoring
GP,F,15,portuguese,8,9,9,1,9.605476259465954,0.795,CRITICAL,Previous academic failures | Low study time | Low first-period performance | Low second-period performance | High social outings | Poor health | Excessive free time,HIGH,Immediate academic counselling required | Refer to remedial classes for failed courses | Assign structured study timetable and peer mentoring | Provide foundational revision sessions | Offer targeted tutoring for weak topics | Advise on time management and reduced social distractions | Recommend medical check-up and health support | Recommend supervised study groups
GP,M,15,portuguese,9,11,11,0,10.624152837611376,0.05,LOW,High absenteeism | Low first-period performance | Poor family relationship,LOW,Send attendance warning to student and guardian | Provide foundational revision sessions | Suggest family engagement or counselling
GP,F,15,portuguese,9,8,9,1,8.741905023690698,0.855,CRITICAL,High absenteeism | Low first-period performance | Low second-period performance | Poor health | Poor family relationship,HIGH,Immediate academic counselling required | Send attendance warning to student and guardian | Provide foundational revision sessions | Offer targeted tutoring for weak topics | Recommend medical check-up and health support | Suggest family engagement or counselling
GP,M,16,portuguese,15,13,13,0,13.621664428041656,0.0,LOW,No significant risk factors identified,LOW,Continue current academic progress monitoring
GP,M,16,portuguese,12,11,11,0,11.530285227063642,0.0,LOW,Low study time | Poor health | Poor family relationship,LOW,Assign structured study timetable and peer mentoring | Recommend medical check-up and health support | Suggest family engagement or counselling
GP,F,15,portuguese,13,13,13,0,13.281372918796542,0.0,LOW,No significant risk factors identified,LOW,Continue current academic progress monitoring
GP,F,16,portuguese,10,11,11,0,11.13106270282537,0.025,LOW,Low study time | High social outings | Alcohol consumption | Poor health | Excessive free time,LOW,Assign structured study timetable and peer mentoring | Advise on time management and reduced social distractions | Refer to wellness/counselling services | Recommend medical check-up and health support | Recommend supervised study groups
GP,M,17,portuguese,9,7,6,1,6.287053598060271,0.88,CRITICAL,High absenteeism | Low study time | Low first-period performance | Low second-period performance | High social outings | Excessive free time,HIGH,Immediate academic counselling required | Send attendance warning to student and guardian | Assign structured study timetable and peer mentoring | Provide foundational revision sessions | Offer targeted tutoring for weak topics | Advise on time management and reduced social distractions | Recommend supervised study groups
GP,F,15,portuguese,12,12,12,0,12.606557640007125,0.0,LOW,Excessive free time,LOW,Recommend supervised study groups
GP,F,15,portuguese,11,10,10,0,10.268161715816296,0.14,LOW,Low study time | Excessive free time,LOW,Assign structured study timetable and peer mentoring | Recommend supervised study groups
GP,F,15,portuguese,11,11,11,0,11.07918738563897,0.06,LOW,Previous academic failures,LOW,Refer to remedial classes for failed courses
GP,F,15,portuguese,13,12,13,0,12.770287675230222,0.005,LOW,High absenteeism,LOW,Send attendance warning to student and guardian
GP,F,15,portuguese,11,11,11,0,11.401132843835747,0.005,LOW,High absenteeism | High social outings | Alcohol consumption | Poor health | Poor family relationship,LOW,Send attendance warning to student and guardian | Advise on time management and reduced social distractions | Refer to wellness/counselling services | Recommend medical check-up and health support | Suggest family engagement or counselling
GP,M,16,portuguese,9,9,8,1,9.119815111101149,0.8,CRITICAL,High absenteeism | Low study time | Low first-period performance | Low second-period performance,HIGH,Immediate academic counselling required | Send attendance warning to student and guardian | Assign structured study timetable and peer mentoring | Provide foundational revision sessions | Offer targeted tutoring for weak topics
GP,M,15,portuguese,12,11,11,0,13.320271635724062,0.035,LOW,Low study time | High social outings | Alcohol consumption | Excessive free time,LOW,Assign structured study timetable and peer mentoring | Advise on time management and reduced social distractions | Refer to wellness/counselling services | Recommend supervised study groups
GP,M,18,portuguese,11,9,0,1,9.788421786676883,0.745,CRITICAL,Previous academic failures | Low study time | Low second-period performance | High social outings | Alcohol consumption | Poor family relationship,HIGH,Immediate academic counselling required | Refer to remedial classes for failed courses | Assign structured study timetable and peer mentoring | Offer targeted tutoring for weak topics | Advise on time management and reduced social distractions | Refer to wellness/counselling services | Suggest family engagement or counselling
GP,M,16,portuguese,9,10,10,0,10.182744842448109,0.16,LOW,Previous academic failures | High absenteeism | Low study time | Low first-period performance | High social outings | Alcohol consumption | Excessive free time,LOW,Refer to remedial classes for failed courses | Send attendance warning to student and guardian | Assign structured study timetable and peer mentoring | Provide foundational revision sessions | Advise on time management and reduced social distractions | Refer to wellness/counselling services | Recommend supervised study groups
GP,F,15,portuguese,13,13,13,0,12.954929842260105,0.02,LOW,No significant risk factors identified,LOW,Continue current academic progress monitoring
GP,M,19,portuguese,11,9,11,0,10.599574691889222,0.11,LOW,High absenteeism | Low study time | Low second-period performance | High social outings | Excessive free time,LOW,Send attendance warning to student and guardian | Assign structured study timetable and peer mentoring | Offer targeted tutoring for weak topics | Advise on time management and reduced social distractions | Recommend supervised study groups
GP,F,17,portuguese,13,13,13,0,13.342325846142694,0.005,LOW,Low study time,LOW,Assign structured study timetable and peer mentoring
GP,M,15,portuguese,7,8,8,1,7.410893689373999,0.865,CRITICAL,Low first-period performance | Low second-period performance | High social outings | Poor health | Excessive free time,HIGH,Immediate academic counselling required | Provide foundational revision sessions | Offer targeted tutoring for weak topics | Advise on time management and reduced social distractions | Recommend medical check-up and health support | Recommend supervised study groups
GP,M,17,portuguese,9,8,10,0,8.827320603918434,0.21,LOW,Previous academic failures | High absenteeism | Low study time | Low first-period performance | Low second-period performance | Alcohol consumption | Poor family relationship,LOW,Refer to remedial classes for failed courses | Send attendance warning to student and guardian | Assign structured study timetable and peer mentoring | Provide foundational revision sessions | Offer targeted tutoring for weak topics | Refer to wellness/counselling services | Suggest family engagement or counselling
GP,F,18,portuguese,11,10,11,0,11.308790098010629,0.06,LOW,Previous academic failures | High absenteeism | Low study time | High social outings | Alcohol consumption,LOW,Refer to remedial classes for failed courses | Send attendance warning to student and guardian | Assign structured study timetable and peer mentoring | Advise on time management and reduced social distractions | Refer to wellness/counselling services
GP,M,16,portuguese,12,10,11,0,11.02499549356114,0.005,LOW,Low study time,LOW,Assign structured study timetable and peer mentoring
GP,M,16,portuguese,10,10,1,1,10.368998572317974,0.68,HIGH,Previous academic failures | High social outings | Alcohol consumption | Excessive free time,MEDIUM,Schedule meeting with academic adviser | Refer to remedial classes for failed courses | Advise on time management and reduced social distractions | Refer to wellness/counselling services | Recommend supervised study groups
GP,M,16,portuguese,9,8,10,0,8.616663031347121,0.23,LOW,Previous academic failures | Low study time | Low first-period performance | Low second-period performance | High social outings | Alcohol consumption | Excessive free time,LOW,Refer to remedial classes for failed courses | Assign structured study timetable and peer mentoring | Provide foundational revision sessions | Offer targeted tutoring for weak topics | Advise on time management and reduced social distractions | Refer to wellness/counselling services | Recommend supervised study groups
GP,M,17,portuguese,8,8,9,1,8.18113876003577,0.86,CRITICAL,Previous academic failures | High absenteeism | Low study time | Low first-period performance | Low second-period performance,HIGH,Immediate academic counselling required | Refer to remedial classes for failed courses | Send attendance warning to student and guardian | Assign structured study timetable and peer mentoring | Provide foundational revision sessions | Offer targeted tutoring for weak topics
GP,M,17,portuguese,7,6,8,1,7.133355807422488,0.875,CRITICAL,Previous academic failures | Low first-period performance | Low second-period performance | High social outings | Alcohol consumption | Excessive free time,HIGH,Immediate academic counselling required | Refer to remedial classes for failed courses | Provide foundational revision sessions | Offer targeted tutoring for weak topics | Advise on time management and reduced social distractions | Refer to wellness/counselling services | Recommend supervised study groups
GP,M,15,portuguese,8,9,10,0,9.904062903423979,0.22,LOW,Low study time | Low first-period performance | Low second-period performance | High social outings | Alcohol consumption | Excessive free time,LOW,Assign structured study timetable and peer mentoring | Provide foundational revision sessions | Offer targeted tutoring for weak topics | Advise on time management and reduced social distractions | Refer to wellness/counselling services | Recommend supervised study groups
GP,M,16,portuguese,9,8,8,1,8.64798150879977,0.86,CRITICAL,Previous academic failures | Low study time | Low first-period performance | Low second-period performance | Alcohol consumption | Poor health,HIGH,Immediate academic counselling required | Refer to remedial classes for failed courses | Assign structured study timetable and peer mentoring | Provide foundational revision sessions | Offer targeted tutoring for weak topics | Refer to wellness/counselling services | Recommend medical check-up and health support
GP,M,17,portuguese,8,8,8,1,7.99549702013984,0.685,HIGH,Low first-period performance | Low second-period performance | High social outings | Alcohol consumption,MEDIUM,Schedule meeting with academic adviser | Provide foundational revision sessions | Offer targeted tutoring for weak topics | Advise on time management and reduced social distractions | Refer to wellness/counselling services
GP,M,17,portuguese,8,7,8,1,8.293361420522128,0.895,CRITICAL,Previous academic failures | High absenteeism | Low study time | Low first-period performance | Low second-period performance | Poor health | Excessive free time,HIGH,Immediate academic counselling required | Refer to remedial classes for failed courses | Send attendance warning to student and guardian | Assign structured study timetable and peer mentoring | Provide foundational revision sessions | Offer targeted tutoring for weak topics | Recommend medical check-up and health support | Recommend supervised study groups
GP,M,16,portuguese,9,10,11,0,10.603115991290464,0.195,LOW,Low first-period performance | High social outings | Alcohol consumption,LOW,Provide foundational revision sessions | Advise on time management and reduced social distractions | Refer to wellness/counselling services
GP,F,16,portuguese,17,17,18,0,17.43501838322628,0.0,LOW,No significant risk factors identified,LOW,Continue current academic progress monitoring
GP,F,16,portuguese,12,12,13,0,12.944009947684307,0.0,LOW,High social outings,LOW,Advise on time management and reduced social distractions
GP,F,16,portuguese,16,16,17,0,16.574731571561035,0.0,LOW,Excessive free time,LOW,Recommend supervised study groups
GP,M,16,portuguese,9,9,10,0,9.783459094130176,0.185,LOW,Previous academic failures | Low study time | Low first-period performance | Low second-period performance | High social outings | Alcohol consumption | Poor health | Excessive free time,LOW,Refer to remedial classes for failed courses | Assign structured study timetable and peer mentoring | Provide foundational revision sessions | Offer targeted tutoring for weak topics | Advise on time management and reduced social distractions | Refer to wellness/counselling services | Recommend medical check-up and health support | Recommend supervised study groups
GP,M,16,portuguese,16,17,18,0,17.69145125669007,0.005,LOW,No significant risk factors identified,LOW,Continue current academic progress monitoring
GP,M,17,portuguese,11,9,10,0,9.670010592858793,0.06,LOW,Low second-period performance | High social outings | Excessive free time,LOW,Offer targeted tutoring for weak topics | Advise on time management and reduced social distractions | Recommend supervised study groups
GP,F,16,portuguese,14,13,13,0,12.877123373217534,0.0,LOW,High social outings,LOW,Advise on time management and reduced social distractions
GP,F,16,portuguese,14,14,15,0,14.597463488274375,0.04,LOW,High social outings | Excessive free time,LOW,Advise on time management and reduced social distractions | Recommend supervised study groups
GP,M,17,portuguese,10,11,11,0,11.081213797170893,0.01,LOW,High social outings | Alcohol consumption | Excessive free time,LOW,Advise on time management and reduced social distractions | Refer to wellness/counselling services | Recommend supervised study groups
GP,F,16,portuguese,13,12,14,0,12.515063283511134,0.005,LOW,High social outings | Alcohol consumption | Excessive free time,LOW,Advise on time management and reduced social distractions | Refer to wellness/counselling services | Recommend supervised study groups
GP,M,17,portuguese,11,9,10,0,10.290338963820925,0.045,LOW,Low second-period performance | High social outings | Alcohol consumption,LOW,Offer targeted tutoring for weak topics | Advise on time management and reduced social distractions | Refer to wellness/counselling services
GP,M,16,portuguese,10,9,11,0,10.30896773559262,0.11,LOW,High absenteeism | Low study time | Low second-period performance | Alcohol consumption,LOW,Send attendance warning to student and guardian | Assign structured study timetable and peer mentoring | Offer targeted tutoring for weak topics | Refer to wellness/counselling services
GP,M,17,portuguese,11,11,13,0,11.616446157445314,0.0,LOW,Poor health,LOW,Recommend medical check-up and health support
GP,M,16,portuguese,11,10,11,0,10.681313980803239,0.01,LOW,Excessive free time,LOW,Recommend supervised study groups
GP,M,16,portuguese,11,12,13,0,12.689906067648023,0.0,LOW,No significant risk factors identified,LOW,Continue current academic progress monitoring
GP,F,17,portuguese,17,18,17,0,17.302554599183754,0.005,LOW,Excessive free time,LOW,Recommend supervised study groups
GP,F,17,portuguese,14,13,14,0,13.801089471074203,0.045,LOW,High absenteeism | Poor health,LOW,Send attendance warning to student and guardian | Recommend medical check-up and health support
GP,F,16,portuguese,14,15,16,0,14.602518796475454,0.015,LOW,High absenteeism | Poor health | Poor family relationship,LOW,Send attendance warning to student and guardian | Recommend medical check-up and health support | Suggest family engagement or counselling
GP,M,17,portuguese,11,13,14,0,13.448138655601255,0.0,LOW,High absenteeism | High social outings,LOW,Send attendance warning to student and guardian | Advise on time management and reduced social distractions
GP,M,16,portuguese,10,9,11,0,9.410961571882133,0.055,LOW,Low study time | Low second-period performance,LOW,Assign structured study timetable and peer mentoring | Offer targeted tutoring for weak topics
GP,M,16,portuguese,13,14,16,0,14.362733088195425,0.005,LOW,No significant risk factors identified,LOW,Continue current academic progress monitoring
GP,F,17,portuguese,12,13,14,0,13.661117246287114,0.0,LOW,High absenteeism,LOW,Send attendance warning to student and guardian
GP,M,17,portuguese,9,9,10,0,10.146775536746334,0.115,LOW,High absenteeism | Low first-period performance | Low second-period performance | Alcohol consumption,LOW,Send attendance warning to student and guardian | Provide foundational revision sessions | Offer targeted tutoring for weak topics | Refer to wellness/counselling services
GP,F,16,portuguese,12,12,13,0,12.896501297786182,0.0,LOW,High absenteeism | Poor health,LOW,Send attendance warning to student and guardian | Recommend medical check-up and health support
GP,F,17,portuguese,12,11,12,0,11.365066842394473,0.0,LOW,No significant risk factors identified,LOW,Continue current academic progress monitoring
GP,M,17,portuguese,10,11,12,0,11.861484797012755,0.045,LOW,High absenteeism | High social outings | Alcohol consumption | Excessive free time,LOW,Send attendance warning to student and guardian | Advise on time management and reduced social distractions | Refer to wellness/counselling services | Recommend supervised study groups
GP,M,16,portuguese,11,10,10,0,10.798807589345417,0.04,LOW,Low study time | Alcohol consumption,LOW,Assign structured study timetable and peer mentoring | Refer to wellness/counselling services
GP,M,16,portuguese,13,12,12,0,12.78850775000115,0.0,LOW,Low study time,LOW,Assign structured study timetable and peer mentoring
GP,F,17,portuguese,14,15,16,0,15.323317159492113,0.0,LOW,High absenteeism,LOW,Send attendance warning to student and guardian
GP,M,17,portuguese,13,13,14,0,13.479410073173241,0.0,LOW,Low study time,LOW,Assign structured study timetable and peer mentoring
GP,M,16,portuguese,10,11,12,0,11.49795890575904,0.07,LOW,High absenteeism | Low study time | High social outings | Alcohol consumption,LOW,Send attendance warning to student and guardian | Assign structured study timetable and peer mentoring | Advise on time management and reduced social distractions | Refer to wellness/counselling services
GP,F,17,portuguese,14,15,16,0,15.719416197581017,0.07,LOW,Previous academic failures | High absenteeism | Low study time | High social outings | Poor health,LOW,Refer to remedial classes for failed courses | Send attendance warning to student and guardian | Assign structured study timetable and peer mentoring | Advise on time management and reduced social distractions | Recommend medical check-up and health support
GP,F,16,portuguese,11,10,11,0,10.939663426744172,0.025,LOW,Excessive free time,LOW,Recommend supervised study groups
GP,F,16,portuguese,14,14,15,0,14.733198105544313,0.0,LOW,High social outings | Alcohol consumption | Poor health,LOW,Advise on time management and reduced social distractions | Refer to wellness/counselling services | Recommend medical check-up and health support
GP,F,16,portuguese,11,12,12,0,12.361974672568447,0.0,LOW,Excessive free time,LOW,Recommend supervised study groups
GP,F,17,portuguese,14,15,15,0,15.461345319008638,0.005,LOW,High social outings | Poor health | Excessive free time,LOW,Advise on time management and reduced social distractions | Recommend medical check-up and health support | Recommend supervised study groups
GP,F,17,portuguese,13,13,13,0,13.00768290964417,0.035,LOW,High absenteeism | Low study time,LOW,Send attendance warning to student and guardian | Assign structured study timetable and peer mentoring
GP,F,16,portuguese,13,13,13,0,13.395617403240788,0.01,LOW,High absenteeism | High social outings,LOW,Send attendance warning to student and guardian | Advise on time management and reduced social distractions
GP,F,17,portuguese,8,9,8,1,8.733103227990167,0.64,HIGH,Previous academic failures | High absenteeism | Low first-period performance | Low second-period performance | Alcohol consumption | Excessive free time,MEDIUM,Schedule meeting with academic adviser | Refer to remedial classes for failed courses | Send attendance warning to student and guardian | Provide foundational revision sessions | Offer targeted tutoring for weak topics | Refer to wellness/counselling services | Recommend supervised study groups
GP,F,16,portuguese,11,11,12,0,11.591567094857151,0.015,LOW,Poor family relationship,LOW,Suggest family engagement or counselling
GP,F,16,portuguese,14,15,15,0,15.7587197574678,0.015,LOW,Poor health | Poor family relationship,LOW,Recommend medical check-up and health support | Suggest family engagement or counselling
GP,F,16,portuguese,12,13,13,0,12.871783353504464,0.01,LOW,Low study time | Alcohol consumption,LOW,Assign structured study timetable and peer mentoring | Refer to wellness/counselling services
GP,F,17,portuguese,11,12,12,0,12.653355030851545,0.0,LOW,Excessive free time,LOW,Recommend supervised study groups
GP,F,19,portuguese,12,12,12,0,12.60653255601952,0.015,LOW,No significant risk factors identified,LOW,Continue current academic progress monitoring
GP,M,17,portuguese,13,12,12,0,12.565967218281289,0.04,LOW,High absenteeism | High social outings | Alcohol consumption,LOW,Send attendance warning to student and guardian | Advise on time management and reduced social distractions | Refer to wellness/counselling services
GP,F,16,portuguese,13,13,13,0,13.203730538351143,0.0,LOW,High social outings,LOW,Advise on time management and reduced social distractions
GP,M,18,portuguese,12,11,11,0,11.432012932607789,0.005,LOW,High absenteeism | High social outings | Alcohol consumption | Excessive free time,LOW,Send attendance warning to student and guardian | Advise on time management and reduced social distractions | Refer to wellness/counselling services | Recommend supervised study groups
GP,F,17,portuguese,12,11,11,0,11.534869526458014,0.015,LOW,High absenteeism | Low study time,LOW,Send attendance warning to student and guardian | Assign structured study timetable and peer mentoring
GP,F,17,portuguese,14,16,15,0,16.18598187040269,0.005,LOW,High social outings | Poor health | Excessive free time,LOW,Advise on time management and reduced social distractions | Recommend medical check-up and health support | Recommend supervised study groups
GP,F,17,portuguese,11,9,10,0,10.050617202912369,0.2,LOW,High absenteeism | Low second-period performance | High social outings | Alcohol consumption | Poor health | Excessive free time,LOW,Send attendance warning to student and guardian | Offer targeted tutoring for weak topics | Advise on time management and reduced social distractions | Refer to wellness/counselling services | Recommend medical check-up and health support | Recommend supervised study groups
GP,M,18,portuguese,10,10,10,0,10.866189217936743,0.035,LOW,High absenteeism | High social outings | Alcohol consumption,LOW,Send attendance warning to student and guardian | Advise on time management and reduced social distractions | Refer to wellness/counselling services
GP,F,17,portuguese,12,13,13,0,13.031736614442535,0.005,LOW,Low study time | Alcohol consumption,LOW,Assign structured study timetable and peer mentoring | Refer to wellness/counselling services
GP,F,17,portuguese,12,12,13,0,12.423218460771144,0.0,LOW,No significant risk factors identified,LOW,Continue current academic progress monitoring
GP,F,17,portuguese,11,10,11,0,10.650167949863315,0.025,LOW,High social outings,LOW,Advise on time management and reduced social distractions
GP,F,17,portuguese,12,12,12,0,12.495973685211323,0.01,LOW,High absenteeism | High social outings,LOW,Send attendance warning to student and guardian | Advise on time management and reduced social distractions
GP,F,16,portuguese,13,13,14,0,13.266984104527378,0.005,LOW,Poor family relationship,LOW,Suggest family engagement or counselling
GP,M,18,portuguese,10,9,10,0,10.11265471608898,0.115,LOW,Previous academic failures | High absenteeism | Low second-period performance | Alcohol consumption,LOW,Refer to remedial classes for failed courses | Send attendance warning to student and guardian | Offer targeted tutoring for weak topics | Refer to wellness/counselling services
GP,F,16,portuguese,15,16,16,0,16.18768904428589,0.01,LOW,No significant risk factors identified,LOW,Continue current academic progress monitoring
GP,F,18,portuguese,8,8,8,1,8.251820088208364,0.83,CRITICAL,Low first-period performance | Low second-period performance,HIGH,Immediate academic counselling required | Provide foundational revision sessions | Offer targeted tutoring for weak topics
GP,F,17,portuguese,17,18,17,0,17.915153023729868,0.0,LOW,High social outings,LOW,Advise on time management and reduced social distractions
GP,M,17,portuguese,10,11,11,0,11.330371445948044,0.015,LOW,No significant risk factors identified,LOW,Continue current academic progress monitoring
GP,M,18,portuguese,9,10,11,0,11.113508769592155,0.07,LOW,Low first-period performance | Alcohol consumption,LOW,Provide foundational revision sessions | Refer to wellness/counselling services
GP,F,17,portuguese,15,15,16,0,15.603378362272968,0.005,LOW,No significant risk factors identified,LOW,Continue current academic progress monitoring
GP,F,17,portuguese,14,12,12,0,12.953619788915672,0.0,LOW,No significant risk factors identified,LOW,Continue current academic progress monitoring
GP,M,17,portuguese,12,13,13,0,13.375949037890217,0.0,LOW,Poor health | Excessive free time,LOW,Recommend medical check-up and health support | Recommend supervised study groups
GP,M,17,portuguese,13,13,13,0,12.874778816094285,0.065,LOW,High social outings | Poor health | Excessive free time,LOW,Advise on time management and reduced social distractions | Recommend medical check-up and health support | Recommend supervised study groups
GP,M,16,portuguese,13,13,14,0,13.418613561332942,0.005,LOW,High social outings | Alcohol consumption | Poor health,LOW,Advise on time management and reduced social distractions | Refer to wellness/counselling services | Recommend medical check-up and health support
GP,M,16,portuguese,9,9,9,1,9.701338748849416,0.705,CRITICAL,Low first-period performance | Low second-period performance | Excessive free time,HIGH,Immediate academic counselling required | Provide foundational revision sessions | Offer targeted tutoring for weak topics | Recommend supervised study groups
GP,M,16,portuguese,12,12,12,0,12.691685578605476,0.0,LOW,Poor health,LOW,Recommend medical check-up and health support
GP,M,17,portuguese,16,16,16,0,16.0841839439346,0.005,LOW,Alcohol consumption | Excessive free time,LOW,Refer to wellness/counselling services | Recommend supervised study groups
GP,F,16,portuguese,9,10,10,0,10.090019148940575,0.04,LOW,Low study time | Low first-period performance | Excessive free time,LOW,Assign structured study timetable and peer mentoring | Provide foundational revision sessions | Recommend supervised study groups
GP,F,16,portuguese,14,13,13,0,13.356311660293924,0.005,LOW,No significant risk factors identified,LOW,Continue current academic progress monitoring
GP,F,18,portuguese,10,10,10,0,10.315515478583322,0.035,LOW,Previous academic failures | High absenteeism,LOW,Refer to remedial classes for failed courses | Send attendance warning to student and guardian
GP,F,18,portuguese,9,8,10,0,8.78435394596164,0.655,HIGH,Previous academic failures | High absenteeism | Low first-period performance | Low second-period performance,MEDIUM,Schedule meeting with academic adviser | Refer to remedial classes for failed courses | Send attendance warning to student and guardian | Provide foundational revision sessions | Offer targeted tutoring for weak topics
GP,F,18,portuguese,8,7,7,1,8.716691250816092,0.855,CRITICAL,Previous academic failures | High absenteeism | Low study time | Low first-period performance | Low second-period performance,HIGH,Immediate academic counselling required | Refer to remedial classes for failed courses | Send attendance warning to student and guardian | Assign structured study timetable and peer mentoring | Provide foundational revision sessions | Offer targeted tutoring for weak topics
GP,M,18,portuguese,7,8,8,1,7.984725408087766,0.935,CRITICAL,Previous academic failures | High absenteeism | Low study time | Low first-period performance | Low second-period performance | Poor health | Excessive free time,HIGH,Immediate academic counselling required | Refer to remedial classes for failed courses | Send attendance warning to student and guardian | Assign structured study timetable and peer mentoring | Provide foundational revision sessions | Offer targeted tutoring for weak topics | Recommend medical check-up and health support | Recommend supervised study groups
GP,M,17,portuguese,10,8,9,1,9.070474822322492,0.75,CRITICAL,High absenteeism | Low study time | Low second-period performance,HIGH,Immediate academic counselling required | Send attendance warning to student and guardian | Assign structured study timetable and peer mentoring | Offer targeted tutoring for weak topics
GP,F,17,portuguese,14,14,15,0,14.842711631371813,0.005,LOW,Excessive free time,LOW,Recommend supervised study groups
GP,F,17,portuguese,11,10,10,0,10.778269474591978,0.025,LOW,High absenteeism,LOW,Send attendance warning to student and guardian
GP,F,16,portuguese,12,11,11,0,11.70137080145971,0.07,LOW,Low study time | High social outings,LOW,Assign structured study timetable and peer mentoring | Advise on time management and reduced social distractions
GP,F,17,portuguese,13,13,13,0,13.272412407264275,0.065,LOW,Poor family relationship,LOW,Suggest family engagement or counselling
GP,F,17,portuguese,9,9,8,1,8.34626723373873,0.46,MODERATE,Previous academic failures | High absenteeism | Low study time | Low first-period performance | Low second-period performance | High social outings | Excessive free time,LOW,Refer to remedial classes for failed courses | Send attendance warning to student and guardian | Assign structured study timetable and peer mentoring | Provide foundational revision sessions | Offer targeted tutoring for weak topics | Advise on time management and reduced social distractions | Recommend supervised study groups
GP,M,18,portuguese,8,7,8,1,7.106576652825874,0.88,CRITICAL,High absenteeism | Low first-period performance | Low second-period performance | High social outings | Alcohol consumption | Poor health | Excessive free time,HIGH,Immediate academic counselling required | Send attendance warning to student and guardian | Provide foundational revision sessions | Offer targeted tutoring for weak topics | Advise on time management and reduced social distractions | Refer to wellness/counselling services | Recommend medical check-up and health support | Recommend supervised study groups
GP,F,17,portuguese,11,9,10,0,10.449201411375068,0.09,LOW,Previous academic failures | High absenteeism | Low study time | Low second-period performance | Poor health,LOW,Refer to remedial classes for failed courses | Send attendance warning to student and guardian | Assign structured study timetable and peer mentoring | Offer targeted tutoring for weak topics | Recommend medical check-up and health support
GP,F,17,portuguese,15,14,15,0,14.59127648911915,0.025,LOW,No significant risk factors identified,LOW,Continue current academic progress monitoring
GP,F,17,portuguese,15,14,14,0,15.028102523461161,0.0,LOW,No significant risk factors identified,LOW,Continue current academic progress monitoring
GP,M,17,portuguese,15,15,15,0,15.421746687816123,0.015,LOW,High absenteeism | High social outings | Alcohol consumption | Poor family relationship | Excessive free time,LOW,Send attendance warning to student and guardian | Advise on time management and reduced social distractions | Refer to wellness/counselling services | Suggest family engagement or counselling | Recommend supervised study groups
GP,M,17,portuguese,12,12,12,0,12.89930338834567,0.005,LOW,No significant risk factors identified,LOW,Continue current academic progress monitoring
GP,M,16,portuguese,14,14,15,0,14.785772649227601,0.045,LOW,High absenteeism | Low study time | High social outings | Excessive free time,LOW,Send attendance warning to student and guardian | Assign structured study timetable and peer mentoring | Advise on time management and reduced social distractions | Recommend supervised study groups
GP,M,16,portuguese,14,15,15,0,15.239628055368275,0.01,LOW,Low study time,LOW,Assign structured study timetable and peer mentoring
GP,F,17,portuguese,11,11,12,0,11.245370469441346,0.03,LOW,Alcohol consumption,LOW,Refer to wellness/counselling services
GP,M,17,portuguese,13,14,15,0,14.526600340491196,0.0,LOW,Poor health,LOW,Recommend medical check-up and health support
GP,F,17,portuguese,11,11,11,0,11.75450873938286,0.01,LOW,High absenteeism,LOW,Send attendance warning to student and guardian
GP,F,17,portuguese,10,9,10,0,10.003050325225324,0.11,LOW,High absenteeism | Low second-period performance,LOW,Send attendance warning to student and guardian | Offer targeted tutoring for weak topics
GP,F,18,portuguese,12,10,11,0,10.94429065719729,0.005,LOW,High absenteeism | High social outings | Excessive free time,LOW,Send attendance warning to student and guardian | Advise on time management and reduced social distractions | Recommend supervised study groups
GP,M,16,portuguese,15,16,16,0,16.20440093794879,0.005,LOW,High absenteeism | Low study time,LOW,Send attendance warning to student and guardian | Assign structured study timetable and peer mentoring
GP,F,17,portuguese,11,10,11,0,10.91084514802161,0.0,LOW,High social outings,LOW,Advise on time management and reduced social distractions
GP,M,17,portuguese,9,12,13,0,12.768889005810665,0.025,LOW,Low study time | Low first-period performance | Poor health,LOW,Assign structured study timetable and peer mentoring | Provide foundational revision sessions | Recommend medical check-up and health support
GP,M,22,portuguese,7,8,5,1,5.136187813212845,0.965,CRITICAL,Previous academic failures | High absenteeism | Low study time | Low first-period performance | Low second-period performance | High social outings | Alcohol consumption | Poor health | Excessive free time,HIGH,Immediate academic counselling required | Refer to remedial classes for failed courses | Send attendance warning to student and guardian | Assign structured study timetable and peer mentoring | Provide foundational revision sessions | Offer targeted tutoring for weak topics | Advise on time management and reduced social distractions | Refer to wellness/counselling services | Recommend medical check-up and health support | Recommend supervised study groups
GP,M,18,portuguese,10,9,10,0,10.140120237486752,0.065,LOW,High absenteeism | Low second-period performance,LOW,Send attendance warning to student and guardian | Offer targeted tutoring for weak topics
GP,M,16,portuguese,11,12,11,0,12.500778592994068,0.005,LOW,Low study time | Alcohol consumption,LOW,Assign structured study timetable and peer mentoring | Refer to wellness/counselling services
GP,M,18,portuguese,7,8,7,1,8.188286154941315,0.91,CRITICAL,High absenteeism | Low study time | Low first-period performance | Low second-period performance | High social outings | Alcohol consumption | Excessive free time,HIGH,Immediate academic counselling required | Send attendance warning to student and guardian | Assign structured study timetable and peer mentoring | Provide foundational revision sessions | Offer targeted tutoring for weak topics | Advise on time management and reduced social distractions | Refer to wellness/counselling services | Recommend supervised study groups
GP,M,16,portuguese,9,11,10,0,11.078246797098773,0.115,LOW,Previous academic failures | Low first-period performance | Poor health,LOW,Refer to remedial classes for failed courses | Provide foundational revision sessions | Recommend medical check-up and health support
GP,M,18,portuguese,7,8,6,1,7.029102387524141,0.915,CRITICAL,Previous academic failures | Low study time | Low first-period performance | Low second-period performance | High social outings | Alcohol consumption,HIGH,Immediate academic counselling required | Refer to remedial classes for failed courses | Assign structured study timetable and peer mentoring | Provide foundational revision sessions | Offer targeted tutoring for weak topics | Advise on time management and reduced social distractions | Refer to wellness/counselling services
GP,M,16,portuguese,14,13,12,0,13.286380908095683,0.01,LOW,Low study time,LOW,Assign structured study timetable and peer mentoring
GP,M,17,portuguese,12,12,13,0,12.682488496954287,0.0,LOW,Low study time | Alcohol consumption | Excessive free time,LOW,Assign structured study timetable and peer mentoring | Refer to wellness/counselling services | Recommend supervised study groups
GP,M,17,portuguese,9,10,10,0,9.957937542976477,0.035,LOW,Previous academic failures | Low study time | Low first-period performance | High social outings | Excessive free time,LOW,Refer to remedial classes for failed courses | Assign structured study timetable and peer mentoring | Provide foundational revision sessions | Advise on time management and reduced social distractions | Recommend supervised study groups
GP,F,18,portuguese,12,12,13,0,12.830154695478797,0.005,LOW,High social outings,LOW,Advise on time management and reduced social distractions
GP,F,17,portuguese,14,15,17,0,15.70545134784265,0.0,LOW,No significant risk factors identified,LOW,Continue current academic progress monitoring
GP,F,19,portuguese,10,10,11,0,10.236827639524332,0.02,LOW,No significant risk factors identified,LOW,Continue current academic progress monitoring
GP,M,18,portuguese,11,10,11,0,10.929889496840088,0.07,LOW,Previous academic failures | High social outings | Alcohol consumption | Excessive free time,LOW,Refer to remedial classes for failed courses | Advise on time management and reduced social distractions | Refer to wellness/counselling services | Recommend supervised study groups
GP,F,17,portuguese,11,12,14,0,12.694735824684885,0.0,LOW,High social outings,LOW,Advise on time management and reduced social distractions
GP,F,18,portuguese,11,12,14,0,12.714664849915792,0.005,LOW,Excessive free time,LOW,Recommend supervised study groups
GP,F,18,portuguese,11,11,13,0,11.494133364711937,0.01,LOW,No significant risk factors identified,LOW,Continue current academic progress monitoring
GP,M,19,portuguese,11,13,14,0,13.648023447388598,0.005,LOW,Poor health,LOW,Recommend medical check-up and health support
GP,M,18,portuguese,16,16,16,0,16.223453542209196,0.0,LOW,High social outings,LOW,Advise on time management and reduced social distractions
GP,M,17,portuguese,9,10,10,0,10.693741446218631,0.075,LOW,Low study time | Low first-period performance,LOW,Assign structured study timetable and peer mentoring | Provide foundational revision sessions
GP,F,17,portuguese,10,11,12,0,10.887562253016762,0.02,LOW,Poor health | Excessive free time,LOW,Recommend medical check-up and health support | Recommend supervised study groups
GP,F,20,portuguese,10,12,12,0,11.993587929758615,0.065,LOW,High absenteeism | Poor health | Poor family relationship,LOW,Send attendance warning to student and guardian | Recommend medical check-up and health support | Suggest family engagement or counselling
GP,F,18,portuguese,15,15,15,0,15.759292607302559,0.005,LOW,Poor health,LOW,Recommend medical check-up and health support
GP,M,18,portuguese,10,10,11,0,10.94339870253602,0.015,LOW,No significant risk factors identified,LOW,Continue current academic progress monitoring
GP,M,18,portuguese,10,11,12,0,11.376331557155664,0.01,LOW,No significant risk factors identified,LOW,Continue current academic progress monitoring
GP,F,17,portuguese,15,12,13,0,13.349512552380611,0.0,LOW,No significant risk factors identified,LOW,Continue current academic progress monitoring
GP,F,18,portuguese,11,12,13,0,11.463950495731172,0.02,LOW,No significant risk factors identified,LOW,Continue current academic progress monitoring
GP,M,17,portuguese,8,8,9,1,8.67518947092166,0.625,HIGH,High absenteeism | Low study time | Low first-period performance | Low second-period performance | High social outings | Excessive free time,MEDIUM,Schedule meeting with academic adviser | Send attendance warning to student and guardian | Assign structured study timetable and peer mentoring | Provide foundational revision sessions | Offer targeted tutoring for weak topics | Advise on time management and reduced social distractions | Recommend supervised study groups
GP,M,18,portuguese,15,16,16,0,16.329962413454552,0.01,LOW,High absenteeism | High social outings | Alcohol consumption | Poor health,LOW,Send attendance warning to student and guardian | Advise on time management and reduced social distractions | Refer to wellness/counselling services | Recommend medical check-up and health support
GP,M,17,portuguese,11,11,14,0,11.600091510468543,0.01,LOW,High social outings | Alcohol consumption | Excessive free time,LOW,Advise on time management and reduced social distractions | Refer to wellness/counselling services | Recommend supervised study groups
GP,F,18,portuguese,10,11,12,0,11.480899350779305,0.015,LOW,High absenteeism | High social outings,LOW,Send attendance warning to student and guardian | Advise on time management and reduced social distractions
GP,M,18,portuguese,10,12,14,0,12.45757291300755,0.015,LOW,High social outings | Excessive free time,LOW,Advise on time management and reduced social distractions | Recommend supervised study groups
GP,F,18,portuguese,8,9,10,0,9.556926395444078,0.13,LOW,High absenteeism | Low first-period performance | Low second-period performance | High social outings,LOW,Send attendance warning to student and guardian | Provide foundational revision sessions | Offer targeted tutoring for weak topics | Advise on time management and reduced social distractions
GP,F,19,portuguese,11,12,12,0,12.129798960022487,0.025,LOW,High absenteeism | High social outings | Alcohol consumption,LOW,Send attendance warning to student and guardian | Advise on time management and reduced social distractions | Refer to wellness/counselling services
GP,F,18,portuguese,16,16,16,0,16.11471700568526,0.01,LOW,High absenteeism | High social outings | Poor health | Excessive free time,LOW,Send attendance warning to student and guardian | Advise on time management and reduced social distractions | Recommend medical check-up and health support | Recommend supervised study groups
GP,F,18,portuguese,13,13,13,0,13.45925529212286,0.015,LOW,Excessive free time,LOW,Recommend supervised study groups
GP,M,17,portuguese,16,17,18,0,17.27265271160821,0.01,LOW,Poor health | Excessive free time,LOW,Recommend medical check-up and health support | Recommend supervised study groups
GP,F,18,portuguese,14,14,15,0,14.663629293296378,0.0,LOW,High absenteeism | High social outings | Poor health,LOW,Send attendance warning to student and guardian | Advise on time management and reduced social distractions | Recommend medical check-up and health support
GP,F,17,portuguese,15,16,16,0,16.40737396689154,0.0,LOW,High absenteeism | Poor health,LOW,Send attendance warning to student and guardian | Recommend medical check-up and health support
GP,F,17,portuguese,12,12,12,0,12.416535390299451,0.0,LOW,High absenteeism | High social outings | Excessive free time,LOW,Send attendance warning to student and guardian | Advise on time management and reduced social distractions | Recommend supervised study groups
GP,F,18,portuguese,12,9,10,0,10.31109707155521,0.215,LOW,High absenteeism | Low second-period performance,LOW,Send attendance warning to student and guardian | Offer targeted tutoring for weak topics
GP,M,18,portuguese,11,12,12,0,12.650942773189755,0.005,LOW,High absenteeism | Low study time | High social outings | Alcohol consumption,LOW,Send attendance warning to student and guardian | Assign structured study timetable and peer mentoring | Advise on time management and reduced social distractions | Refer to wellness/counselling services
GP,F,18,portuguese,14,12,13,0,12.485441741459743,0.155,LOW,Previous academic failures | High social outings | Poor family relationship | Excessive free time,LOW,Refer to remedial classes for failed courses | Advise on time management and reduced social distractions | Suggest family engagement or counselling | Recommend supervised study groups
GP,F,17,portuguese,13,15,15,0,15.439123767767333,0.01,LOW,High absenteeism | Poor health,LOW,Send attendance warning to student and guardian | Recommend medical check-up and health support
GP,F,19,portuguese,9,8,10,0,8.759586242090116,0.24,LOW,Previous academic failures | Low first-period performance | Low second-period performance | Alcohol consumption,LOW,Refer to remedial classes for failed courses | Provide foundational revision sessions | Offer targeted tutoring for weak topics | Refer to wellness/counselling services
GP,M,18,portuguese,10,10,10,0,10.223729097791265,0.005,LOW,Low study time | Poor health,LOW,Assign structured study timetable and peer mentoring | Recommend medical check-up and health support
GP,M,18,portuguese,10,10,11,0,10.652972400270924,0.065,LOW,High absenteeism | Low study time | High social outings | Alcohol consumption | Excessive free time,LOW,Send attendance warning to student and guardian | Assign structured study timetable and peer mentoring | Advise on time management and reduced social distractions | Refer to wellness/counselling services | Recommend supervised study groups
GP,M,17,portuguese,11,11,10,0,10.27507937139998,0.11,LOW,High absenteeism | Low study time | High social outings | Alcohol consumption | Excessive free time,LOW,Send attendance warning to student and guardian | Assign structured study timetable and peer mentoring | Advise on time management and reduced social distractions | Refer to wellness/counselling services | Recommend supervised study groups
GP,M,17,portuguese,13,13,13,0,12.92051249267668,0.035,LOW,High absenteeism | Low study time | High social outings | Alcohol consumption | Excessive free time,LOW,Send attendance warning to student and guardian | Assign structured study timetable and peer mentoring | Advise on time management and reduced social distractions | Refer to wellness/counselling services | Recommend supervised study groups
GP,F,18,portuguese,17,17,18,0,17.596721872328498,0.005,LOW,No significant risk factors identified,LOW,Continue current academic progress monitoring
GP,F,18,portuguese,12,13,13,0,12.550648856022455,0.005,LOW,High social outings | Excessive free time,LOW,Advise on time management and reduced social distractions | Recommend supervised study groups
GP,F,17,portuguese,12,12,14,0,12.974960391992058,0.005,LOW,High absenteeism | High social outings | Excessive free time,LOW,Send attendance warning to student and guardian | Advise on time management and reduced social distractions | Recommend supervised study groups
GP,F,18,portuguese,12,13,14,0,13.29731928081952,0.06,LOW,High absenteeism,LOW,Send attendance warning to student and guardian
GP,M,17,portuguese,12,12,12,0,12.812554216525772,0.0,LOW,No significant risk factors identified,LOW,Continue current academic progress monitoring
GP,F,18,portuguese,18,18,18,0,17.935848142656408,0.0,LOW,Poor health,LOW,Recommend medical check-up and health support
GP,F,17,portuguese,13,13,14,0,13.454863035666591,0.0,LOW,No significant risk factors identified,LOW,Continue current academic progress monitoring
GP,M,18,portuguese,14,15,15,0,15.004013248748748,0.0,LOW,High social outings | Poor health,LOW,Advise on time management and reduced social distractions | Recommend medical check-up and health support
GP,M,18,portuguese,17,17,17,0,16.952786318816102,0.0,LOW,Poor health | Excessive free time,LOW,Recommend medical check-up and health support | Recommend supervised study groups
GP,M,18,portuguese,15,16,16,0,16.246094678810795,0.0,LOW,Alcohol consumption,LOW,Refer to wellness/counselling services
GP,F,17,portuguese,17,18,18,0,18.09965157991073,0.0,LOW,No significant risk factors identified,LOW,Continue current academic progress monitoring
GP,F,17,portuguese,18,19,19,0,18.970934889128788,0.03,LOW,No significant risk factors identified,LOW,Continue current academic progress monitoring
GP,M,18,portuguese,14,15,15,0,15.128170954300247,0.005,LOW,Excessive free time,LOW,Recommend supervised study groups
GP,M,17,portuguese,14,15,15,0,15.42815699108596,0.0,LOW,Low study time | Excessive free time,LOW,Assign structured study timetable and peer mentoring | Recommend supervised study groups
GP,F,19,portuguese,14,13,13,0,13.32302918786738,0.025,LOW,High social outings | Poor health | Poor family relationship,LOW,Advise on time management and reduced social distractions | Recommend medical check-up and health support | Suggest family engagement or counselling
GP,F,18,portuguese,13,14,14,0,14.300884151587793,0.03,LOW,High social outings | Poor health | Excessive free time,LOW,Advise on time management and reduced social distractions | Recommend medical check-up and health support | Recommend supervised study groups
GP,F,18,portuguese,16,17,17,0,17.46485583389127,0.0,LOW,No significant risk factors identified,LOW,Continue current academic progress monitoring
GP,M,18,portuguese,18,18,17,0,17.223972683345295,0.025,LOW,Low study time | Poor health | Poor family relationship | Excessive free time,LOW,Assign structured study timetable and peer mentoring | Recommend medical check-up and health support | Suggest family engagement or counselling | Recommend supervised study groups
GP,F,18,portuguese,14,15,15,0,15.175935833265944,0.01,LOW,High social outings,LOW,Advise on time management and reduced social distractions
GP,M,17,portuguese,12,13,13,0,12.976764262327002,0.005,LOW,Low study time,LOW,Assign structured study timetable and peer mentoring
GP,F,17,portuguese,7,7,8,1,5.644372399108506,0.875,CRITICAL,Low first-period performance | Low second-period performance | High social outings,HIGH,Immediate academic counselling required | Provide foundational revision sessions | Offer targeted tutoring for weak topics | Advise on time management and reduced social distractions
GP,F,17,portuguese,16,16,16,0,16.70650966446679,0.0,LOW,No significant risk factors identified,LOW,Continue current academic progress monitoring
GP,F,17,portuguese,18,18,18,0,18.119791676407196,0.0,LOW,No significant risk factors identified,LOW,Continue current academic progress monitoring
GP,M,19,portuguese,9,10,11,0,8.563920879383344,0.155,LOW,Previous academic failures | Low first-period performance,LOW,Refer to remedial classes for failed courses | Provide foundational revision sessions
GP,M,20,portuguese,14,15,15,0,14.808982905408662,0.07,LOW,Previous academic failures | Low study time | Excessive free time,LOW,Refer to remedial classes for failed courses | Assign structured study timetable and peer mentoring | Recommend supervised study groups
GP,M,19,portuguese,10,10,11,0,10.507997684299212,0.025,LOW,Excessive free time,LOW,Recommend supervised study groups
GP,F,18,portuguese,10,10,11,0,10.713501824470246,0.035,LOW,High social outings | Excessive free time,LOW,Advise on time management and reduced social distractions | Recommend supervised study groups
GP,F,18,portuguese,12,12,15,0,12.635554377196147,0.0,LOW,Poor health,LOW,Recommend medical check-up and health support
GP,F,17,portuguese,11,12,14,0,12.910468474650928,0.015,LOW,No significant risk factors identified,LOW,Continue current academic progress monitoring
GP,F,17,portuguese,15,16,17,0,16.33253333448959,0.0,LOW,Low study time | High social outings | Excessive free time,LOW,Assign structured study timetable and peer mentoring | Advise on time management and reduced social distractions | Recommend supervised study groups
GP,F,18,portuguese,14,15,17,0,15.565303256041748,0.0,LOW,High social outings,LOW,Advise on time management and reduced social distractions
GP,F,18,portuguese,12,12,15,0,13.032822795698094,0.005,LOW,High absenteeism | Low study time | High social outings | Alcohol consumption | Poor health,LOW,Send attendance warning to student and guardian | Assign structured study timetable and peer mentoring | Advise on time management and reduced social distractions | Refer to wellness/counselling services | Recommend medical check-up and health support
GP,F,17,portuguese,15,15,17,0,15.736450655780812,0.005,LOW,High social outings | Alcohol consumption,LOW,Advise on time management and reduced social distractions | Refer to wellness/counselling services
GP,F,18,portuguese,11,12,14,0,12.87183472209926,0.015,LOW,High absenteeism | High social outings,LOW,Send attendance warning to student and guardian | Advise on time management and reduced social distractions
GP,M,19,portuguese,11,10,10,0,10.86383840360378,0.01,LOW,High absenteeism | High social outings | Poor health | Excessive free time,LOW,Send attendance warning to student and guardian | Advise on time management and reduced social distractions | Recommend medical check-up and health support | Recommend supervised study groups
GP,F,18,portuguese,12,11,13,0,11.724907067608136,0.0,LOW,High social outings | Alcohol consumption | Excessive free time,LOW,Advise on time management and reduced social distractions | Refer to wellness/counselling services | Recommend supervised study groups
GP,F,18,portuguese,11,12,14,0,12.951244667958363,0.0,LOW,Low study time | High social outings | Poor health | Excessive free time,LOW,Assign structured study timetable and peer mentoring | Advise on time management and reduced social distractions | Recommend medical check-up and health support | Recommend supervised study groups
GP,F,17,portuguese,14,15,17,0,15.464033215832409,0.005,LOW,Low study time | High social outings,LOW,Assign structured study timetable and peer mentoring | Advise on time management and reduced social distractions
GP,F,17,portuguese,15,14,17,0,15.364638905123776,0.015,LOW,High absenteeism,LOW,Send attendance warning to student and guardian
GP,F,17,portuguese,12,12,13,0,12.677864680572059,0.0,LOW,No significant risk factors identified,LOW,Continue current academic progress monitoring
GP,F,17,portuguese,11,12,14,0,12.60167384569265,0.0,LOW,Poor health,LOW,Recommend medical check-up and health support
GP,M,18,portuguese,8,9,11,0,10.297282165655217,0.17,LOW,Low study time | Low first-period performance | Low second-period performance | High social outings | Alcohol consumption,LOW,Assign structured study timetable and peer mentoring | Provide foundational revision sessions | Offer targeted tutoring for weak topics | Advise on time management and reduced social distractions | Refer to wellness/counselling services
GP,F,19,portuguese,10,10,11,0,10.766903157622124,0.08,LOW,High absenteeism | High social outings | Alcohol consumption | Poor family relationship | Excessive free time,LOW,Send attendance warning to student and guardian | Advise on time management and reduced social distractions | Refer to wellness/counselling services | Suggest family engagement or counselling | Recommend supervised study groups
GP,F,19,portuguese,8,8,9,1,8.607061018729345,0.9,CRITICAL,Previous academic failures | Low first-period performance | Low second-period performance | High social outings,HIGH,Immediate academic counselling required | Refer to remedial classes for failed courses | Provide foundational revision sessions | Offer targeted tutoring for weak topics | Advise on time management and reduced social distractions
GP,F,18,portuguese,10,10,10,0,10.720422954800032,0.035,LOW,Low study time | High social outings | Alcohol consumption,LOW,Assign structured study timetable and peer mentoring | Advise on time management and reduced social distractions | Refer to wellness/counselling services
GP,F,17,portuguese,14,13,13,0,13.93594713631188,0.005,LOW,No significant risk factors identified,LOW,Continue current academic progress monitoring
GP,F,17,portuguese,11,11,10,0,11.244912152488393,0.0,LOW,No significant risk factors identified,LOW,Continue current academic progress monitoring
GP,F,17,portuguese,17,18,17,0,17.624735934066578,0.005,LOW,Excessive free time,LOW,Recommend supervised study groups
GP,F,17,portuguese,14,14,15,0,14.085576990505018,0.0,LOW,Poor health,LOW,Recommend medical check-up and health support
GP,F,18,portuguese,14,14,14,0,13.990883330076452,0.01,LOW,High social outings | Poor health | Excessive free time,LOW,Advise on time management and reduced social distractions | Recommend medical check-up and health support | Recommend supervised study groups
GP,M,18,portuguese,13,14,13,0,14.071320564595839,0.0,LOW,No significant risk factors identified,LOW,Continue current academic progress monitoring
GP,M,17,portuguese,17,18,17,0,17.53866031115781,0.005,LOW,Low study time | High social outings | Alcohol consumption,LOW,Assign structured study timetable and peer mentoring | Advise on time management and reduced social distractions | Refer to wellness/counselling services
GP,M,17,portuguese,11,10,10,0,10.828084244417186,0.05,LOW,Low study time | High social outings | Alcohol consumption | Excessive free time,LOW,Assign structured study timetable and peer mentoring | Advise on time management and reduced social distractions | Refer to wellness/counselling services | Recommend supervised study groups
GP,F,17,portuguese,13,12,13,0,12.754059294746778,0.0,LOW,High social outings | Excessive free time,LOW,Advise on time management and reduced social distractions | Recommend supervised study groups
GP,F,17,portuguese,15,14,15,0,15.097204064617292,0.015,LOW,No significant risk factors identified,LOW,Continue current academic progress monitoring
GP,F,17,portuguese,11,12,11,0,12.716350066312351,0.015,LOW,Low study time | High social outings | Alcohol consumption,LOW,Assign structured study timetable and peer mentoring | Advise on time management and reduced social distractions | Refer to wellness/counselling services
GP,M,18,portuguese,11,11,12,0,10.381521026409239,0.03,LOW,High social outings | Alcohol consumption | Excessive free time,LOW,Advise on time management and reduced social distractions | Refer to wellness/counselling services | Recommend supervised study groups
GP,M,19,portuguese,11,10,10,0,10.516062920668196,0.02,LOW,Low study time | High social outings,LOW,Assign structured study timetable and peer mentoring | Advise on time management and reduced social distractions
GP,F,18,portuguese,10,9,10,0,9.93422113303451,0.085,LOW,Low second-period performance | High social outings | Poor health,LOW,Offer targeted tutoring for weak topics | Advise on time management and reduced social distractions | Recommend medical check-up and health support
GP,F,17,portuguese,15,15,15,0,15.542103724430273,0.01,LOW,Excessive free time,LOW,Recommend supervised study groups
GP,M,18,portuguese,15,14,15,0,14.728523568265222,0.0,LOW,High absenteeism | Low study time | Excessive free time,LOW,Send attendance warning to student and guardian | Assign structured study timetable and peer mentoring | Recommend supervised study groups
GP,F,18,portuguese,10,11,12,0,11.387006779099584,0.0,LOW,High absenteeism | High social outings,LOW,Send attendance warning to student and guardian | Advise on time management and reduced social distractions
GP,F,18,portuguese,10,9,12,0,8.651218787153471,0.065,LOW,Low second-period performance | Poor health,LOW,Offer targeted tutoring for weak topics | Recommend medical check-up and health support
GP,F,18,portuguese,14,13,14,0,13.447882947173191,0.02,LOW,High absenteeism | High social outings | Excessive free time,LOW,Send attendance warning to student and guardian | Advise on time management and reduced social distractions | Recommend supervised study groups
GP,F,17,portuguese,11,13,14,0,13.50705873122901,0.005,LOW,High absenteeism | High social outings | Excessive free time,LOW,Send attendance warning to student and guardian | Advise on time management and reduced social distractions | Recommend supervised study groups
GP,F,17,portuguese,12,13,15,0,13.425006529429213,0.0,LOW,Poor health,LOW,Recommend medical check-up and health support
GP,F,18,portuguese,14,14,15,0,15.185235500260024,0.0,LOW,Poor health,LOW,Recommend medical check-up and health support
GP,F,17,portuguese,14,14,16,0,14.709654689767142,0.005,LOW,Poor health,LOW,Recommend medical check-up and health support
GP,M,18,portuguese,12,12,13,0,11.699607953700557,0.015,LOW,Poor health,LOW,Recommend medical check-up and health support
GP,M,18,portuguese,16,16,17,0,16.286649915572685,0.0,LOW,High absenteeism,LOW,Send attendance warning to student and guardian
GP,F,17,portuguese,10,12,14,0,13.044402659094397,0.025,LOW,High absenteeism,LOW,Send attendance warning to student and guardian
GP,F,18,portuguese,11,12,14,0,12.549927026641713,0.0,LOW,No significant risk factors identified,LOW,Continue current academic progress monitoring
GP,F,18,portuguese,14,16,17,0,16.40559977048353,0.0,LOW,Poor health | Excessive free time,LOW,Recommend medical check-up and health support | Recommend supervised study groups
GP,M,18,portuguese,15,14,17,0,15.321372195063113,0.0,LOW,No significant risk factors identified,LOW,Continue current academic progress monitoring
GP,M,18,portuguese,14,13,14,0,13.708103845112285,0.01,LOW,High social outings | Excessive free time,LOW,Advise on time management and reduced social distractions | Recommend supervised study groups
GP,F,17,portuguese,11,12,13,0,12.706510075296245,0.0,LOW,Excessive free time,LOW,Recommend supervised study groups
GP,F,17,portuguese,12,15,15,0,15.146451448090378,0.0,LOW,High absenteeism | High social outings | Poor health,LOW,Send attendance warning to student and guardian | Advise on time management and reduced social distractions | Recommend medical check-up and health support
GP,F,17,portuguese,12,16,16,0,15.85860041929664,0.0,LOW,High social outings | Alcohol consumption,LOW,Advise on time management and reduced social distractions | Refer to wellness/counselling services
GP,F,19,portuguese,10,11,11,0,11.211470561658162,0.05,LOW,Previous academic failures | High absenteeism | Low study time | Alcohol consumption | Poor family relationship,LOW,Refer to remedial classes for failed courses | Send attendance warning to student and guardian | Assign structured study timetable and peer mentoring | Refer to wellness/counselling services | Suggest family engagement or counselling
GP,F,17,portuguese,10,13,13,0,12.863881173446595,0.045,LOW,Previous academic failures | High absenteeism | Low study time,LOW,Refer to remedial classes for failed courses | Send attendance warning to student and guardian | Assign structured study timetable and peer mentoring
GP,F,21,portuguese,9,12,12,0,9.229703708102585,0.095,LOW,Previous academic failures | Low first-period performance,LOW,Refer to remedial classes for failed courses | Provide foundational revision sessions
GP,M,18,portuguese,9,11,12,0,11.463705187071993,0.09,LOW,High absenteeism | Low first-period performance | High social outings | Excessive free time,LOW,Send attendance warning to student and guardian | Provide foundational revision sessions | Advise on time management and reduced social distractions | Recommend supervised study groups
GP,M,18,portuguese,13,14,15,0,14.39666852361313,0.02,LOW,High absenteeism | High social outings | Alcohol consumption | Poor health,LOW,Send attendance warning to student and guardian | Advise on time management and reduced social distractions | Refer to wellness/counselling services | Recommend medical check-up and health support
GP,F,17,portuguese,13,17,17,0,16.542256458771252,0.0,LOW,High social outings,LOW,Advise on time management and reduced social distractions
GP,M,17,portuguese,12,15,15,0,15.324346188857405,0.0,LOW,Excessive free time,LOW,Recommend supervised study groups
GP,F,18,portuguese,14,17,17,0,16.97151821744771,0.0,LOW,No significant risk factors identified,LOW,Continue current academic progress monitoring
GP,M,21,portuguese,9,10,10,0,9.935093506784632,0.33,MODERATE,Previous academic failures | High absenteeism | Low first-period performance | Alcohol consumption,LOW,Refer to remedial classes for failed courses | Send attendance warning to student and guardian | Provide foundational revision sessions | Refer to wellness/counselling services
GP,F,20,portuguese,11,15,15,0,15.240891083413025,0.045,LOW,High absenteeism,LOW,Send attendance warning to student and guardian
GP,F,19,portuguese,9,10,11,0,10.653272468417583,0.135,LOW,Previous academic failures | Low study time | Low first-period performance | High social outings | Alcohol consumption,LOW,Refer to remedial classes for failed courses | Assign structured study timetable and peer mentoring | Provide foundational revision sessions | Advise on time management and reduced social distractions | Refer to wellness/counselling services
GP,M,17,portuguese,16,18,18,0,17.870838216039843,0.0,LOW,High absenteeism | High social outings | Excessive free time,LOW,Send attendance warning to student and guardian | Advise on time management and reduced social distractions | Recommend supervised study groups
GP,F,18,portuguese,14,17,17,0,17.120115454377512,0.0,LOW,High social outings | Poor health,LOW,Advise on time management and reduced social distractions | Recommend medical check-up and health support
GP,M,18,portuguese,13,14,14,0,14.677229609217681,0.015,LOW,High absenteeism | Low study time | Alcohol consumption,LOW,Send attendance warning to student and guardian | Assign structured study timetable and peer mentoring | Refer to wellness/counselling services
GP,M,19,portuguese,7,11,11,0,10.69359116115272,0.085,LOW,High absenteeism | Low study time | Low first-period performance | High social outings | Alcohol consumption,LOW,Send attendance warning to student and guardian | Assign structured study timetable and peer mentoring | Provide foundational revision sessions | Advise on time management and reduced social distractions | Refer to wellness/counselling services
GP,F,18,portuguese,14,17,17,0,17.125421587579634,0.0,LOW,High absenteeism | High social outings,LOW,Send attendance warning to student and guardian | Advise on time management and reduced social distractions
GP,F,20,portuguese,8,10,10,0,10.236099320593324,0.3,MODERATE,Previous academic failures | Low study time | Low first-period performance,LOW,Refer to remedial classes for failed courses | Assign structured study timetable and peer mentoring | Provide foundational revision sessions
GP,F,18,portuguese,10,13,13,0,13.029223545359043,0.015,LOW,Poor health,LOW,Recommend medical check-up and health support
MS,F,16,portuguese,10,11,11,0,11.12123138229811,0.06,LOW,High absenteeism | Low study time,LOW,Send attendance warning to student and guardian | Assign structured study timetable and peer mentoring
MS,F,16,portuguese,12,12,12,0,12.510619420409968,0.005,LOW,High social outings | Excessive free time,LOW,Advise on time management and reduced social distractions | Recommend supervised study groups
MS,F,15,portuguese,10,10,10,0,10.2772361459124,0.1,LOW,Previous academic failures | High absenteeism | Low study time | Poor health,LOW,Refer to remedial classes for failed courses | Send attendance warning to student and guardian | Assign structured study timetable and peer mentoring | Recommend medical check-up and health support
MS,F,15,portuguese,10,10,11,0,10.515206685117462,0.05,LOW,Low study time | High social outings | Excessive free time,LOW,Assign structured study timetable and peer mentoring | Advise on time management and reduced social distractions | Recommend supervised study groups
MS,F,16,portuguese,16,17,17,0,17.001996914076162,0.005,LOW,Excessive free time,LOW,Recommend supervised study groups
MS,F,15,portuguese,6,8,9,1,8.77745391143918,0.855,CRITICAL,Low study time | Low first-period performance | Low second-period performance | High social outings | Poor health | Poor family relationship,HIGH,Immediate academic counselling required | Assign structured study timetable and peer mentoring | Provide foundational revision sessions | Offer targeted tutoring for weak topics | Advise on time management and reduced social distractions | Recommend medical check-up and health support | Suggest family engagement or counselling
MS,M,16,portuguese,10,11,11,0,11.190543091952382,0.065,LOW,Poor health,LOW,Recommend medical check-up and health support
MS,M,16,portuguese,10,11,11,0,10.957676210057599,0.01,LOW,Excessive free time,LOW,Recommend supervised study groups
MS,F,17,portuguese,10,10,10,0,9.955382857048559,0.295,LOW,Previous academic failures | High social outings | Excessive free time,LOW,Refer to remedial classes for failed courses | Advise on time management and reduced social distractions | Recommend supervised study groups
MS,F,17,portuguese,6,6,7,1,5.028466304136737,0.88,CRITICAL,Previous academic failures | Low study time | Low first-period performance | Low second-period performance | High social outings | Excessive free time,HIGH,Immediate academic counselling required | Refer to remedial classes for failed courses | Assign structured study timetable and peer mentoring | Provide foundational revision sessions | Offer targeted tutoring for weak topics | Advise on time management and reduced social distractions | Recommend supervised study groups
MS,F,15,portuguese,13,14,14,0,14.363169022769132,0.025,LOW,Low study time | Alcohol consumption | Poor family relationship | Excessive free time,LOW,Assign structured study timetable and peer mentoring | Refer to wellness/counselling services | Suggest family engagement or counselling | Recommend supervised study groups
MS,F,16,portuguese,10,9,11,0,9.553874215834904,0.14,LOW,Low second-period performance | Poor health | Poor family relationship,LOW,Offer targeted tutoring for weak topics | Recommend medical check-up and health support | Suggest family engagement or counselling
MS,F,15,portuguese,10,10,10,0,10.353300684603601,0.01,LOW,Excessive free time,LOW,Recommend supervised study groups
MS,F,15,portuguese,6,7,8,1,7.991387940685583,0.92,CRITICAL,Previous academic failures | Low study time | Low first-period performance | Low second-period performance | Poor health | Excessive free time,HIGH,Immediate academic counselling required | Refer to remedial classes for failed courses | Assign structured study timetable and peer mentoring | Provide foundational revision sessions | Offer targeted tutoring for weak topics | Recommend medical check-up and health support | Recommend supervised study groups
MS,F,16,portuguese,12,11,12,0,11.589537745292818,0.02,LOW,Low study time | Poor health,LOW,Assign structured study timetable and peer mentoring | Recommend medical check-up and health support
MS,F,17,portuguese,10,11,12,0,11.188648925661719,0.02,LOW,Low study time | High social outings | Excessive free time,LOW,Assign structured study timetable and peer mentoring | Advise on time management and reduced social distractions | Recommend supervised study groups
MS,F,15,portuguese,14,16,16,0,16.06960978406904,0.005,LOW,Low study time,LOW,Assign structured study timetable and peer mentoring
MS,M,16,portuguese,7,0,0,1,0.06266778775627076,0.895,CRITICAL,Low first-period performance | Low second-period performance | High social outings | Alcohol consumption | Excessive free time,HIGH,Immediate academic counselling required | Provide foundational revision sessions | Offer targeted tutoring for weak topics | Advise on time management and reduced social distractions | Refer to wellness/counselling services | Recommend supervised study groups
MS,M,17,portuguese,8,9,9,1,9.493813386019008,0.705,CRITICAL,Low first-period performance | Low second-period performance | Alcohol consumption | Excessive free time,HIGH,Immediate academic counselling required | Provide foundational revision sessions | Offer targeted tutoring for weak topics | Refer to wellness/counselling services | Recommend supervised study groups
MS,M,15,portuguese,12,13,14,0,13.023926321457163,0.035,LOW,High social outings | Poor health,LOW,Advise on time management and reduced social distractions | Recommend medical check-up and health support
MS,M,15,portuguese,7,9,8,1,8.504625382787882,0.85,CRITICAL,High absenteeism | Low first-period performance | Low second-period performance | High social outings | Poor health,HIGH,Immediate academic counselling required | Send attendance warning to student and guardian | Provide foundational revision sessions | Offer targeted tutoring for weak topics | Advise on time management and reduced social distractions | Recommend medical check-up and health support
MS,M,16,portuguese,9,10,11,0,10.343260276127182,0.045,LOW,Low first-period performance | High social outings | Excessive free time,LOW,Provide foundational revision sessions | Advise on time management and reduced social distractions | Recommend supervised study groups
MS,M,15,portuguese,7,9,9,1,9.117858289829949,0.805,CRITICAL,High absenteeism | Low first-period performance | Low second-period performance | High social outings | Alcohol consumption | Excessive free time,HIGH,Immediate academic counselling required | Send attendance warning to student and guardian | Provide foundational revision sessions | Offer targeted tutoring for weak topics | Advise on time management and reduced social distractions | Refer to wellness/counselling services | Recommend supervised study groups
MS,M,15,portuguese,11,11,11,0,11.0442672126555,0.01,LOW,No significant risk factors identified,LOW,Continue current academic progress monitoring
MS,M,17,portuguese,8,10,9,1,9.58220270088488,0.34,MODERATE,High absenteeism | Low study time | Low first-period performance | High social outings | Alcohol consumption | Excessive free time,LOW,Send attendance warning to student and guardian | Assign structured study timetable and peer mentoring | Provide foundational revision sessions | Advise on time management and reduced social distractions | Refer to wellness/counselling services | Recommend supervised study groups
MS,F,16,portuguese,16,16,17,0,16.644972440365773,0.005,LOW,High absenteeism,LOW,Send attendance warning to student and guardian
MS,F,15,portuguese,11,13,13,0,13.231942367078988,0.05,LOW,Low study time | Poor health,LOW,Assign structured study timetable and peer mentoring | Recommend medical check-up and health support
MS,F,16,portuguese,15,15,15,0,15.42364033291386,0.0,LOW,High social outings | Poor health | Excessive free time,LOW,Advise on time management and reduced social distractions | Recommend medical check-up and health support | Recommend supervised study groups
MS,M,16,portuguese,10,11,11,0,11.097971031836197,0.02,LOW,No significant risk factors identified,LOW,Continue current academic progress monitoring
MS,F,16,portuguese,9,10,11,0,10.55850986206939,0.05,LOW,Low first-period performance | High social outings | Excessive free time,LOW,Provide foundational revision sessions | Advise on time management and reduced social distractions | Recommend supervised study groups
MS,F,16,portuguese,10,8,8,1,7.483793031204084,0.855,CRITICAL,Previous academic failures | Low second-period performance | Poor family relationship,HIGH,Immediate academic counselling required | Refer to remedial classes for failed courses | Offer targeted tutoring for weak topics | Suggest family engagement or counselling
MS,F,16,portuguese,9,8,8,1,8.6687591180438,0.925,CRITICAL,Previous academic failures | Low first-period performance | Low second-period performance | Poor family relationship,HIGH,Immediate academic counselling required | Refer to remedial classes for failed courses | Provide foundational revision sessions | Offer targeted tutoring for weak topics | Suggest family engagement or counselling
MS,F,15,portuguese,9,10,9,1,9.798768212636503,0.69,HIGH,Low first-period performance | Alcohol consumption | Poor health | Excessive free time,MEDIUM,Schedule meeting with academic adviser | Provide foundational revision sessions | Refer to wellness/counselling services | Recommend medical check-up and health support | Recommend supervised study groups
MS,F,16,portuguese,13,14,15,0,14.519419951620417,0.025,LOW,Poor health | Excessive free time,LOW,Recommend medical check-up and health support | Recommend supervised study groups
MS,M,17,portuguese,10,11,11,0,11.196092603608994,0.105,LOW,Low study time | High social outings | Alcohol consumption | Excessive free time,LOW,Assign structured study timetable and peer mentoring | Advise on time management and reduced social distractions | Refer to wellness/counselling services | Recommend supervised study groups
MS,F,16,portuguese,13,10,13,0,12.907044506075554,0.0,LOW,Poor health,LOW,Recommend medical check-up and health support
MS,F,16,portuguese,10,9,10,0,10.061312776933343,0.305,MODERATE,Low second-period performance | Excessive free time,LOW,Offer targeted tutoring for weak topics | Recommend supervised study groups
MS,F,15,portuguese,11,10,11,0,10.4040387835508,0.005,LOW,Poor health,LOW,Recommend medical check-up and health support
MS,F,16,portuguese,13,12,14,0,12.712594152442044,0.08,LOW,Low study time | Alcohol consumption | Poor health,LOW,Assign structured study timetable and peer mentoring | Refer to wellness/counselling services | Recommend medical check-up and health support
MS,F,15,portuguese,13,14,14,0,13.918428755346728,0.015,LOW,Poor health,LOW,Recommend medical check-up and health support
MS,F,15,portuguese,14,11,12,0,11.462849782785288,0.015,LOW,Excessive free time,LOW,Recommend supervised study groups
MS,M,16,portuguese,11,11,11,0,11.06284945883372,0.145,LOW,High absenteeism | Low study time | High social outings | Alcohol consumption | Excessive free time,LOW,Send attendance warning to student and guardian | Assign structured study timetable and peer mentoring | Advise on time management and reduced social distractions | Refer to wellness/counselling services | Recommend supervised study groups
MS,F,18,portuguese,9,8,8,1,7.917217692222071,0.91,CRITICAL,Previous academic failures | High absenteeism | Low first-period performance | Low second-period performance | High social outings | Excessive free time,HIGH,Immediate academic counselling required | Refer to remedial classes for failed courses | Send attendance warning to student and guardian | Provide foundational revision sessions | Offer targeted tutoring for weak topics | Advise on time management and reduced social distractions | Recommend supervised study groups
MS,M,15,portuguese,10,9,11,0,9.34081118140828,0.12,LOW,Low study time | Low second-period performance,LOW,Assign structured study timetable and peer mentoring | Offer targeted tutoring for weak topics
MS,F,16,portuguese,14,13,14,0,13.472092673977743,0.005,LOW,High social outings | Poor health,LOW,Advise on time management and reduced social distractions | Recommend medical check-up and health support
MS,M,15,portuguese,13,12,13,0,12.682625710285027,0.045,LOW,Low study time,LOW,Assign structured study timetable and peer mentoring
MS,M,16,portuguese,13,12,13,0,12.600165657142092,0.03,LOW,No significant risk factors identified,LOW,Continue current academic progress monitoring
MS,F,15,portuguese,13,12,12,0,13.118925772528781,0.0,LOW,High social outings | Poor health | Excessive free time,LOW,Advise on time management and reduced social distractions | Recommend medical check-up and health support | Recommend supervised study groups
MS,F,16,portuguese,12,11,12,0,11.248700989905455,0.065,LOW,Previous academic failures | High social outings | Excessive free time,LOW,Refer to remedial classes for failed courses | Advise on time management and reduced social distractions | Recommend supervised study groups
MS,F,16,portuguese,14,14,16,0,14.487462951045599,0.01,LOW,Low study time,LOW,Assign structured study timetable and peer mentoring
MS,M,16,portuguese,10,8,10,0,8.92072175636579,0.15,LOW,Low study time | Low second-period performance | Poor family relationship | Excessive free time,LOW,Assign structured study timetable and peer mentoring | Offer targeted tutoring for weak topics | Suggest family engagement or counselling | Recommend supervised study groups
MS,M,15,portuguese,10,11,11,0,11.797492696268435,0.095,LOW,Low study time | High social outings | Alcohol consumption,LOW,Assign structured study timetable and peer mentoring | Advise on time management and reduced social distractions | Refer to wellness/counselling services
MS,F,15,portuguese,12,13,14,0,13.164170090121045,0.0,LOW,No significant risk factors identified,LOW,Continue current academic progress monitoring
MS,F,16,portuguese,10,8,8,1,8.369502164997467,0.755,CRITICAL,Low study time | Low second-period performance | Excessive free time,HIGH,Immediate academic counselling required | Assign structured study timetable and peer mentoring | Offer targeted tutoring for weak topics | Recommend supervised study groups
MS,M,15,portuguese,12,10,11,0,11.073045391424653,0.12,LOW,High absenteeism | Low study time | Alcohol consumption,LOW,Send attendance warning to student and guardian | Assign structured study timetable and peer mentoring | Refer to wellness/counselling services
MS,F,16,portuguese,7,7,8,1,6.520548332462582,0.905,CRITICAL,Previous academic failures | Low first-period performance | Low second-period performance | Poor health | Excessive free time,HIGH,Immediate academic counselling required | Refer to remedial classes for failed courses | Provide foundational revision sessions | Offer targeted tutoring for weak topics | Recommend medical check-up and health support | Recommend supervised study groups
MS,F,17,portuguese,9,9,10,0,9.786140881615806,0.16,LOW,Low study time | Low first-period performance | Low second-period performance | Excessive free time,LOW,Assign structured study timetable and peer mentoring | Provide foundational revision sessions | Offer targeted tutoring for weak topics | Recommend supervised study groups
MS,F,19,portuguese,9,9,10,0,8.38210110357466,0.66,HIGH,Previous academic failures | Low study time | Low first-period performance | Low second-period performance | High social outings | Poor health | Excessive free time,MEDIUM,Schedule meeting with academic adviser | Refer to remedial classes for failed courses | Assign structured study timetable and peer mentoring | Provide foundational revision sessions | Offer targeted tutoring for weak topics | Advise on time management and reduced social distractions | Recommend medical check-up and health support | Recommend supervised study groups
MS,F,17,portuguese,9,10,11,0,10.038115963080184,0.16,LOW,Low study time | Low first-period performance | Excessive free time,LOW,Assign structured study timetable and peer mentoring | Provide foundational revision sessions | Recommend supervised study groups
MS,F,15,portuguese,9,10,9,1,9.285905795703973,0.275,LOW,Low study time | Low first-period performance,LOW,Assign structured study timetable and peer mentoring | Provide foundational revision sessions
MS,F,16,portuguese,9,10,11,0,11.039805154474143,0.16,LOW,Low first-period performance | High social outings | Poor health | Excessive free time,LOW,Provide foundational revision sessions | Advise on time management and reduced social distractions | Recommend medical check-up and health support | Recommend supervised study groups
MS,F,16,portuguese,7,7,8,1,8.35954660366256,0.71,CRITICAL,High absenteeism | Low study time | Low first-period performance | Low second-period performance | High social outings | Poor health,HIGH,Immediate academic counselling required | Send attendance warning to student and guardian | Assign structured study timetable and peer mentoring | Provide foundational revision sessions | Offer targeted tutoring for weak topics | Advise on time management and reduced social distractions | Recommend medical check-up and health support
MS,F,17,portuguese,11,10,11,0,10.821598661021731,0.055,LOW,High social outings,LOW,Advise on time management and reduced social distractions
MS,F,16,portuguese,9,10,10,0,10.079129660794978,0.1,LOW,Previous academic failures | Low study time | Low first-period performance | Alcohol consumption | Excessive free time,LOW,Refer to remedial classes for failed courses | Assign structured study timetable and peer mentoring | Provide foundational revision sessions | Refer to wellness/counselling services | Recommend supervised study groups
MS,F,18,portuguese,7,9,10,0,9.481017648824915,0.215,LOW,Previous academic failures | High absenteeism | Low first-period performance | Low second-period performance | Poor health,LOW,Refer to remedial classes for failed courses | Send attendance warning to student and guardian | Provide foundational revision sessions | Offer targeted tutoring for weak topics | Recommend medical check-up and health support
MS,F,19,portuguese,7,9,9,1,9.181730191106885,0.855,CRITICAL,Previous academic failures | High absenteeism | Low first-period performance | Low second-period performance,HIGH,Immediate academic counselling required | Refer to remedial classes for failed courses | Send attendance warning to student and guardian | Provide foundational revision sessions | Offer targeted tutoring for weak topics
MS,M,18,portuguese,8,9,10,0,8.955945092736139,0.17,LOW,Previous academic failures | Low study time | Low first-period performance | Low second-period performance | Alcohol consumption | Excessive free time,LOW,Refer to remedial classes for failed courses | Assign structured study timetable and peer mentoring | Provide foundational revision sessions | Offer targeted tutoring for weak topics | Refer to wellness/counselling services | Recommend supervised study groups
MS,F,18,portuguese,9,11,10,0,10.67808983675779,0.065,LOW,Previous academic failures | Low study time | Low first-period performance | Poor health,LOW,Refer to remedial classes for failed courses | Assign structured study timetable and peer mentoring | Provide foundational revision sessions | Recommend medical check-up and health support
MS,F,19,portuguese,7,8,9,1,9.017010060806268,0.67,HIGH,Previous academic failures | High absenteeism | Low first-period performance | Low second-period performance | High social outings | Alcohol consumption | Poor health | Poor family relationship,MEDIUM,Schedule meeting with academic adviser | Refer to remedial classes for failed courses | Send attendance warning to student and guardian | Provide foundational revision sessions | Offer targeted tutoring for weak topics | Advise on time management and reduced social distractions | Refer to wellness/counselling services | Recommend medical check-up and health support | Suggest family engagement or counselling
MS,F,16,portuguese,8,10,10,0,10.573493290987436,0.14,LOW,Low first-period performance,LOW,Provide foundational revision sessions
MS,F,17,portuguese,9,9,10,0,10.107480409486351,0.095,LOW,Low study time | Low first-period performance | Low second-period performance | High social outings | Alcohol consumption | Poor family relationship | Excessive free time,LOW,Assign structured study timetable and peer mentoring | Provide foundational revision sessions | Offer targeted tutoring for weak topics | Advise on time management and reduced social distractions | Refer to wellness/counselling services | Suggest family engagement or counselling | Recommend supervised study groups
MS,F,16,portuguese,8,9,9,1,9.1257693555484,0.83,CRITICAL,Low first-period performance | Low second-period performance | High social outings | Excessive free time,HIGH,Immediate academic counselling required | Provide foundational revision sessions | Offer targeted tutoring for weak topics | Advise on time management and reduced social distractions | Recommend supervised study groups
MS,F,16,portuguese,14,13,13,0,13.77639062151842,0.045,LOW,Low study time | High social outings | Excessive free time,LOW,Assign structured study timetable and peer mentoring | Advise on time management and reduced social distractions | Recommend supervised study groups
MS,F,16,portuguese,14,14,14,0,14.187322877137731,0.01,LOW,Low study time | High social outings | Excessive free time,LOW,Assign structured study timetable and peer mentoring | Advise on time management and reduced social distractions | Recommend supervised study groups
MS,M,17,portuguese,10,11,10,0,10.17260757779034,0.085,LOW,Previous academic failures | High social outings | Alcohol consumption | Excessive free time,LOW,Refer to remedial classes for failed courses | Advise on time management and reduced social distractions | Refer to wellness/counselling services | Recommend supervised study groups
MS,F,16,portuguese,14,13,14,0,13.54037433690418,0.01,LOW,Poor health,LOW,Recommend medical check-up and health support
MS,F,16,portuguese,17,16,16,0,16.30877131858206,0.035,LOW,Low study time | High social outings,LOW,Assign structured study timetable and peer mentoring | Advise on time management and reduced social distractions
MS,M,17,portuguese,6,7,7,1,6.782733317077767,0.92,CRITICAL,Previous academic failures | High absenteeism | Low study time | Low first-period performance | Low second-period performance | High social outings | Alcohol consumption | Poor health,HIGH,Immediate academic counselling required | Refer to remedial classes for failed courses | Send attendance warning to student and guardian | Assign structured study timetable and peer mentoring | Provide foundational revision sessions | Offer targeted tutoring for weak topics | Advise on time management and reduced social distractions | Refer to wellness/counselling services | Recommend medical check-up and health support
MS,M,16,portuguese,14,12,13,0,12.977688478592082,0.08,LOW,High absenteeism | Low study time | High social outings | Alcohol consumption,LOW,Send attendance warning to student and guardian | Assign structured study timetable and peer mentoring | Advise on time management and reduced social distractions | Refer to wellness/counselling services
MS,M,17,portuguese,10,8,9,1,8.893470524646089,0.84,CRITICAL,Previous academic failures | Low second-period performance | High social outings | Alcohol consumption | Poor family relationship,HIGH,Immediate academic counselling required | Refer to remedial classes for failed courses | Offer targeted tutoring for weak topics | Advise on time management and reduced social distractions | Refer to wellness/counselling services | Suggest family engagement or counselling
MS,F,16,portuguese,14,14,14,0,13.952421892276123,0.035,LOW,Poor family relationship,LOW,Suggest family engagement or counselling
MS,F,19,portuguese,12,13,13,0,13.317155577599271,0.06,LOW,High social outings | Poor health | Excessive free time,LOW,Advise on time management and reduced social distractions | Recommend medical check-up and health support | Recommend supervised study groups
MS,F,17,portuguese,11,11,11,0,11.112264866203535,0.035,LOW,Low study time | High social outings | Excessive free time,LOW,Assign structured study timetable and peer mentoring | Advise on time management and reduced social distractions | Recommend supervised study groups
MS,F,20,portuguese,11,9,10,0,10.117016769091395,0.125,LOW,Previous academic failures | High absenteeism | Low second-period performance | High social outings | Alcohol consumption,LOW,Refer to remedial classes for failed courses | Send attendance warning to student and guardian | Offer targeted tutoring for weak topics | Advise on time management and reduced social distractions | Refer to wellness/counselling services
MS,F,17,portuguese,11,11,10,0,11.324614836692323,0.035,LOW,No significant risk factors identified,LOW,Continue current academic progress monitoring
MS,M,17,portuguese,10,9,9,1,9.338427215810807,0.735,CRITICAL,Previous academic failures | Low study time | Low second-period performance | High social outings | Excessive free time,HIGH,Immediate academic counselling required | Refer to remedial classes for failed courses | Assign structured study timetable and peer mentoring | Offer targeted tutoring for weak topics | Advise on time management and reduced social distractions | Recommend supervised study groups
MS,F,16,portuguese,16,17,18,0,17.629401417552156,0.01,LOW,Poor health,LOW,Recommend medical check-up and health support
MS,F,17,portuguese,15,17,17,0,17.213347732994016,0.005,LOW,Poor health,LOW,Recommend medical check-up and health support
MS,F,17,portuguese,11,9,10,0,10.21727759760092,0.05,LOW,Low second-period performance | High social outings | Excessive free time,LOW,Offer targeted tutoring for weak topics | Advise on time management and reduced social distractions | Recommend supervised study groups
MS,F,18,portuguese,7,7,7,1,8.268348847727136,0.945,CRITICAL,Previous academic failures | High absenteeism | Low first-period performance | Low second-period performance,HIGH,Immediate academic counselling required | Refer to remedial classes for failed courses | Send attendance warning to student and guardian | Provide foundational revision sessions | Offer targeted tutoring for weak topics
MS,F,16,portuguese,8,6,8,1,5.533688581543114,0.9,CRITICAL,Low study time | Low first-period performance | Low second-period performance | Poor health,HIGH,Immediate academic counselling required | Assign structured study timetable and peer mentoring | Provide foundational revision sessions | Offer targeted tutoring for weak topics | Recommend medical check-up and health support
MS,F,16,portuguese,7,6,7,1,7.468858457056238,0.895,CRITICAL,Low study time | Low first-period performance | Low second-period performance | Alcohol consumption,HIGH,Immediate academic counselling required | Assign structured study timetable and peer mentoring | Provide foundational revision sessions | Offer targeted tutoring for weak topics | Refer to wellness/counselling services
MS,F,18,portuguese,9,8,10,0,8.336608538391141,0.175,LOW,High absenteeism | Low first-period performance | Low second-period performance | High social outings | Alcohol consumption | Poor family relationship,LOW,Send attendance warning to student and guardian | Provide foundational revision sessions | Offer targeted tutoring for weak topics | Advise on time management and reduced social distractions | Refer to wellness/counselling services | Suggest family engagement or counselling
MS,F,16,portuguese,14,16,16,0,15.797875213663005,0.065,LOW,Poor health,LOW,Recommend medical check-up and health support
MS,F,16,portuguese,14,14,15,0,14.262183055929844,0.065,LOW,Low study time | High social outings | Alcohol consumption | Poor health | Excessive free time,LOW,Assign structured study timetable and peer mentoring | Advise on time management and reduced social distractions | Refer to wellness/counselling services | Recommend medical check-up and health support | Recommend supervised study groups
MS,F,18,portuguese,8,5,8,1,7.369544211616709,0.92,CRITICAL,Previous academic failures | High absenteeism | Low first-period performance | Low second-period performance | Poor health | Poor family relationship,HIGH,Immediate academic counselling required | Refer to remedial classes for failed courses | Send attendance warning to student and guardian | Provide foundational revision sessions | Offer targeted tutoring for weak topics | Recommend medical check-up and health support | Suggest family engagement or counselling
MS,M,16,portuguese,8,7,0,1,2.5939456422017133,0.89,CRITICAL,Low first-period performance | Low second-period performance | Poor health,HIGH,Immediate academic counselling required | Provide foundational revision sessions | Offer targeted tutoring for weak topics | Recommend medical check-up and health support
MS,F,16,portuguese,6,8,8,1,8.070079756678414,0.905,CRITICAL,High absenteeism | Low first-period performance | Low second-period performance,HIGH,Immediate academic counselling required | Send attendance warning to student and guardian | Provide foundational revision sessions | Offer targeted tutoring for weak topics
MS,F,16,portuguese,8,10,10,0,9.981092219934528,0.375,MODERATE,Low first-period performance | Poor health,LOW,Provide foundational revision sessions | Recommend medical check-up and health support
MS,F,16,portuguese,8,8,8,1,8.478664218375277,0.835,CRITICAL,Low first-period performance | Low second-period performance | High social outings,HIGH,Immediate academic counselling required | Provide foundational revision sessions | Offer targeted tutoring for weak topics | Advise on time management and reduced social distractions
MS,M,18,portuguese,5,6,6,1,5.856125612589533,0.925,CRITICAL,Low first-period performance | Low second-period performance | High social outings | Alcohol consumption | Excessive free time,HIGH,Immediate academic counselling required | Provide foundational revision sessions | Offer targeted tutoring for weak topics | Advise on time management and reduced social distractions | Refer to wellness/counselling services | Recommend supervised study groups
MS,F,16,portuguese,7,9,8,1,8.946287334107138,0.74,CRITICAL,Low first-period performance | Low second-period performance | Poor health,HIGH,Immediate academic counselling required | Provide foundational revision sessions | Offer targeted tutoring for weak topics | Recommend medical check-up and health support
MS,M,17,portuguese,15,14,16,0,14.528405501409726,0.005,LOW,Excessive free time,LOW,Recommend supervised study groups
MS,F,17,portuguese,13,14,14,0,14.524384882736825,0.03,LOW,Low study time,LOW,Assign structured study timetable and peer mentoring
MS,M,16,portuguese,10,9,10,0,9.828318721048886,0.25,LOW,Low second-period performance,LOW,Offer targeted tutoring for weak topics
MS,F,17,portuguese,9,9,9,1,9.47270931468532,0.8,CRITICAL,Low study time | Low first-period performance | Low second-period performance,HIGH,Immediate academic counselling required | Assign structured study timetable and peer mentoring | Provide foundational revision sessions | Offer targeted tutoring for weak topics
MS,F,16,portuguese,11,11,11,0,11.362918966670328,0.015,LOW,Low study time,LOW,Assign structured study timetable and peer mentoring
MS,M,17,portuguese,7,10,9,1,10.038020182884086,0.775,CRITICAL,High absenteeism | Low study time | Low first-period performance | High social outings | Alcohol consumption,HIGH,Immediate academic counselling required | Send attendance warning to student and guardian | Assign structured study timetable and peer mentoring | Provide foundational revision sessions | Advise on time management and reduced social distractions | Refer to wellness/counselling services
MS,M,17,portuguese,10,10,10,0,10.517932190112656,0.06,LOW,Alcohol consumption | Poor health,LOW,Refer to wellness/counselling services | Recommend medical check-up and health support
MS,M,16,portuguese,9,7,8,1,7.561003698758699,0.83,CRITICAL,Low first-period performance | Low second-period performance | Alcohol consumption,HIGH,Immediate academic counselling required | Provide foundational revision sessions | Offer targeted tutoring for weak topics | Refer to wellness/counselling services
MS,F,16,portuguese,14,15,16,0,15.436574359094502,0.01,LOW,No significant risk factors identified,LOW,Continue current academic progress monitoring
MS,M,16,portuguese,11,12,12,0,12.389889923595417,0.0,LOW,Low study time | Alcohol consumption,LOW,Assign structured study timetable and peer mentoring | Refer to wellness/counselling services
MS,M,15,portuguese,9,11,10,0,10.145767168477866,0.09,LOW,High absenteeism | Low first-period performance | High social outings | Excessive free time,LOW,Send attendance warning to student and guardian | Provide foundational revision sessions | Advise on time management and reduced social distractions | Recommend supervised study groups
MS,M,15,portuguese,13,14,14,0,14.106755919851397,0.08,LOW,High absenteeism | High social outings | Excessive free time,LOW,Send attendance warning to student and guardian | Advise on time management and reduced social distractions | Recommend supervised study groups
MS,M,15,portuguese,12,13,12,0,12.85694387079976,0.065,LOW,High absenteeism | Low study time,LOW,Send attendance warning to student and guardian | Assign structured study timetable and peer mentoring
MS,F,16,portuguese,11,11,11,0,11.309641840095694,0.02,LOW,No significant risk factors identified,LOW,Continue current academic progress monitoring
MS,F,16,portuguese,9,10,10,0,10.382902570072602,0.11,LOW,High absenteeism | Low first-period performance | High social outings | Poor health | Poor family relationship,LOW,Send attendance warning to student and guardian | Provide foundational revision sessions | Advise on time management and reduced social distractions | Recommend medical check-up and health support | Suggest family engagement or counselling
MS,F,17,portuguese,9,11,11,0,10.645120989711533,0.055,LOW,Low study time | Low first-period performance | Poor health,LOW,Assign structured study timetable and peer mentoring | Provide foundational revision sessions | Recommend medical check-up and health support
MS,F,17,portuguese,11,9,11,0,9.59270900279285,0.11,LOW,Low second-period performance,LOW,Offer targeted tutoring for weak topics
MS,F,16,portuguese,10,11,12,0,11.411958545301854,0.025,LOW,High social outings | Alcohol consumption,LOW,Advise on time management and reduced social distractions | Refer to wellness/counselling services
MS,M,17,portuguese,9,9,8,1,8.325404081083995,0.865,CRITICAL,Previous academic failures | Low study time | Low first-period performance | Low second-period performance,HIGH,Immediate academic counselling required | Refer to remedial classes for failed courses | Assign structured study timetable and peer mentoring | Provide foundational revision sessions | Offer targeted tutoring for weak topics
MS,M,17,portuguese,12,11,12,0,11.56341599898608,0.055,LOW,Low study time | Alcohol consumption,LOW,Assign structured study timetable and peer mentoring | Refer to wellness/counselling services
MS,M,17,portuguese,8,9,8,1,9.182658593022278,0.845,CRITICAL,Previous academic failures | High absenteeism | Low first-period performance | Low second-period performance | High social outings | Alcohol consumption | Excessive free time,HIGH,Immediate academic counselling required | Refer to remedial classes for failed courses | Send attendance warning to student and guardian | Provide foundational revision sessions | Offer targeted tutoring for weak topics | Advise on time management and reduced social distractions | Refer to wellness/counselling services | Recommend supervised study groups
MS,F,17,portuguese,13,15,16,0,15.357511559616533,0.03,LOW,High social outings,LOW,Advise on time management and reduced social distractions
MS,M,16,portuguese,10,11,11,0,11.073046232021813,0.015,LOW,Low study time | Poor health,LOW,Assign structured study timetable and peer mentoring | Recommend medical check-up and health support
MS,F,17,portuguese,11,10,11,0,10.636973936286983,0.03,LOW,High social outings | Excessive free time,LOW,Advise on time management and reduced social distractions | Recommend supervised study groups
MS,F,17,portuguese,17,18,18,0,17.511069931741556,0.025,LOW,No significant risk factors identified,LOW,Continue current academic progress monitoring
MS,M,16,portuguese,12,13,13,0,13.19280782973594,0.045,LOW,No significant risk factors identified,LOW,Continue current academic progress monitoring
MS,M,17,portuguese,13,14,13,0,13.931787301960265,0.02,LOW,Poor health,LOW,Recommend medical check-up and health support
MS,M,19,portuguese,9,9,10,0,10.034197537372314,0.16,LOW,Previous academic failures | Low first-period performance | Low second-period performance | Alcohol consumption | Excessive free time,LOW,Refer to remedial classes for failed courses | Provide foundational revision sessions | Offer targeted tutoring for weak topics | Refer to wellness/counselling services | Recommend supervised study groups
MS,M,17,portuguese,11,11,12,0,11.628200700920237,0.06,LOW,Low study time,LOW,Assign structured study timetable and peer mentoring
MS,F,17,portuguese,10,11,10,0,11.113026439941178,0.055,LOW,Low study time | High social outings | Excessive free time,LOW,Assign structured study timetable and peer mentoring | Advise on time management and reduced social distractions | Recommend supervised study groups
MS,F,16,portuguese,13,14,13,0,13.898338929488231,0.005,LOW,High social outings,LOW,Advise on time management and reduced social distractions
MS,M,16,portuguese,9,10,11,0,10.239175764050897,0.06,LOW,Low study time | Low first-period performance | High social outings | Alcohol consumption | Excessive free time,LOW,Assign structured study timetable and peer mentoring | Provide foundational revision sessions | Advise on time management and reduced social distractions | Refer to wellness/counselling services | Recommend supervised study groups
MS,F,17,portuguese,7,9,10,0,9.045579661959703,0.26,LOW,Previous academic failures | Low first-period performance | Low second-period performance | High social outings | Excessive free time,LOW,Refer to remedial classes for failed courses | Provide foundational revision sessions | Offer targeted tutoring for weak topics | Advise on time management and reduced social distractions | Recommend supervised study groups
MS,M,17,portuguese,8,13,10,0,10.681763662146205,0.145,LOW,Low study time | Low first-period performance | High social outings | Alcohol consumption | Excessive free time,LOW,Assign structured study timetable and peer mentoring | Provide foundational revision sessions | Advise on time management and reduced social distractions | Refer to wellness/counselling services | Recommend supervised study groups
MS,M,18,portuguese,12,12,13,0,12.580310096621197,0.04,LOW,Previous academic failures | Low study time,LOW,Refer to remedial classes for failed courses | Assign structured study timetable and peer mentoring
MS,M,17,portuguese,10,9,10,0,9.37358632115458,0.13,LOW,Low study time | Low second-period performance | High social outings | Poor health | Excessive free time,LOW,Assign structured study timetable and peer mentoring | Offer targeted tutoring for weak topics | Advise on time management and reduced social distractions | Recommend medical check-up and health support | Recommend supervised study groups
MS,M,18,portuguese,10,9,10,0,9.773472917110212,0.105,LOW,High absenteeism | Low second-period performance | Alcohol consumption,LOW,Send attendance warning to student and guardian | Offer targeted tutoring for weak topics | Refer to wellness/counselling services
MS,F,16,portuguese,11,13,12,0,12.997060953879782,0.015,LOW,Poor health | Excessive free time,LOW,Recommend medical check-up and health support | Recommend supervised study groups
MS,M,17,portuguese,7,0,0,1,-1.2016899115912083,0.92,CRITICAL,Previous academic failures | Low study time | Low first-period performance | Low second-period performance | Poor family relationship,HIGH,Immediate academic counselling required | Refer to remedial classes for failed courses | Assign structured study timetable and peer mentoring | Provide foundational revision sessions | Offer targeted tutoring for weak topics | Suggest family engagement or counselling
MS,M,16,portuguese,11,9,10,0,9.951957742779868,0.13,LOW,Low study time | Low second-period performance | High social outings | Excessive free time,LOW,Assign structured study timetable and peer mentoring | Offer targeted tutoring for weak topics | Advise on time management and reduced social distractions | Recommend supervised study groups
MS,M,16,portuguese,10,10,9,1,9.827883994122761,0.63,HIGH,Low study time | High social outings | Alcohol consumption | Excessive free time,MEDIUM,Schedule meeting with academic adviser | Assign structured study timetable and peer mentoring | Advise on time management and reduced social distractions | Refer to wellness/counselling services | Recommend supervised study groups
MS,M,18,portuguese,9,7,9,1,7.845244272252128,0.92,CRITICAL,Previous academic failures | Low study time | Low first-period performance | Low second-period performance,HIGH,Immediate academic counselling required | Refer to remedial classes for failed courses | Assign structured study timetable and peer mentoring | Provide foundational revision sessions | Offer targeted tutoring for weak topics
MS,M,18,portuguese,4,0,0,1,-0.023773529560415823,0.87,CRITICAL,Previous academic failures | Low study time | Low first-period performance | Low second-period performance | Poor family relationship,HIGH,Immediate academic counselling required | Refer to remedial classes for failed courses | Assign structured study timetable and peer mentoring | Provide foundational revision sessions | Offer targeted tutoring for weak topics | Suggest family engagement or counselling
MS,M,19,portuguese,6,11,9,1,9.522864983075856,0.46,MODERATE,Previous academic failures | Low study time | Low first-period performance,LOW,Refer to remedial classes for failed courses | Assign structured study timetable and peer mentoring | Provide foundational revision sessions
MS,M,18,portuguese,4,8,8,1,7.584946739684626,0.925,CRITICAL,Previous academic failures | High absenteeism | Low first-period performance | Low second-period performance | High social outings | Excessive free time,HIGH,Immediate academic counselling required | Refer to remedial classes for failed courses | Send attendance warning to student and guardian | Provide foundational revision sessions | Offer targeted tutoring for weak topics | Advise on time management and reduced social distractions | Recommend supervised study groups
MS,M,16,portuguese,7,8,8,1,7.6917371207325145,0.935,CRITICAL,High absenteeism | Low study time | Low first-period performance | Low second-period performance | Alcohol consumption | Excessive free time,HIGH,Immediate academic counselling required | Send attendance warning to student and guardian | Assign structured study timetable and peer mentoring | Provide foundational revision sessions | Offer targeted tutoring for weak topics | Refer to wellness/counselling services | Recommend supervised study groups
MS,M,19,portuguese,8,9,9,1,9.485402242486524,0.84,CRITICAL,Previous academic failures | Low study time | Low first-period performance | Low second-period performance | Excessive free time,HIGH,Immediate academic counselling required | Refer to remedial classes for failed courses | Assign structured study timetable and peer mentoring | Provide foundational revision sessions | Offer targeted tutoring for weak topics | Recommend supervised study groups
MS,F,16,portuguese,5,5,7,1,6.461938528143234,0.91,CRITICAL,Previous academic failures | High absenteeism | Low first-period performance | Low second-period performance | High social outings | Poor health | Poor family relationship | Excessive free time,HIGH,Immediate academic counselling required | Refer to remedial classes for failed courses | Send attendance warning to student and guardian | Provide foundational revision sessions | Offer targeted tutoring for weak topics | Advise on time management and reduced social distractions | Recommend medical check-up and health support | Suggest family engagement or counselling | Recommend supervised study groups
MS,F,17,portuguese,7,9,10,0,9.421039829117339,0.565,HIGH,High absenteeism | Low study time | Low first-period performance | Low second-period performance,MEDIUM,Schedule meeting with academic adviser | Send attendance warning to student and guardian | Assign structured study timetable and peer mentoring | Provide foundational revision sessions | Offer targeted tutoring for weak topics
MS,M,20,portuguese,8,11,10,0,10.316682819686818,0.135,LOW,Previous academic failures | High absenteeism | Low study time | Low first-period performance | Alcohol consumption | Excessive free time,LOW,Refer to remedial classes for failed courses | Send attendance warning to student and guardian | Assign structured study timetable and peer mentoring | Provide foundational revision sessions | Refer to wellness/counselling services | Recommend supervised study groups
MS,F,18,portuguese,10,11,10,0,11.413559767371227,0.01,LOW,High absenteeism | Low study time | High social outings | Alcohol consumption | Poor health | Excessive free time,LOW,Send attendance warning to student and guardian | Assign structured study timetable and peer mentoring | Advise on time management and reduced social distractions | Refer to wellness/counselling services | Recommend medical check-up and health support | Recommend supervised study groups
MS,M,18,portuguese,9,10,11,0,10.419483975530632,0.115,LOW,High absenteeism | Low study time | Low first-period performance | High social outings | Alcohol consumption | Poor family relationship | Excessive free time,LOW,Send attendance warning to student and guardian | Assign structured study timetable and peer mentoring | Provide foundational revision sessions | Advise on time management and reduced social distractions | Refer to wellness/counselling services | Suggest family engagement or counselling | Recommend supervised study groups
MS,M,19,portuguese,10,9,11,0,9.97060746406198,0.16,LOW,Previous academic failures | High absenteeism | Low second-period performance | High social outings | Alcohol consumption | Poor health | Excessive free time,LOW,Refer to remedial classes for failed courses | Send attendance warning to student and guardian | Offer targeted tutoring for weak topics | Advise on time management and reduced social distractions | Refer to wellness/counselling services | Recommend medical check-up and health support | Recommend supervised study groups
MS,M,17,portuguese,8,9,10,0,9.889887682607325,0.56,HIGH,Previous academic failures | Low first-period performance | Low second-period performance | High social outings | Excessive free time,MEDIUM,Schedule meeting with academic adviser | Refer to remedial classes for failed courses | Provide foundational revision sessions | Offer targeted tutoring for weak topics | Advise on time management and reduced social distractions | Recommend supervised study groups
MS,M,18,portuguese,9,10,9,1,9.468599306063263,0.69,HIGH,Low study time | Low first-period performance,MEDIUM,Schedule meeting with academic adviser | Assign structured study timetable and peer mentoring | Provide foundational revision sessions
MS,M,19,portuguese,8,9,10,0,9.87045707107753,0.19,LOW,Previous academic failures | Low study time | Low first-period performance | Low second-period performance | High social outings | Alcohol consumption | Excessive free time,LOW,Refer to remedial classes for failed courses | Assign structured study timetable and peer mentoring | Provide foundational revision sessions | Offer targeted tutoring for weak topics | Advise on time management and reduced social distractions | Refer to wellness/counselling services | Recommend supervised study groups
MS,F,18,portuguese,6,8,8,1,8.25670407230013,0.94,CRITICAL,Previous academic failures | Low first-period performance | Low second-period performance,HIGH,Immediate academic counselling required | Refer to remedial classes for failed courses | Provide foundational revision sessions | Offer targeted tutoring for weak topics
MS,F,19,portuguese,6,8,7,1,7.412193001888641,0.72,CRITICAL,Low study time | Low first-period performance | Low second-period performance | High social outings | Poor family relationship | Excessive free time,HIGH,Immediate academic counselling required | Assign structured study timetable and peer mentoring | Provide foundational revision sessions | Offer targeted tutoring for weak topics | Advise on time management and reduced social distractions | Suggest family engagement or counselling | Recommend supervised study groups
MS,F,18,portuguese,8,6,0,1,3.3438618903751256,0.895,CRITICAL,Previous academic failures | Low study time | Low first-period performance | Low second-period performance | High social outings | Excessive free time,HIGH,Immediate academic counselling required | Refer to remedial classes for failed courses | Assign structured study timetable and peer mentoring | Provide foundational revision sessions | Offer targeted tutoring for weak topics | Advise on time management and reduced social distractions | Recommend supervised study groups
MS,F,17,portuguese,10,11,11,0,10.952272541577218,0.055,LOW,Low study time | Excessive free time,LOW,Assign structured study timetable and peer mentoring | Recommend supervised study groups
MS,F,17,portuguese,8,7,8,1,8.806712335456185,0.86,CRITICAL,Low first-period performance | Low second-period performance,HIGH,Immediate academic counselling required | Provide foundational revision sessions | Offer targeted tutoring for weak topics
MS,F,17,portuguese,8,8,0,1,4.73868351029852,0.905,CRITICAL,Low first-period performance | Low second-period performance | High social outings | Excessive free time,HIGH,Immediate academic counselling required | Provide foundational revision sessions | Offer targeted tutoring for weak topics | Advise on time management and reduced social distractions | Recommend supervised study groups
MS,F,18,portuguese,7,6,8,1,7.589603384082101,0.83,CRITICAL,Previous academic failures | Low first-period performance | Low second-period performance | Poor family relationship,HIGH,Immediate academic counselling required | Refer to remedial classes for failed courses | Provide foundational revision sessions | Offer targeted tutoring for weak topics | Suggest family engagement or counselling
MS,F,17,portuguese,8,10,9,1,9.54834195297123,0.795,CRITICAL,Low study time | Low first-period performance,HIGH,Immediate academic counselling required | Assign structured study timetable and peer mentoring | Provide foundational revision sessions
MS,F,17,portuguese,7,10,10,0,10.06669172463767,0.41,MODERATE,Low study time | Low first-period performance | Excessive free time,LOW,Assign structured study timetable and peer mentoring | Provide foundational revision sessions | Recommend supervised study groups
MS,F,18,portuguese,7,8,7,1,8.038470278019112,0.905,CRITICAL,Previous academic failures | Low first-period performance | Low second-period performance | High social outings | Excessive free time,HIGH,Immediate academic counselling required | Refer to remedial classes for failed courses | Provide foundational revision sessions | Offer targeted tutoring for weak topics | Advise on time management and reduced social distractions | Recommend supervised study groups
MS,F,18,portuguese,12,13,14,0,13.390874554919666,0.0,LOW,High social outings | Poor health,LOW,Advise on time management and reduced social distractions | Recommend medical check-up and health support
MS,F,17,portuguese,11,12,13,0,12.879374773004855,0.005,LOW,Low study time | Excessive free time,LOW,Assign structured study timetable and peer mentoring | Recommend supervised study groups
MS,F,18,portuguese,12,13,14,0,13.029946391258157,0.02,LOW,Excessive free time,LOW,Recommend supervised study groups
MS,F,18,portuguese,18,18,18,0,17.73403385293535,0.01,LOW,High social outings | Poor health,LOW,Advise on time management and reduced social distractions | Recommend medical check-up and health support
MS,M,18,portuguese,17,17,17,0,17.310400355236396,0.025,LOW,Low study time | High social outings | Excessive free time,LOW,Assign structured study timetable and peer mentoring | Advise on time management and reduced social distractions | Recommend supervised study groups
MS,F,17,portuguese,17,18,18,0,18.03787650707751,0.0,LOW,No significant risk factors identified,LOW,Continue current academic progress monitoring
MS,F,18,portuguese,9,0,0,1,0.03531394212566376,0.885,CRITICAL,Previous academic failures | Low first-period performance | Low second-period performance,HIGH,Immediate academic counselling required | Refer to remedial classes for failed courses | Provide foundational revision sessions | Offer targeted tutoring for weak topics
MS,M,18,portuguese,10,11,11,0,11.621505096428004,0.07,LOW,High absenteeism | Low study time | High social outings | Alcohol consumption | Poor health,LOW,Send attendance warning to student and guardian | Assign structured study timetable and peer mentoring | Advise on time management and reduced social distractions | Refer to wellness/counselling services | Recommend medical check-up and health support
MS,M,18,portuguese,12,13,14,0,13.249648344815085,0.015,LOW,Low study time | High social outings | Poor health | Poor family relationship | Excessive free time,LOW,Assign structured study timetable and peer mentoring | Advise on time management and reduced social distractions | Recommend medical check-up and health support | Suggest family engagement or counselling | Recommend supervised study groups
MS,M,17,portuguese,12,13,14,0,13.612973893062449,0.03,LOW,Low study time | Alcohol consumption,LOW,Assign structured study timetable and peer mentoring | Refer to wellness/counselling services
MS,F,18,portuguese,8,8,10,0,9.32839635729538,0.31,MODERATE,Low first-period performance | Low second-period performance | Poor health | Poor family relationship,LOW,Provide foundational revision sessions | Offer targeted tutoring for weak topics | Recommend medical check-up and health support | Suggest family engagement or counselling
MS,F,18,portuguese,11,12,13,0,12.4627067050655,0.025,LOW,High social outings | Alcohol consumption | Excessive free time,LOW,Advise on time management and reduced social distractions | Refer to wellness/counselling services | Recommend supervised study groups
MS,F,18,portuguese,5,0,0,1,-0.12064197576488372,0.68,HIGH,Low first-period performance | Low second-period performance,MEDIUM,Schedule meeting with academic adviser | Provide foundational revision sessions | Offer targeted tutoring for weak topics
MS,F,18,portuguese,9,10,10,0,10.587119202717895,0.105,LOW,Previous academic failures | Low first-period performance | Poor health | Excessive free time,LOW,Refer to remedial classes for failed courses | Provide foundational revision sessions | Recommend medical check-up and health support | Recommend supervised study groups
MS,F,19,portuguese,5,0,0,1,0.10713921643467476,0.945,CRITICAL,Previous academic failures | Low study time | Low first-period performance | Low second-period performance | High social outings | Poor health | Excessive free time,HIGH,Immediate academic counselling required | Refer to remedial classes for failed courses | Assign structured study timetable and peer mentoring | Provide foundational revision sessions | Offer targeted tutoring for weak topics | Advise on time management and reduced social distractions | Recommend medical check-up and health support | Recommend supervised study groups
MS,F,17,portuguese,18,18,18,0,17.852009178285535,0.01,LOW,Alcohol consumption,LOW,Refer to wellness/counselling services
MS,F,17,portuguese,11,11,12,0,11.455517307323861,0.01,LOW,Poor health,LOW,Recommend medical check-up and health support
MS,F,18,portuguese,8,10,11,0,10.461525733684155,0.13,LOW,Low first-period performance,LOW,Provide foundational revision sessions
MS,F,18,portuguese,11,11,12,0,11.03606174673627,0.065,LOW,No significant risk factors identified,LOW,Continue current academic progress monitoring
MS,F,19,portuguese,8,0,0,1,0.16812982755757566,0.94,CRITICAL,Previous academic failures | Low first-period performance | Low second-period performance | High social outings | Alcohol consumption | Poor health | Excessive free time,HIGH,Immediate academic counselling required | Refer to remedial classes for failed courses | Provide foundational revision sessions | Offer targeted tutoring for weak topics | Advise on time management and reduced social distractions | Refer to wellness/counselling services | Recommend medical check-up and health support | Recommend supervised study groups
MS,F,18,portuguese,14,14,15,0,14.56149131606761,0.025,LOW,No significant risk factors identified,LOW,Continue current academic progress monitoring
MS,M,17,portuguese,10,11,11,0,10.891350293452328,0.085,LOW,Previous academic failures | High social outings | Poor health | Excessive free time,LOW,Refer to remedial classes for failed courses | Advise on time management and reduced social distractions | Recommend medical check-up and health support | Recommend supervised study groups
MS,F,18,portuguese,10,10,10,0,10.375497758669447,0.06,LOW,High social outings,LOW,Advise on time management and reduced social distractions
MS,F,17,portuguese,12,12,12,0,12.372356455674717,0.005,LOW,No significant risk factors identified,LOW,Continue current academic progress monitoring
MS,F,17,portuguese,15,14,15,0,14.844234747574701,0.05,LOW,Poor family relationship,LOW,Suggest family engagement or counselling
MS,M,18,portuguese,14,13,14,0,13.29530444592758,0.02,LOW,Low study time,LOW,Assign structured study timetable and peer mentoring
MS,F,18,portuguese,19,17,18,0,17.40348629986703,0.015,LOW,No significant risk factors identified,LOW,Continue current academic progress monitoring
MS,F,18,portuguese,16,15,15,0,15.29149027590236,0.04,LOW,High social outings | Alcohol consumption,LOW,Advise on time management and reduced social distractions | Refer to wellness/counselling services
MS,F,18,portuguese,13,12,13,0,13.114888651364351,0.0,LOW,High absenteeism,LOW,Send attendance warning to student and guardian
MS,F,17,portuguese,15,14,15,0,14.95397366416666,0.02,LOW,High social outings | Poor health | Poor family relationship,LOW,Advise on time management and reduced social distractions | Recommend medical check-up and health support | Suggest family engagement or counselling
MS,F,17,portuguese,13,13,13,0,13.343523819523075,0.015,LOW,No significant risk factors identified,LOW,Continue current academic progress monitoring
MS,M,18,portuguese,8,10,9,1,9.67142133724871,0.77,CRITICAL,Low first-period performance | High social outings | Alcohol consumption,HIGH,Immediate academic counselling required | Provide foundational revision sessions | Advise on time management and reduced social distractions | Refer to wellness/counselling services
MS,M,18,portuguese,15,16,16,0,16.045600636414946,0.01,LOW,No significant risk factors identified,LOW,Continue current academic progress monitoring
MS,F,17,portuguese,8,8,9,1,5.641116094416207,0.915,CRITICAL,Previous academic failures | Low study time | Low first-period performance | Low second-period performance | Poor health,HIGH,Immediate academic counselling required | Refer to remedial classes for failed courses | Assign structured study timetable and peer mentoring | Provide foundational revision sessions | Offer targeted tutoring for weak topics | Recommend medical check-up and health support
MS,F,18,portuguese,10,10,10,0,10.50006246900661,0.005,LOW,Low study time,LOW,Assign structured study timetable and peer mentoring
MS,F,18,portuguese,7,5,0,1,0.3886699778752627,0.89,CRITICAL,Low first-period performance | Low second-period performance | Alcohol consumption,HIGH,Immediate academic counselling required | Provide foundational revision sessions | Offer targeted tutoring for weak topics | Refer to wellness/counselling services
MS,M,18,portuguese,9,10,10,0,10.070678775928053,0.14,LOW,Low study time | Low first-period performance,LOW,Assign structured study timetable and peer mentoring | Provide foundational revision sessions
MS,F,17,portuguese,10,11,12,0,11.177436722363945,0.015,LOW,High absenteeism | Excessive free time,LOW,Send attendance warning to student and guardian | Recommend supervised study groups
MS,F,17,portuguese,7,8,9,1,8.631316683946208,0.95,CRITICAL,Low study time | Low first-period performance | Low second-period performance | High social outings | Poor health | Excessive free time,HIGH,Immediate academic counselling required | Assign structured study timetable and peer mentoring | Provide foundational revision sessions | Offer targeted tutoring for weak topics | Advise on time management and reduced social distractions | Recommend medical check-up and health support | Recommend supervised study groups
MS,F,18,portuguese,15,17,17,0,17.42668669442285,0.01,LOW,High social outings | Poor health | Excessive free time,LOW,Advise on time management and reduced social distractions | Recommend medical check-up and health support | Recommend supervised study groups
MS,F,18,portuguese,10,11,12,0,12.25501762186521,0.035,LOW,No significant risk factors identified,LOW,Continue current academic progress monitoring
MS,F,19,portuguese,7,8,9,1,8.771742442741779,0.94,CRITICAL,Previous academic failures | Low first-period performance | Low second-period performance,HIGH,Immediate academic counselling required | Refer to remedial classes for failed courses | Provide foundational revision sessions | Offer targeted tutoring for weak topics
MS,F,18,portuguese,13,14,14,0,14.18642363362224,0.01,LOW,Alcohol consumption | Poor health | Excessive free time,LOW,Refer to wellness/counselling services | Recommend medical check-up and health support | Recommend supervised study groups
MS,F,18,portuguese,16,16,16,0,16.390438073178082,0.0,LOW,Poor health,LOW,Recommend medical check-up and health support
MS,F,17,portuguese,8,9,9,1,9.692804743200485,0.885,CRITICAL,High absenteeism | Low first-period performance | Low second-period performance | High social outings | Poor health | Excessive free time,HIGH,Immediate academic counselling required | Send attendance warning to student and guardian | Provide foundational revision sessions | Offer targeted tutoring for weak topics | Advise on time management and reduced social distractions | Recommend medical check-up and health support | Recommend supervised study groups
MS,M,18,portuguese,17,18,19,0,18.222626670737714,0.01,LOW,High social outings | Alcohol consumption | Poor health,LOW,Advise on time management and reduced social distractions | Refer to wellness/counselling services | Recommend medical check-up and health support
MS,M,18,portuguese,7,7,0,1,2.5188943675002466,0.76,CRITICAL,Low study time | Low first-period performance | Low second-period performance | Excessive free time,HIGH,Immediate academic counselling required | Assign structured study timetable and peer mentoring | Provide foundational revision sessions | Offer targeted tutoring for weak topics | Recommend supervised study groups
MS,M,17,portuguese,14,15,16,0,15.3219808263111,0.005,LOW,Excessive free time,LOW,Recommend supervised study groups
MS,M,19,portuguese,5,8,0,1,0.9001618593153715,0.9,CRITICAL,Previous academic failures | Low study time | Low first-period performance | Low second-period performance,HIGH,Immediate academic counselling required | Refer to remedial classes for failed courses | Assign structured study timetable and peer mentoring | Provide foundational revision sessions | Offer targeted tutoring for weak topics
MS,M,18,portuguese,7,7,0,1,0.960751123277182,0.91,CRITICAL,Previous academic failures | Low study time | Low first-period performance | Low second-period performance | Alcohol consumption | Excessive free time,HIGH,Immediate academic counselling required | Refer to remedial classes for failed courses | Assign structured study timetable and peer mentoring | Provide foundational revision sessions | Offer targeted tutoring for weak topics | Refer to wellness/counselling services | Recommend supervised study groups
MS,F,18,portuguese,14,17,15,0,16.73528850400079,0.03,LOW,No significant risk factors identified,LOW,Continue current academic progress monitoring
MS,F,17,portuguese,6,9,11,0,9.817874062176504,0.22,LOW,Low first-period performance | Low second-period performance | High social outings | Poor health | Excessive free time,LOW,Provide foundational revision sessions | Offer targeted tutoring for weak topics | Advise on time management and reduced social distractions | Recommend medical check-up and health support | Recommend supervised study groups
MS,F,18,portuguese,7,9,10,0,9.408892598147075,0.26,LOW,Low study time | Low first-period performance | Low second-period performance | Excessive free time,LOW,Assign structured study timetable and peer mentoring | Provide foundational revision sessions | Offer targeted tutoring for weak topics | Recommend supervised study groups
MS,F,19,portuguese,10,11,10,0,10.908409804055651,0.05,LOW,Previous academic failures | Excessive free time,LOW,Refer to remedial classes for failed courses | Recommend supervised study groups
MS,F,18,portuguese,15,15,16,0,15.830617894734974,0.035,LOW,High social outings | Poor health,LOW,Advise on time management and reduced social distractions | Recommend medical check-up and health support
MS,F,18,portuguese,11,12,9,1,11.135690900827917,0.69,HIGH,High absenteeism | Poor family relationship,MEDIUM,Schedule meeting with academic adviser | Send attendance warning to student and guardian | Suggest family engagement or counselling
MS,M,17,portuguese,10,10,10,0,10.796815404209958,0.035,LOW,High absenteeism | Low study time | High social outings | Alcohol consumption | Poor health | Poor family relationship | Excessive free time,LOW,Send attendance warning to student and guardian | Assign structured study timetable and peer mentoring | Advise on time management and reduced social distractions | Refer to wellness/counselling services | Recommend medical check-up and health support | Suggest family engagement or counselling | Recommend supervised study groups
MS,M,18,portuguese,10,11,11,0,11.032212118830534,0.03,LOW,Low study time | Alcohol consumption | Excessive free time,LOW,Assign structured study timetable and peer mentoring | Refer to wellness/counselling services | Recommend supervised study groups
